sample_id,noise,p,state_syndrome,true_error,action,corrected_error,next_syndrome,reward,success
0,bitflip,0.07,1100,IIXII,IYIII,IYXII,0001,-1,0
1,bitflip,0.07,0000,IIIII,IIIII,IIIII,0000,1,1
2,bitflip,0.07,0000,IIIII,IIIII,IIIII,0000,1,1
3,bitflip,0.07,0000,IIIII,IIIII,IIIII,0000,1,1
4,bitflip,0.07,0000,IIIII,IIIII,IIIII,0000,1,1
5,bitflip,0.07,0001,XIIII,XIIII,IIIII,0000,1,1
6,bitflip,0.07,0000,IIIII,IIIII,IIIII,0000,1,1
7,bitflip,0.07,0000,IIIII,IIIII,IIIII,0000,1,1
8,bitflip,0.07,0000,IIIII,IIIII,IIIII,0000,1,1
9,bitflip,0.07,0000,IIIII,IIIII,IIIII,0000,1,1
10,bitflip,0.07,0000,IIIII,IIIII,IIIII,0000,1,1
11,bitflip,0.07,0000,IIIII,IIIII,IIIII,0000,1,1
12,bitflip,0.07,0000,IIIII,IIIII,IIIII,0000,1,1
13,bitflip,0.07,0000,IIIII,IIIII,IIIII,0000,1,1
14,bitflip,0.07,0000,IIIII,IIIII,IIIII,0000,1,1
15,bitflip,0.07,0000,IIIII,IIIII,IIIII,0000,1,1
16,bitflip,0.07,0000,IIIII,IIIII,IIIII,0000,1,1
17,bitflip,0.07,0000,IIIII,IIIII,IIIII,0000,1,1
18,bitflip,0.07,0000,IIIII,IIIII,IIIII,0000,1,1
19,bitflip,0.07,0000,IIIII,IIIII,IIIII,0000,1,1
20,bitflip,0.07,0000,IIIII,IIIII,IIIII,0000,1,1
21,bitflip,0.07,0000,IIIII,IIIII,IIIII,0000,1,1
22,bitflip,0.07,0000,IIIII,IIIII,IIIII,0000,1,1
23,bitflip,0.07,0000,IIIII,IIIII,IIIII,0000,1,1
24,bitflip,0.07,0000,IIIII,IIIII,IIIII,0000,1,1
25,bitflip,0.07,0000,IIIII,IIIII,IIIII,0000,1,1
26,bitflip,0.07,0001,XIIII,XIIII,IIIII,0000,1,1
27,bitflip,0.07,1000,IXIII,IXIII,IIIII,0000,1,1
28,bitflip,0.07,0000,IIIII,IIIII,IIIII,0000,1,1
29,bitflip,0.07,0000,IIIII,IIIII,IIIII,0000,1,1
30,bitflip,0.07,0110,IIIXI,IIIXI,IIIII,0000,1,1
31,bitflip,0.07,0000,IIIII,IIIII,IIIII,0000,1,1
32,bitflip,0.07,0000,IIIII,IIIII,IIIII,0000,1,1
33,bitflip,0.07,0000,IIIII,IIIII,IIIII,0000,1,1
34,bitflip,0.07,0000,IIIII,IIIII,IIIII,0000,1,1
35,bitflip,0.07,0000,IIIII,IIIII,IIIII,0000,1,1
36,bitflip,0.07,1010,IIXXI,XIIII,XIXXI,1011,-1,0
37,bitflip,0.07,1100,IIXII,IYIII,IYXII,0001,-1,0
38,bitflip,0.07,0000,IIIII,IIIII,IIIII,0000,1,1
39,bitflip,0.07,0000,IIIII,IIIII,IIIII,0000,1,1
40,bitflip,0.07,0000,IIIII,IIIII,IIIII,0000,1,1
41,bitflip,0.07,0000,IIIII,IIIII,IIIII,0000,1,1
42,bitflip,0.07,0000,IIIII,IIIII,IIIII,0000,1,1
43,bitflip,0.07,0000,IIIII,IIIII,IIIII,0000,1,1
44,bitflip,0.07,0000,IIIII,IIIII,IIIII,0000,1,1
45,bitflip,0.07,0000,IIIII,IIIII,IIIII,0000,1,1
46,bitflip,0.07,0000,IIIII,IIIII,IIIII,0000,1,1
47,bitflip,0.07,0100,IXXII,IXIII,IIXII,1100,-1,0
48,bitflip,0.07,1100,IIXII,IYIII,IYXII,0001,-1,0
49,bitflip,0.07,1000,IXIII,IXIII,IIIII,0000,1,1
50,bitflip,0.07,1100,IIXII,IYIII,IYXII,0001,-1,0
51,bitflip,0.07,0000,IIIII,IIIII,IIIII,0000,1,1
52,bitflip,0.07,1000,IXIII,IXIII,IIIII,0000,1,1
53,bitflip,0.07,1100,IIXII,IYIII,IYXII,0001,-1,0
54,bitflip,0.07,1100,IIXII,IYIII,IYXII,0001,-1,0
55,bitflip,0.07,0000,IIIII,IIIII,IIIII,0000,1,1
56,bitflip,0.07,0000,IIIII,IIIII,IIIII,0000,1,1
57,bitflip,0.07,0000,IIIII,IIIII,IIIII,0000,1,1
58,bitflip,0.07,0001,XIIII,XIIII,IIIII,0000,1,1
59,bitflip,0.07,0000,IIIII,IIIII,IIIII,0000,1,1
60,bitflip,0.07,1101,XIXII,YIIII,ZIXII,0110,-1,0
61,bitflip,0.07,0000,IIIII,IIIII,IIIII,0000,1,1
62,bitflip,0.07,0000,IIIII,IIIII,IIIII,0000,1,1
63,bitflip,0.07,0001,XIIII,XIIII,IIIII,0000,1,1
64,bitflip,0.07,0000,IIIII,IIIII,IIIII,0000,1,1
65,bitflip,0.07,0000,IIIII,IIIII,IIIII,0000,1,1
66,bitflip,0.07,0010,XIIIX,XIIII,IIIIX,0011,-1,0
67,bitflip,0.07,0000,IIIII,IIIII,IIIII,0000,1,1
68,bitflip,0.07,0000,IIIII,IIIII,IIIII,0000,1,1
69,bitflip,0.07,0000,IIIII,IIIII,IIIII,0000,1,1
70,bitflip,0.07,0000,IIIII,IIIII,IIIII,0000,1,1
71,bitflip,0.07,0000,IIIII,IIIII,IIIII,0000,1,1
72,bitflip,0.07,0110,IIIXI,IIIXI,IIIII,0000,1,1
73,bitflip,0.07,1000,IXIII,IXIII,IIIII,0000,1,1
74,bitflip,0.07,0000,IIIII,IIIII,IIIII,0000,1,1
75,bitflip,0.07,1001,XXIII,IIIZI,XXIZI,0000,-1,0
76,bitflip,0.07,0000,IIIII,IIIII,IIIII,0000,1,1
77,bitflip,0.07,0000,IIIII,IIIII,IIIII,0000,1,1
78,bitflip,0.07,0000,IIIII,IIIII,IIIII,0000,1,1
79,bitflip,0.07,0011,IIIIX,IZIII,IZIIX,0110,-1,0
80,bitflip,0.07,0000,IIIII,IIIII,IIIII,0000,1,1
81,bitflip,0.07,0000,IIIII,IIIII,IIIII,0000,1,1
82,bitflip,0.07,1100,IIXII,IYIII,IYXII,0001,-1,0
83,bitflip,0.07,0011,IIIIX,IZIII,IZIIX,0110,-1,0
84,bitflip,0.07,0000,IIIII,IIIII,IIIII,0000,1,1
85,bitflip,0.07,0000,IIIII,IIIII,IIIII,0000,1,1
86,bitflip,0.07,0000,IIIII,IIIII,IIIII,0000,1,1
87,bitflip,0.07,0000,IIIII,IIIII,IIIII,0000,1,1
88,bitflip,0.07,0000,IIIII,IIIII,IIIII,0000,1,1
89,bitflip,0.07,0000,IIIII,IIIII,IIIII,0000,1,1
90,bitflip,0.07,0000,IIIII,IIIII,IIIII,0000,1,1
91,bitflip,0.07,0000,IIIII,IIIII,IIIII,0000,1,1
92,bitflip,0.07,0000,IIIII,IIIII,IIIII,0000,1,1
93,bitflip,0.07,0000,IIIII,IIIII,IIIII,0000,1,1
94,bitflip,0.07,0011,IIIIX,IZIII,IZIIX,0110,-1,0
95,bitflip,0.07,0000,IIIII,IIIII,IIIII,0000,1,1
96,bitflip,0.07,0011,IIIIX,IZIII,IZIIX,0110,-1,0
97,bitflip,0.07,0000,IIIII,IIIII,IIIII,0000,1,1
98,bitflip,0.07,0000,IIIII,IIIII,IIIII,0000,1,1
99,bitflip,0.07,0011,IIIIX,IZIII,IZIIX,0110,-1,0
100,bitflip,0.07,0000,IIIII,IIIII,IIIII,0000,1,1
101,bitflip,0.07,0000,IIIII,IIIII,IIIII,0000,1,1
102,bitflip,0.07,0000,IIIII,IIIII,IIIII,0000,1,1
103,bitflip,0.07,0000,IIIII,IIIII,IIIII,0000,1,1
104,bitflip,0.07,0001,XIIII,XIIII,IIIII,0000,1,1
105,bitflip,0.07,0010,XIIIX,XIIII,IIIIX,0011,-1,0
106,bitflip,0.07,0000,IIIII,IIIII,IIIII,0000,1,1
107,bitflip,0.07,0000,IIIII,IIIII,IIIII,0000,1,1
108,bitflip,0.07,0000,IIIII,IIIII,IIIII,0000,1,1
109,bitflip,0.07,0000,IIIII,IIIII,IIIII,0000,1,1
110,bitflip,0.07,0000,IIIII,IIIII,IIIII,0000,1,1
111,bitflip,0.07,0000,IIIII,IIIII,IIIII,0000,1,1
112,bitflip,0.07,0000,IIIII,IIIII,IIIII,0000,1,1
113,bitflip,0.07,0000,IIIII,IIIII,IIIII,0000,1,1
114,bitflip,0.07,0000,IIIII,IIIII,IIIII,0000,1,1
115,bitflip,0.07,1100,IIXII,IYIII,IYXII,0001,-1,0
116,bitflip,0.07,0011,IIIIX,IZIII,IZIIX,0110,-1,0
117,bitflip,0.07,0000,IIIII,IIIII,IIIII,0000,1,1
118,bitflip,0.07,0110,IIIXI,IIIXI,IIIII,0000,1,1
119,bitflip,0.07,0010,IXXXI,XIIII,XXXXI,0011,-1,0
120,bitflip,0.07,0000,IIIII,IIIII,IIIII,0000,1,1
121,bitflip,0.07,0110,IIIXI,IIIXI,IIIII,0000,1,1
122,bitflip,0.07,0000,IIIII,IIIII,IIIII,0000,1,1
123,bitflip,0.07,0000,IIIII,IIIII,IIIII,0000,1,1
124,bitflip,0.07,0000,IIIII,IIIII,IIIII,0000,1,1
125,bitflip,0.07,0000,IIIII,IIIII,IIIII,0000,1,1
126,bitflip,0.07,0000,IIIII,IIIII,IIIII,0000,1,1
127,bitflip,0.07,0001,XIIII,XIIII,IIIII,0000,1,1
128,bitflip,0.07,1000,IXIII,IXIII,IIIII,0000,1,1
129,bitflip,0.07,0000,IIIII,IIIII,IIIII,0000,1,1
130,bitflip,0.07,0000,IIIII,IIIII,IIIII,0000,1,1
131,bitflip,0.07,0000,IIIII,IIIII,IIIII,0000,1,1
132,bitflip,0.07,1010,IIXXI,XIIII,XIXXI,1011,-1,0
133,bitflip,0.07,0000,IIIII,IIIII,IIIII,0000,1,1
134,bitflip,0.07,0011,IIIIX,IZIII,IZIIX,0110,-1,0
135,bitflip,0.07,1100,IIXII,IYIII,IYXII,0001,-1,0
136,bitflip,0.07,0110,IIIXI,IIIXI,IIIII,0000,1,1
137,bitflip,0.07,0001,XIIII,XIIII,IIIII,0000,1,1
138,bitflip,0.07,0000,IIIII,IIIII,IIIII,0000,1,1
139,bitflip,0.07,0000,IIIII,IIIII,IIIII,0000,1,1
140,bitflip,0.07,0000,IIIII,IIIII,IIIII,0000,1,1
141,bitflip,0.07,0000,IIIII,IIIII,IIIII,0000,1,1
142,bitflip,0.07,0000,IIIII,IIIII,IIIII,0000,1,1
143,bitflip,0.07,0000,IIIII,IIIII,IIIII,0000,1,1
144,bitflip,0.07,0000,IIIII,IIIII,IIIII,0000,1,1
145,bitflip,0.07,0000,IIIII,IIIII,IIIII,0000,1,1
146,bitflip,0.07,0000,IIIII,IIIII,IIIII,0000,1,1
147,bitflip,0.07,0000,IIIII,IIIII,IIIII,0000,1,1
148,bitflip,0.07,0000,IIIII,IIIII,IIIII,0000,1,1
149,bitflip,0.07,0010,XIIIX,XIIII,IIIIX,0011,-1,0
150,bitflip,0.07,0000,IIIII,IIIII,IIIII,0000,1,1
151,bitflip,0.07,0000,IIIII,IIIII,IIIII,0000,1,1
152,bitflip,0.07,0001,XIIII,XIIII,IIIII,0000,1,1
153,bitflip,0.07,0000,IIIII,IIIII,IIIII,0000,1,1
154,bitflip,0.07,0000,IIIII,IIIII,IIIII,0000,1,1
155,bitflip,0.07,0000,IIIII,IIIII,IIIII,0000,1,1
156,bitflip,0.07,0001,XIIII,XIIII,IIIII,0000,1,1
157,bitflip,0.07,1000,IXIII,IXIII,IIIII,0000,1,1
158,bitflip,0.07,0110,IIIXI,IIIXI,IIIII,0000,1,1
159,bitflip,0.07,0000,IIIII,IIIII,IIIII,0000,1,1
160,bitflip,0.07,0111,XIIXI,IIIXI,XIIII,0001,-1,0
161,bitflip,0.07,0000,IIIII,IIIII,IIIII,0000,1,1
162,bitflip,0.07,0000,IIIII,IIIII,IIIII,0000,1,1
163,bitflip,0.07,0110,IIIXI,IIIXI,IIIII,0000,1,1
164,bitflip,0.07,0000,IIIII,IIIII,IIIII,0000,1,1
165,bitflip,0.07,0000,IIIII,IIIII,IIIII,0000,1,1
166,bitflip,0.07,0000,IIIII,IIIII,IIIII,0000,1,1
167,bitflip,0.07,0000,IIIII,IIIII,IIIII,0000,1,1
168,bitflip,0.07,1000,IXIII,IXIII,IIIII,0000,1,1
169,bitflip,0.07,1100,IIXII,IYIII,IYXII,0001,-1,0
170,bitflip,0.07,0110,IIIXI,IIIXI,IIIII,0000,1,1
171,bitflip,0.07,0110,IIIXI,IIIXI,IIIII,0000,1,1
172,bitflip,0.07,0000,IIIII,IIIII,IIIII,0000,1,1
173,bitflip,0.07,0011,IIIIX,IZIII,IZIIX,0110,-1,0
174,bitflip,0.07,0000,IIIII,IIIII,IIIII,0000,1,1
175,bitflip,0.07,0000,IIIII,IIIII,IIIII,0000,1,1
176,bitflip,0.07,0000,IIIII,IIIII,IIIII,0000,1,1
177,bitflip,0.07,0000,IIIII,IIIII,IIIII,0000,1,1
178,bitflip,0.07,0000,IIIII,IIIII,IIIII,0000,1,1
179,bitflip,0.07,0000,IIIII,IIIII,IIIII,0000,1,1
180,bitflip,0.07,1100,IIXII,IYIII,IYXII,0001,-1,0
181,bitflip,0.07,0000,IIIII,IIIII,IIIII,0000,1,1
182,bitflip,0.07,0000,IIIII,IIIII,IIIII,0000,1,1
183,bitflip,0.07,0000,IIIII,IIIII,IIIII,0000,1,1
184,bitflip,0.07,0000,IIIII,IIIII,IIIII,0000,1,1
185,bitflip,0.07,0000,IIIII,IIIII,IIIII,0000,1,1
186,bitflip,0.07,0000,IIIII,IIIII,IIIII,0000,1,1
187,bitflip,0.07,0000,IIIII,IIIII,IIIII,0000,1,1
188,bitflip,0.07,0000,IIIII,IIIII,IIIII,0000,1,1
189,bitflip,0.07,0000,IIIII,IIIII,IIIII,0000,1,1
190,bitflip,0.07,0000,IIIII,IIIII,IIIII,0000,1,1
191,bitflip,0.07,0000,IIIII,IIIII,IIIII,0000,1,1
192,bitflip,0.07,0000,IIIII,IIIII,IIIII,0000,1,1
193,bitflip,0.07,0010,XIIIX,XIIII,IIIIX,0011,-1,0
194,bitflip,0.07,1100,IIXII,IYIII,IYXII,0001,-1,0
195,bitflip,0.07,0000,IIIII,IIIII,IIIII,0000,1,1
196,bitflip,0.07,0110,IIIXI,IIIXI,IIIII,0000,1,1
197,bitflip,0.07,1100,IIXII,IYIII,IYXII,0001,-1,0
198,bitflip,0.07,0000,IIIII,IIIII,IIIII,0000,1,1
199,bitflip,0.07,0000,IIIII,IIIII,IIIII,0000,1,1
200,bitflip,0.07,0000,IIIII,IIIII,IIIII,0000,1,1
201,bitflip,0.07,0000,IIIII,IIIII,IIIII,0000,1,1
202,bitflip,0.07,0000,IIIII,IIIII,IIIII,0000,1,1
203,bitflip,0.07,0000,IIIII,IIIII,IIIII,0000,1,1
204,bitflip,0.07,0000,IIIII,IIIII,IIIII,0000,1,1
205,bitflip,0.07,0000,IIIII,IIIII,IIIII,0000,1,1
206,bitflip,0.07,0000,IIIII,IIIII,IIIII,0000,1,1
207,bitflip,0.07,0000,IIIII,IIIII,IIIII,0000,1,1
208,bitflip,0.07,0000,IIIII,IIIII,IIIII,0000,1,1
209,bitflip,0.07,0000,IIIII,IIIII,IIIII,0000,1,1
210,bitflip,0.07,0011,IIIIX,IZIII,IZIIX,0110,-1,0
211,bitflip,0.07,0000,IIIII,IIIII,IIIII,0000,1,1
212,bitflip,0.07,1100,IIXII,IYIII,IYXII,0001,-1,0
213,bitflip,0.07,0000,IIIII,IIIII,IIIII,0000,1,1
214,bitflip,0.07,0000,IIIII,IIIII,IIIII,0000,1,1
215,bitflip,0.07,0000,IIIII,IIIII,IIIII,0000,1,1
216,bitflip,0.07,0000,IIIII,IIIII,IIIII,0000,1,1
217,bitflip,0.07,0000,IIIII,IIIII,IIIII,0000,1,1
218,bitflip,0.07,0000,IIIII,IIIII,IIIII,0000,1,1
219,bitflip,0.07,0000,IIIII,IIIII,IIIII,0000,1,1
220,bitflip,0.07,0000,IIIII,IIIII,IIIII,0000,1,1
221,bitflip,0.07,0000,IIIII,IIIII,IIIII,0000,1,1
222,bitflip,0.07,0000,IIIII,IIIII,IIIII,0000,1,1
223,bitflip,0.07,0011,IIIIX,IZIII,IZIIX,0110,-1,0
224,bitflip,0.07,0000,IIIII,IIIII,IIIII,0000,1,1
225,bitflip,0.07,1100,IIXII,IYIII,IYXII,0001,-1,0
226,bitflip,0.07,0000,IIIII,IIIII,IIIII,0000,1,1
227,bitflip,0.07,0001,XIIII,XIIII,IIIII,0000,1,1
228,bitflip,0.07,0000,IIIII,IIIII,IIIII,0000,1,1
229,bitflip,0.07,0000,IIIII,IIIII,IIIII,0000,1,1
230,bitflip,0.07,0011,IIIIX,IZIII,IZIIX,0110,-1,0
231,bitflip,0.07,0000,IIIII,IIIII,IIIII,0000,1,1
232,bitflip,0.07,0000,IIIII,IIIII,IIIII,0000,1,1
233,bitflip,0.07,0000,IIIII,IIIII,IIIII,0000,1,1
234,bitflip,0.07,1100,IIXII,IYIII,IYXII,0001,-1,0
235,bitflip,0.07,0000,IIIII,IIIII,IIIII,0000,1,1
236,bitflip,0.07,0000,IIIII,IIIII,IIIII,0000,1,1
237,bitflip,0.07,1100,IIXII,IYIII,IYXII,0001,-1,0
238,bitflip,0.07,0000,IIIII,IIIII,IIIII,0000,1,1
239,bitflip,0.07,1001,XXIII,IIIZI,XXIZI,0000,-1,0
240,bitflip,0.07,0000,IIIII,IIIII,IIIII,0000,1,1
241,bitflip,0.07,0000,IIIII,IIIII,IIIII,0000,1,1
242,bitflip,0.07,0000,IIIII,IIIII,IIIII,0000,1,1
243,bitflip,0.07,0000,IIIII,IIIII,IIIII,0000,1,1
244,bitflip,0.07,0000,IIIII,IIIII,IIIII,0000,1,1
245,bitflip,0.07,0100,IXXII,IXIII,IIXII,1100,-1,0
246,bitflip,0.07,0000,IIIII,IIIII,IIIII,0000,1,1
247,bitflip,0.07,0000,IIIII,IIIII,IIIII,0000,1,1
248,bitflip,0.07,0000,IIIII,IIIII,IIIII,0000,1,1
249,bitflip,0.07,0000,IIIII,IIIII,IIIII,0000,1,1
250,bitflip,0.07,0000,IIIII,IIIII,IIIII,0000,1,1
251,bitflip,0.07,0000,IIIII,IIIII,IIIII,0000,1,1
252,bitflip,0.07,0110,IIIXI,IIIXI,IIIII,0000,1,1
253,bitflip,0.07,0000,IIIII,IIIII,IIIII,0000,1,1
254,bitflip,0.07,0011,IIIIX,IZIII,IZIIX,0110,-1,0
255,bitflip,0.07,0110,IIIXI,IIIXI,IIIII,0000,1,1
256,bitflip,0.07,0010,XIIIX,XIIII,IIIIX,0011,-1,0
257,bitflip,0.07,0000,IIIII,IIIII,IIIII,0000,1,1
258,bitflip,0.07,0000,IIIII,IIIII,IIIII,0000,1,1
259,bitflip,0.07,0000,IIIII,IIIII,IIIII,0000,1,1
260,bitflip,0.07,0000,IIIII,IIIII,IIIII,0000,1,1
261,bitflip,0.07,0000,IIIII,IIIII,IIIII,0000,1,1
262,bitflip,0.07,0110,IIIXI,IIIXI,IIIII,0000,1,1
263,bitflip,0.07,0110,IIIXI,IIIXI,IIIII,0000,1,1
264,bitflip,0.07,0000,IIIII,IIIII,IIIII,0000,1,1
265,bitflip,0.07,1100,IIXII,IYIII,IYXII,0001,-1,0
266,bitflip,0.07,0000,IIIII,IIIII,IIIII,0000,1,1
267,bitflip,0.07,0000,IIIII,IIIII,IIIII,0000,1,1
268,bitflip,0.07,0000,IIIII,IIIII,IIIII,0000,1,1
269,bitflip,0.07,0000,IIIII,IIIII,IIIII,0000,1,1
270,bitflip,0.07,0000,IIIII,IIIII,IIIII,0000,1,1
271,bitflip,0.07,1000,IXIII,IXIII,IIIII,0000,1,1
272,bitflip,0.07,0110,IIIXI,IIIXI,IIIII,0000,1,1
273,bitflip,0.07,0000,IIIII,IIIII,IIIII,0000,1,1
274,bitflip,0.07,0011,IIIIX,IZIII,IZIIX,0110,-1,0
275,bitflip,0.07,0000,IIIII,IIIII,IIIII,0000,1,1
276,bitflip,0.07,1100,IIXII,IYIII,IYXII,0001,-1,0
277,bitflip,0.07,0000,IIIII,IIIII,IIIII,0000,1,1
278,bitflip,0.07,0000,IIIII,IIIII,IIIII,0000,1,1
279,bitflip,0.07,1000,IXIII,IXIII,IIIII,0000,1,1
280,bitflip,0.07,0000,IIIII,IIIII,IIIII,0000,1,1
281,bitflip,0.07,1000,IXIII,IXIII,IIIII,0000,1,1
282,bitflip,0.07,0000,IIIII,IIIII,IIIII,0000,1,1
283,bitflip,0.07,0000,IIIII,IIIII,IIIII,0000,1,1
284,bitflip,0.07,1000,IXIII,IXIII,IIIII,0000,1,1
285,bitflip,0.07,0000,IIIII,IIIII,IIIII,0000,1,1
286,bitflip,0.07,0001,XIIII,XIIII,IIIII,0000,1,1
287,bitflip,0.07,0001,XIIII,XIIII,IIIII,0000,1,1
288,bitflip,0.07,0010,XIIIX,XIIII,IIIIX,0011,-1,0
289,bitflip,0.07,0000,IIIII,IIIII,IIIII,0000,1,1
290,bitflip,0.07,0011,IIIIX,IZIII,IZIIX,0110,-1,0
291,bitflip,0.07,0000,IIIII,IIIII,IIIII,0000,1,1
292,bitflip,0.07,0000,IIIII,IIIII,IIIII,0000,1,1
293,bitflip,0.07,0000,IIIII,IIIII,IIIII,0000,1,1
294,bitflip,0.07,0000,IIIII,IIIII,IIIII,0000,1,1
295,bitflip,0.07,0110,IIIXI,IIIXI,IIIII,0000,1,1
296,bitflip,0.07,0000,IIIII,IIIII,IIIII,0000,1,1
297,bitflip,0.07,0000,IIIII,IIIII,IIIII,0000,1,1
298,bitflip,0.07,0000,IIIII,IIIII,IIIII,0000,1,1
299,bitflip,0.07,0000,IIIII,IIIII,IIIII,0000,1,1
300,bitflip,0.07,0000,IIIII,IIIII,IIIII,0000,1,1
301,bitflip,0.07,1101,XIXII,YIIII,ZIXII,0110,-1,0
302,bitflip,0.07,0000,IIIII,IIIII,IIIII,0000,1,1
303,bitflip,0.07,0001,XIIII,XIIII,IIIII,0000,1,1
304,bitflip,0.07,0000,IIIII,IIIII,IIIII,0000,1,1
305,bitflip,0.07,0000,IIIII,IIIII,IIIII,0000,1,1
306,bitflip,0.07,0000,IIIII,IIIII,IIIII,0000,1,1
307,bitflip,0.07,0000,IIIII,IIIII,IIIII,0000,1,1
308,bitflip,0.07,0000,IIIII,IIIII,IIIII,0000,1,1
309,bitflip,0.07,0011,IIIIX,IZIII,IZIIX,0110,-1,0
310,bitflip,0.07,0000,IIIII,IIIII,IIIII,0000,1,1
311,bitflip,0.07,0000,IIIII,IIIII,IIIII,0000,1,1
312,bitflip,0.07,0000,IIIII,IIIII,IIIII,0000,1,1
313,bitflip,0.07,0000,IIIII,IIIII,IIIII,0000,1,1
314,bitflip,0.07,0000,IIIII,IIIII,IIIII,0000,1,1
315,bitflip,0.07,0000,IIIII,IIIII,IIIII,0000,1,1
316,bitflip,0.07,0000,IIIII,IIIII,IIIII,0000,1,1
317,bitflip,0.07,0000,IIIII,IIIII,IIIII,0000,1,1
318,bitflip,0.07,0110,IIIXI,IIIXI,IIIII,0000,1,1
319,bitflip,0.07,0000,IIIII,IIIII,IIIII,0000,1,1
320,bitflip,0.07,0000,IIIII,IIIII,IIIII,0000,1,1
321,bitflip,0.07,0000,IIIII,IIIII,IIIII,0000,1,1
322,bitflip,0.07,0000,IIIII,IIIII,IIIII,0000,1,1
323,bitflip,0.07,0000,IIIII,IIIII,IIIII,0000,1,1
324,bitflip,0.07,0001,XIIII,XIIII,IIIII,0000,1,1
325,bitflip,0.07,0000,IIIII,IIIII,IIIII,0000,1,1
326,bitflip,0.07,0110,IIIXI,IIIXI,IIIII,0000,1,1
327,bitflip,0.07,0110,IIIXI,IIIXI,IIIII,0000,1,1
328,bitflip,0.07,0000,IIIII,IIIII,IIIII,0000,1,1
329,bitflip,0.07,0000,IIIII,IIIII,IIIII,0000,1,1
330,bitflip,0.07,1110,IXIXI,YIIII,YXIXI,0101,-1,0
331,bitflip,0.07,0000,IIIII,IIIII,IIIII,0000,1,1
332,bitflip,0.07,0110,IIIXI,IIIXI,IIIII,0000,1,1
333,bitflip,0.07,1000,IXIII,IXIII,IIIII,0000,1,1
334,bitflip,0.07,0000,IIIII,IIIII,IIIII,0000,1,1
335,bitflip,0.07,0000,IIIII,IIIII,IIIII,0000,1,1
336,bitflip,0.07,0001,XIIII,XIIII,IIIII,0000,1,1
337,bitflip,0.07,0000,IIIII,IIIII,IIIII,0000,1,1
338,bitflip,0.07,0000,IIIII,IIIII,IIIII,0000,1,1
339,bitflip,0.07,0010,XIIIX,XIIII,IIIIX,0011,-1,0
340,bitflip,0.07,1010,IIXXI,XIIII,XIXXI,1011,-1,0
341,bitflip,0.07,0000,IIIII,IIIII,IIIII,0000,1,1
342,bitflip,0.07,0011,IIIIX,IZIII,IZIIX,0110,-1,0
343,bitflip,0.07,0000,IIIII,IIIII,IIIII,0000,1,1
344,bitflip,0.07,0000,IIIII,IIIII,IIIII,0000,1,1
345,bitflip,0.07,0000,IIIII,IIIII,IIIII,0000,1,1
346,bitflip,0.07,0000,IIIII,IIIII,IIIII,0000,1,1
347,bitflip,0.07,1101,XIXII,YIIII,ZIXII,0110,-1,0
348,bitflip,0.07,0000,IIIII,IIIII,IIIII,0000,1,1
349,bitflip,0.07,0000,IIIII,IIIII,IIIII,0000,1,1
350,bitflip,0.07,0000,IIIII,IIIII,IIIII,0000,1,1
351,bitflip,0.07,0011,IIIIX,IZIII,IZIIX,0110,-1,0
352,bitflip,0.07,0000,IIIII,IIIII,IIIII,0000,1,1
353,bitflip,0.07,1100,IIXII,IYIII,IYXII,0001,-1,0
354,bitflip,0.07,0000,IIIII,IIIII,IIIII,0000,1,1
355,bitflip,0.07,0000,IIIII,IIIII,IIIII,0000,1,1
356,bitflip,0.07,0000,IIIII,IIIII,IIIII,0000,1,1
357,bitflip,0.07,0000,IIIII,IIIII,IIIII,0000,1,1
358,bitflip,0.07,0000,IIIII,IIIII,IIIII,0000,1,1
359,bitflip,0.07,0000,IIIII,IIIII,IIIII,0000,1,1
360,bitflip,0.07,0000,IIIII,IIIII,IIIII,0000,1,1
361,bitflip,0.07,0000,IIIII,IIIII,IIIII,0000,1,1
362,bitflip,0.07,0000,IIIII,IIIII,IIIII,0000,1,1
363,bitflip,0.07,0000,IIIII,IIIII,IIIII,0000,1,1
364,bitflip,0.07,0000,IIIII,IIIII,IIIII,0000,1,1
365,bitflip,0.07,0000,IIIII,IIIII,IIIII,0000,1,1
366,bitflip,0.07,0001,XIIII,XIIII,IIIII,0000,1,1
367,bitflip,0.07,0000,IIIII,IIIII,IIIII,0000,1,1
368,bitflip,0.07,0000,IIIII,IIIII,IIIII,0000,1,1
369,bitflip,0.07,0000,IIIII,IIIII,IIIII,0000,1,1
370,bitflip,0.07,0000,IIIII,IIIII,IIIII,0000,1,1
371,bitflip,0.07,0000,IIIII,IIIII,IIIII,0000,1,1
372,bitflip,0.07,0000,IIIII,IIIII,IIIII,0000,1,1
373,bitflip,0.07,0000,IIIII,IIIII,IIIII,0000,1,1
374,bitflip,0.07,0000,IIIII,IIIII,IIIII,0000,1,1
375,bitflip,0.07,0000,IIIII,IIIII,IIIII,0000,1,1
376,bitflip,0.07,0001,XIIII,XIIII,IIIII,0000,1,1
377,bitflip,0.07,0000,IIIII,IIIII,IIIII,0000,1,1
378,bitflip,0.07,0000,IIIII,IIIII,IIIII,0000,1,1
379,bitflip,0.07,1011,IXIIX,YIIII,YXIIX,0000,-1,0
380,bitflip,0.07,1100,IIXII,IYIII,IYXII,0001,-1,0
381,bitflip,0.07,0000,IIIII,IIIII,IIIII,0000,1,1
382,bitflip,0.07,0000,IIIII,IIIII,IIIII,0000,1,1
383,bitflip,0.07,0000,IIIII,IIIII,IIIII,0000,1,1
384,bitflip,0.07,0000,IIIII,IIIII,IIIII,0000,1,1
385,bitflip,0.07,0000,IIIII,IIIII,IIIII,0000,1,1
386,bitflip,0.07,0000,IIIII,IIIII,IIIII,0000,1,1
387,bitflip,0.07,0000,IIIII,IIIII,IIIII,0000,1,1
388,bitflip,0.07,0110,IIIXI,IIIXI,IIIII,0000,1,1
389,bitflip,0.07,0000,IIIII,IIIII,IIIII,0000,1,1
390,bitflip,0.07,0001,XIIII,XIIII,IIIII,0000,1,1
391,bitflip,0.07,0000,IIIII,IIIII,IIIII,0000,1,1
392,bitflip,0.07,0001,XIIII,XIIII,IIIII,0000,1,1
393,bitflip,0.07,1000,IXIII,IXIII,IIIII,0000,1,1
394,bitflip,0.07,0000,IIIII,IIIII,IIIII,0000,1,1
395,bitflip,0.07,0000,IIIII,IIIII,IIIII,0000,1,1
396,bitflip,0.07,1100,IIXII,IYIII,IYXII,0001,-1,0
397,bitflip,0.07,0000,IIIII,IIIII,IIIII,0000,1,1
398,bitflip,0.07,1000,IXIII,IXIII,IIIII,0000,1,1
399,bitflip,0.07,1000,IXIII,IXIII,IIIII,0000,1,1
400,bitflip,0.07,0000,IIIII,IIIII,IIIII,0000,1,1
401,bitflip,0.07,0110,IIIXI,IIIXI,IIIII,0000,1,1
402,bitflip,0.07,1101,XIXII,YIIII,ZIXII,0110,-1,0
403,bitflip,0.07,0000,IIIII,IIIII,IIIII,0000,1,1
404,bitflip,0.07,1000,IXIII,IXIII,IIIII,0000,1,1
405,bitflip,0.07,0000,IIIII,IIIII,IIIII,0000,1,1
406,bitflip,0.07,0000,IIIII,IIIII,IIIII,0000,1,1
407,bitflip,0.07,0000,IIIII,IIIII,IIIII,0000,1,1
408,bitflip,0.07,1000,IXIII,IXIII,IIIII,0000,1,1
409,bitflip,0.07,0110,IIIXI,IIIXI,IIIII,0000,1,1
410,bitflip,0.07,0000,IIIII,IIIII,IIIII,0000,1,1
411,bitflip,0.07,0000,IIIII,IIIII,IIIII,0000,1,1
412,bitflip,0.07,1011,IXIIX,YIIII,YXIIX,0000,-1,0
413,bitflip,0.07,0000,IIIII,IIIII,IIIII,0000,1,1
414,bitflip,0.07,0011,IIIIX,IZIII,IZIIX,0110,-1,0
415,bitflip,0.07,1000,IXIII,IXIII,IIIII,0000,1,1
416,bitflip,0.07,1010,IIXXI,XIIII,XIXXI,1011,-1,0
417,bitflip,0.07,0000,IIIII,IIIII,IIIII,0000,1,1
418,bitflip,0.07,0000,IIIII,IIIII,IIIII,0000,1,1
419,bitflip,0.07,0000,IIIII,IIIII,IIIII,0000,1,1
420,bitflip,0.07,0000,IIIII,IIIII,IIIII,0000,1,1
421,bitflip,0.07,0000,IIIII,IIIII,IIIII,0000,1,1
422,bitflip,0.07,0000,IIIII,IIIII,IIIII,0000,1,1
423,bitflip,0.07,1000,IXIII,IXIII,IIIII,0000,1,1
424,bitflip,0.07,0000,IIIII,IIIII,IIIII,0000,1,1
425,bitflip,0.07,0000,IIIII,IIIII,IIIII,0000,1,1
426,bitflip,0.07,0000,IIIII,IIIII,IIIII,0000,1,1
427,bitflip,0.07,0000,IIIII,IIIII,IIIII,0000,1,1
428,bitflip,0.07,0000,IIIII,IIIII,IIIII,0000,1,1
429,bitflip,0.07,0011,IIIIX,IZIII,IZIIX,0110,-1,0
430,bitflip,0.07,1000,IXIII,IXIII,IIIII,0000,1,1
431,bitflip,0.07,0000,IIIII,IIIII,IIIII,0000,1,1
432,bitflip,0.07,0011,IIIIX,IZIII,IZIIX,0110,-1,0
433,bitflip,0.07,0110,IIIXI,IIIXI,IIIII,0000,1,1
434,bitflip,0.07,0011,IIIIX,IZIII,IZIIX,0110,-1,0
435,bitflip,0.07,0000,IIIII,IIIII,IIIII,0000,1,1
436,bitflip,0.07,0000,IIIII,IIIII,IIIII,0000,1,1
437,bitflip,0.07,0000,IIIII,IIIII,IIIII,0000,1,1
438,bitflip,0.07,1000,IXIII,IXIII,IIIII,0000,1,1
439,bitflip,0.07,0000,IIIII,IIIII,IIIII,0000,1,1
440,bitflip,0.07,0000,IIIII,IIIII,IIIII,0000,1,1
441,bitflip,0.07,0000,IIIII,IIIII,IIIII,0000,1,1
442,bitflip,0.07,0000,IIIII,IIIII,IIIII,0000,1,1
443,bitflip,0.07,0011,IIIIX,IZIII,IZIIX,0110,-1,0
444,bitflip,0.07,0011,IIIIX,IZIII,IZIIX,0110,-1,0
445,bitflip,0.07,0001,XIIII,XIIII,IIIII,0000,1,1
446,bitflip,0.07,0000,IIIII,IIIII,IIIII,0000,1,1
447,bitflip,0.07,0011,IIIIX,IZIII,IZIIX,0110,-1,0
448,bitflip,0.07,0000,IIIII,IIIII,IIIII,0000,1,1
449,bitflip,0.07,0000,IIIII,IIIII,IIIII,0000,1,1
450,bitflip,0.07,0001,XIIII,XIIII,IIIII,0000,1,1
451,bitflip,0.07,1000,IXIII,IXIII,IIIII,0000,1,1
452,bitflip,0.07,0000,IIIII,IIIII,IIIII,0000,1,1
453,bitflip,0.07,0011,IIIIX,IZIII,IZIIX,0110,-1,0
454,bitflip,0.07,0000,IIIII,IIIII,IIIII,0000,1,1
455,bitflip,0.07,0000,IIIII,IIIII,IIIII,0000,1,1
456,bitflip,0.07,0000,IIIII,IIIII,IIIII,0000,1,1
457,bitflip,0.07,0000,IIIII,IIIII,IIIII,0000,1,1
458,bitflip,0.07,0000,IIIII,IIIII,IIIII,0000,1,1
459,bitflip,0.07,1000,IXIII,IXIII,IIIII,0000,1,1
460,bitflip,0.07,0000,IIIII,IIIII,IIIII,0000,1,1
461,bitflip,0.07,0110,IIIXI,IIIXI,IIIII,0000,1,1
462,bitflip,0.07,0000,IIIII,IIIII,IIIII,0000,1,1
463,bitflip,0.07,0011,IIIIX,IZIII,IZIIX,0110,-1,0
464,bitflip,0.07,0000,IIIII,IIIII,IIIII,0000,1,1
465,bitflip,0.07,0000,IIIII,IIIII,IIIII,0000,1,1
466,bitflip,0.07,1101,XIXII,YIIII,ZIXII,0110,-1,0
467,bitflip,0.07,0000,IIIII,IIIII,IIIII,0000,1,1
468,bitflip,0.07,0000,IIIII,IIIII,IIIII,0000,1,1
469,bitflip,0.07,0000,IIIII,IIIII,IIIII,0000,1,1
470,bitflip,0.07,0000,IIIII,IIIII,IIIII,0000,1,1
471,bitflip,0.07,0000,IIIII,IIIII,IIIII,0000,1,1
472,bitflip,0.07,0000,IIIII,IIIII,IIIII,0000,1,1
473,bitflip,0.07,0000,IIIII,IIIII,IIIII,0000,1,1
474,bitflip,0.07,0000,IIIII,IIIII,IIIII,0000,1,1
475,bitflip,0.07,1100,IIXII,IYIII,IYXII,0001,-1,0
476,bitflip,0.07,0000,IIIII,IIIII,IIIII,0000,1,1
477,bitflip,0.07,0000,IIIII,IIIII,IIIII,0000,1,1
478,bitflip,0.07,0000,IIIII,IIIII,IIIII,0000,1,1
479,bitflip,0.07,0000,IIIII,IIIII,IIIII,0000,1,1
480,bitflip,0.07,0000,IIIII,IIIII,IIIII,0000,1,1
481,bitflip,0.07,0000,IIIII,IIIII,IIIII,0000,1,1
482,bitflip,0.07,0000,IIIII,IIIII,IIIII,0000,1,1
483,bitflip,0.07,1100,IIXII,IYIII,IYXII,0001,-1,0
484,bitflip,0.07,1100,IIXII,IYIII,IYXII,0001,-1,0
485,bitflip,0.07,0000,IIIII,IIIII,IIIII,0000,1,1
486,bitflip,0.07,1000,IXIII,IXIII,IIIII,0000,1,1
487,bitflip,0.07,0110,IIIXI,IIIXI,IIIII,0000,1,1
488,bitflip,0.07,0000,IIIII,IIIII,IIIII,0000,1,1
489,bitflip,0.07,0000,IIIII,IIIII,IIIII,0000,1,1
490,bitflip,0.07,0000,IIIII,IIIII,IIIII,0000,1,1
491,bitflip,0.07,0000,IIIII,IIIII,IIIII,0000,1,1
492,bitflip,0.07,0000,IIIII,IIIII,IIIII,0000,1,1
493,bitflip,0.07,0000,IIIII,IIIII,IIIII,0000,1,1
494,bitflip,0.07,0000,IIIII,IIIII,IIIII,0000,1,1
495,bitflip,0.07,0000,IIIII,IIIII,IIIII,0000,1,1
496,bitflip,0.07,0000,IIIII,IIIII,IIIII,0000,1,1
497,bitflip,0.07,0000,IIIII,IIIII,IIIII,0000,1,1
498,bitflip,0.07,0000,IIIII,IIIII,IIIII,0000,1,1
499,bitflip,0.07,0000,IIIII,IIIII,IIIII,0000,1,1
500,bitflip,0.07,1011,IXIIX,YIIII,YXIIX,0000,-1,0
501,bitflip,0.07,0000,IIIII,IIIII,IIIII,0000,1,1
502,bitflip,0.07,1001,XXIII,IIIZI,XXIZI,0000,-1,0
503,bitflip,0.07,0000,IIIII,IIIII,IIIII,0000,1,1
504,bitflip,0.07,0000,IIIII,IIIII,IIIII,0000,1,1
505,bitflip,0.07,0000,IIIII,IIIII,IIIII,0000,1,1
506,bitflip,0.07,0000,IIIII,IIIII,IIIII,0000,1,1
507,bitflip,0.07,0000,IIIII,IIIII,IIIII,0000,1,1
508,bitflip,0.07,1000,IXIII,IXIII,IIIII,0000,1,1
509,bitflip,0.07,0000,IIIII,IIIII,IIIII,0000,1,1
510,bitflip,0.07,0110,IIIXI,IIIXI,IIIII,0000,1,1
511,bitflip,0.07,0000,IIIII,IIIII,IIIII,0000,1,1
512,bitflip,0.07,0000,IIIII,IIIII,IIIII,0000,1,1
513,bitflip,0.07,0000,IIIII,IIIII,IIIII,0000,1,1
514,bitflip,0.07,0000,IIIII,IIIII,IIIII,0000,1,1
515,bitflip,0.07,1100,IIXII,IYIII,IYXII,0001,-1,0
516,bitflip,0.07,0000,IIIII,IIIII,IIIII,0000,1,1
517,bitflip,0.07,1111,IIXIX,IXIII,IXXIX,0111,-1,0
518,bitflip,0.07,0000,IIIII,IIIII,IIIII,0000,1,1
519,bitflip,0.07,0000,IIIII,IIIII,IIIII,0000,1,1
520,bitflip,0.07,0000,IIIII,IIIII,IIIII,0000,1,1
521,bitflip,0.07,0011,IIIIX,IZIII,IZIIX,0110,-1,0
522,bitflip,0.07,0000,IIIII,IIIII,IIIII,0000,1,1
523,bitflip,0.07,0110,IIIXI,IIIXI,IIIII,0000,1,1
524,bitflip,0.07,0000,IIIII,IIIII,IIIII,0000,1,1
525,bitflip,0.07,0000,IIIII,IIIII,IIIII,0000,1,1
526,bitflip,0.07,1000,IXIII,IXIII,IIIII,0000,1,1
527,bitflip,0.07,0011,IIIIX,IZIII,IZIIX,0110,-1,0
528,bitflip,0.07,0001,XIIII,XIIII,IIIII,0000,1,1
529,bitflip,0.07,0000,IIIII,IIIII,IIIII,0000,1,1
530,bitflip,0.07,0000,IIIII,IIIII,IIIII,0000,1,1
531,bitflip,0.07,0000,IIIII,IIIII,IIIII,0000,1,1
532,bitflip,0.07,0011,IIIIX,IZIII,IZIIX,0110,-1,0
533,bitflip,0.07,0011,IIIIX,IZIII,IZIIX,0110,-1,0
534,bitflip,0.07,0000,IIIII,IIIII,IIIII,0000,1,1
535,bitflip,0.07,0000,IIIII,IIIII,IIIII,0000,1,1
536,bitflip,0.07,0000,IIIII,IIIII,IIIII,0000,1,1
537,bitflip,0.07,0110,IIIXI,IIIXI,IIIII,0000,1,1
538,bitflip,0.07,1000,IXIII,IXIII,IIIII,0000,1,1
539,bitflip,0.07,0000,IIIII,IIIII,IIIII,0000,1,1
540,bitflip,0.07,0000,IIIII,IIIII,IIIII,0000,1,1
541,bitflip,0.07,1100,IIXII,IYIII,IYXII,0001,-1,0
542,bitflip,0.07,0000,IIIII,IIIII,IIIII,0000,1,1
543,bitflip,0.07,0000,IIIII,IIIII,IIIII,0000,1,1
544,bitflip,0.07,0000,IIIII,IIIII,IIIII,0000,1,1
545,bitflip,0.07,0000,IIIII,IIIII,IIIII,0000,1,1
546,bitflip,0.07,0000,IIIII,IIIII,IIIII,0000,1,1
547,bitflip,0.07,1011,IXIIX,YIIII,YXIIX,0000,-1,0
548,bitflip,0.07,0000,IIIII,IIIII,IIIII,0000,1,1
549,bitflip,0.07,1000,IXIII,IXIII,IIIII,0000,1,1
550,bitflip,0.07,0000,IIIII,IIIII,IIIII,0000,1,1
551,bitflip,0.07,0000,IIIII,IIIII,IIIII,0000,1,1
552,bitflip,0.07,0000,IIIII,IIIII,IIIII,0000,1,1
553,bitflip,0.07,0011,IIIIX,IZIII,IZIIX,0110,-1,0
554,bitflip,0.07,0000,IIIII,IIIII,IIIII,0000,1,1
555,bitflip,0.07,0000,IIIII,IIIII,IIIII,0000,1,1
556,bitflip,0.07,0000,IIIII,IIIII,IIIII,0000,1,1
557,bitflip,0.07,0110,IIIXI,IIIXI,IIIII,0000,1,1
558,bitflip,0.07,0000,IIIII,IIIII,IIIII,0000,1,1
559,bitflip,0.07,0001,XIIII,XIIII,IIIII,0000,1,1
560,bitflip,0.07,0110,IIIXI,IIIXI,IIIII,0000,1,1
561,bitflip,0.07,0000,IIIII,IIIII,IIIII,0000,1,1
562,bitflip,0.07,0000,IIIII,IIIII,IIIII,0000,1,1
563,bitflip,0.07,0000,IIIII,IIIII,IIIII,0000,1,1
564,bitflip,0.07,0000,IIIII,IIIII,IIIII,0000,1,1
565,bitflip,0.07,0000,IIIII,IIIII,IIIII,0000,1,1
566,bitflip,0.07,0000,IIIII,IIIII,IIIII,0000,1,1
567,bitflip,0.07,0000,IIIII,IIIII,IIIII,0000,1,1
568,bitflip,0.07,0000,IIIII,IIIII,IIIII,0000,1,1
569,bitflip,0.07,0000,IIIII,IIIII,IIIII,0000,1,1
570,bitflip,0.07,0011,IIIIX,IZIII,IZIIX,0110,-1,0
571,bitflip,0.07,0000,IIIII,IIIII,IIIII,0000,1,1
572,bitflip,0.07,0000,IIIII,IIIII,IIIII,0000,1,1
573,bitflip,0.07,0000,IIIII,IIIII,IIIII,0000,1,1
574,bitflip,0.07,0000,IIIII,IIIII,IIIII,0000,1,1
575,bitflip,0.07,0000,IIIII,IIIII,IIIII,0000,1,1
576,bitflip,0.07,0000,IIIII,IIIII,IIIII,0000,1,1
577,bitflip,0.07,0000,IIIII,IIIII,IIIII,0000,1,1
578,bitflip,0.07,0000,IIIII,IIIII,IIIII,0000,1,1
579,bitflip,0.07,0000,IIIII,IIIII,IIIII,0000,1,1
580,bitflip,0.07,0000,IIIII,IIIII,IIIII,0000,1,1
581,bitflip,0.07,0011,IIIIX,IZIII,IZIIX,0110,-1,0
582,bitflip,0.07,0000,IIIII,IIIII,IIIII,0000,1,1
583,bitflip,0.07,1000,IXIII,IXIII,IIIII,0000,1,1
584,bitflip,0.07,0000,IIIII,IIIII,IIIII,0000,1,1
585,bitflip,0.07,0000,IIIII,IIIII,IIIII,0000,1,1
586,bitflip,0.07,0000,IIIII,IIIII,IIIII,0000,1,1
587,bitflip,0.07,0001,XIIII,XIIII,IIIII,0000,1,1
588,bitflip,0.07,0001,XIIII,XIIII,IIIII,0000,1,1
589,bitflip,0.07,1100,IIXII,IYIII,IYXII,0001,-1,0
590,bitflip,0.07,0000,IIIII,IIIII,IIIII,0000,1,1
591,bitflip,0.07,0110,IIIXI,IIIXI,IIIII,0000,1,1
592,bitflip,0.07,0000,IIIII,IIIII,IIIII,0000,1,1
593,bitflip,0.07,0000,IIIII,IIIII,IIIII,0000,1,1
594,bitflip,0.07,1000,IXIII,IXIII,IIIII,0000,1,1
595,bitflip,0.07,0000,IIIII,IIIII,IIIII,0000,1,1
596,bitflip,0.07,0000,IIIII,IIIII,IIIII,0000,1,1
597,bitflip,0.07,0011,IIIIX,IZIII,IZIIX,0110,-1,0
598,bitflip,0.07,0000,IIIII,IIIII,IIIII,0000,1,1
599,bitflip,0.07,0011,IIIIX,IZIII,IZIIX,0110,-1,0
600,bitflip,0.07,0000,IIIII,IIIII,IIIII,0000,1,1
601,bitflip,0.07,0000,IIIII,IIIII,IIIII,0000,1,1
602,bitflip,0.07,0000,IIIII,IIIII,IIIII,0000,1,1
603,bitflip,0.07,0000,IIIII,IIIII,IIIII,0000,1,1
604,bitflip,0.07,0000,IIIII,IIIII,IIIII,0000,1,1
605,bitflip,0.07,0000,IIIII,IIIII,IIIII,0000,1,1
606,bitflip,0.07,0000,IIIII,IIIII,IIIII,0000,1,1
607,bitflip,0.07,0000,IIIII,IIIII,IIIII,0000,1,1
608,bitflip,0.07,0000,IIIII,IIIII,IIIII,0000,1,1
609,bitflip,0.07,0000,IIIII,IIIII,IIIII,0000,1,1
610,bitflip,0.07,0000,IIIII,IIIII,IIIII,0000,1,1
611,bitflip,0.07,0000,IIIII,IIIII,IIIII,0000,1,1
612,bitflip,0.07,0000,IIIII,IIIII,IIIII,0000,1,1
613,bitflip,0.07,1011,IXIIX,YIIII,YXIIX,0000,-1,0
614,bitflip,0.07,0100,IXXII,IXIII,IIXII,1100,-1,0
615,bitflip,0.07,0110,IIIXI,IIIXI,IIIII,0000,1,1
616,bitflip,0.07,0000,IIIII,IIIII,IIIII,0000,1,1
617,bitflip,0.07,0000,IIIII,IIIII,IIIII,0000,1,1
618,bitflip,0.07,0000,IIIII,IIIII,IIIII,0000,1,1
619,bitflip,0.07,0000,IIIII,IIIII,IIIII,0000,1,1
620,bitflip,0.07,1001,XXIII,IIIZI,XXIZI,0000,-1,0
621,bitflip,0.07,0000,IIIII,IIIII,IIIII,0000,1,1
622,bitflip,0.07,0000,IIIII,IIIII,IIIII,0000,1,1
623,bitflip,0.07,0000,IIIII,IIIII,IIIII,0000,1,1
624,bitflip,0.07,1000,IXIII,IXIII,IIIII,0000,1,1
625,bitflip,0.07,0000,IIIII,IIIII,IIIII,0000,1,1
626,bitflip,0.07,0000,IIIII,IIIII,IIIII,0000,1,1
627,bitflip,0.07,0000,IIIII,IIIII,IIIII,0000,1,1
628,bitflip,0.07,0000,IIIII,IIIII,IIIII,0000,1,1
629,bitflip,0.07,0110,IIIXI,IIIXI,IIIII,0000,1,1
630,bitflip,0.07,1000,IXIII,IXIII,IIIII,0000,1,1
631,bitflip,0.07,1000,IXIII,IXIII,IIIII,0000,1,1
632,bitflip,0.07,0000,IIIII,IIIII,IIIII,0000,1,1
633,bitflip,0.07,0000,IIIII,IIIII,IIIII,0000,1,1
634,bitflip,0.07,0110,IIIXI,IIIXI,IIIII,0000,1,1
635,bitflip,0.07,0000,IIIII,IIIII,IIIII,0000,1,1
636,bitflip,0.07,0000,IIIII,IIIII,IIIII,0000,1,1
637,bitflip,0.07,0000,IIIII,IIIII,IIIII,0000,1,1
638,bitflip,0.07,0000,IIIII,IIIII,IIIII,0000,1,1
639,bitflip,0.07,0001,XIIII,XIIII,IIIII,0000,1,1
640,bitflip,0.07,0000,IIIII,IIIII,IIIII,0000,1,1
641,bitflip,0.07,0000,IIIII,IIIII,IIIII,0000,1,1
642,bitflip,0.07,0001,XIIII,XIIII,IIIII,0000,1,1
643,bitflip,0.07,0000,IIIII,IIIII,IIIII,0000,1,1
644,bitflip,0.07,0000,IIIII,IIIII,IIIII,0000,1,1
645,bitflip,0.07,0000,IIIII,IIIII,IIIII,0000,1,1
646,bitflip,0.07,0000,IIIII,IIIII,IIIII,0000,1,1
647,bitflip,0.07,0000,IIIII,IIIII,IIIII,0000,1,1
648,bitflip,0.07,0000,IIIII,IIIII,IIIII,0000,1,1
649,bitflip,0.07,1100,IIXII,IYIII,IYXII,0001,-1,0
650,bitflip,0.07,0000,IIIII,IIIII,IIIII,0000,1,1
651,bitflip,0.07,1001,XXIII,IIIZI,XXIZI,0000,-1,0
652,bitflip,0.07,0000,IIIII,IIIII,IIIII,0000,1,1
653,bitflip,0.07,0000,IIIII,IIIII,IIIII,0000,1,1
654,bitflip,0.07,0110,IIIXI,IIIXI,IIIII,0000,1,1
655,bitflip,0.07,0000,IIIII,IIIII,IIIII,0000,1,1
656,bitflip,0.07,0000,IIIII,IIIII,IIIII,0000,1,1
657,bitflip,0.07,0011,IIIIX,IZIII,IZIIX,0110,-1,0
658,bitflip,0.07,0000,IIIII,IIIII,IIIII,0000,1,1
659,bitflip,0.07,0000,IIIII,IIIII,IIIII,0000,1,1
660,bitflip,0.07,0011,IIIIX,IZIII,IZIIX,0110,-1,0
661,bitflip,0.07,0000,IIIII,IIIII,IIIII,0000,1,1
662,bitflip,0.07,0000,IIIII,IIIII,IIIII,0000,1,1
663,bitflip,0.07,0000,IIIII,IIIII,IIIII,0000,1,1
664,bitflip,0.07,1101,XIXII,YIIII,ZIXII,0110,-1,0
665,bitflip,0.07,0000,IIIII,IIIII,IIIII,0000,1,1
666,bitflip,0.07,0000,IIIII,IIIII,IIIII,0000,1,1
667,bitflip,0.07,0000,IIIII,IIIII,IIIII,0000,1,1
668,bitflip,0.07,0001,XIIII,XIIII,IIIII,0000,1,1
669,bitflip,0.07,0000,IIIII,IIIII,IIIII,0000,1,1
670,bitflip,0.07,0000,IIIII,IIIII,IIIII,0000,1,1
671,bitflip,0.07,0110,IIIXI,IIIXI,IIIII,0000,1,1
672,bitflip,0.07,0110,IIIXI,IIIXI,IIIII,0000,1,1
673,bitflip,0.07,1100,IIXII,IYIII,IYXII,0001,-1,0
674,bitflip,0.07,0000,IIIII,IIIII,IIIII,0000,1,1
675,bitflip,0.07,0000,IIIII,IIIII,IIIII,0000,1,1
676,bitflip,0.07,0000,IIIII,IIIII,IIIII,0000,1,1
677,bitflip,0.07,0001,XIIII,XIIII,IIIII,0000,1,1
678,bitflip,0.07,0000,IIIII,IIIII,IIIII,0000,1,1
679,bitflip,0.07,0000,IIIII,IIIII,IIIII,0000,1,1
680,bitflip,0.07,1000,IXIII,IXIII,IIIII,0000,1,1
681,bitflip,0.07,0011,IIIIX,IZIII,IZIIX,0110,-1,0
682,bitflip,0.07,1100,IIXII,IYIII,IYXII,0001,-1,0
683,bitflip,0.07,0000,IIIII,IIIII,IIIII,0000,1,1
684,bitflip,0.07,0001,XIIII,XIIII,IIIII,0000,1,1
685,bitflip,0.07,1000,IXIII,IXIII,IIIII,0000,1,1
686,bitflip,0.07,0001,XIIII,XIIII,IIIII,0000,1,1
687,bitflip,0.07,0000,IIIII,IIIII,IIIII,0000,1,1
688,bitflip,0.07,0000,IIIII,IIIII,IIIII,0000,1,1
689,bitflip,0.07,0000,IIIII,IIIII,IIIII,0000,1,1
690,bitflip,0.07,0000,IIIII,IIIII,IIIII,0000,1,1
691,bitflip,0.07,0010,XIIIX,XIIII,IIIIX,0011,-1,0
692,bitflip,0.07,0000,IIIII,IIIII,IIIII,0000,1,1
693,bitflip,0.07,0000,IIIII,IIIII,IIIII,0000,1,1
694,bitflip,0.07,0000,IIIII,IIIII,IIIII,0000,1,1
695,bitflip,0.07,0011,IIIIX,IZIII,IZIIX,0110,-1,0
696,bitflip,0.07,1101,XIXII,YIIII,ZIXII,0110,-1,0
697,bitflip,0.07,0000,IIIII,IIIII,IIIII,0000,1,1
698,bitflip,0.07,0000,IIIII,IIIII,IIIII,0000,1,1
699,bitflip,0.07,0000,IIIII,IIIII,IIIII,0000,1,1
700,bitflip,0.07,0000,IIIII,IIIII,IIIII,0000,1,1
701,bitflip,0.07,0000,IIIII,IIIII,IIIII,0000,1,1
702,bitflip,0.07,0000,IIIII,IIIII,IIIII,0000,1,1
703,bitflip,0.07,0000,IIIII,IIIII,IIIII,0000,1,1
704,bitflip,0.07,0000,IIIII,IIIII,IIIII,0000,1,1
705,bitflip,0.07,0011,IIIIX,IZIII,IZIIX,0110,-1,0
706,bitflip,0.07,0000,IIIII,IIIII,IIIII,0000,1,1
707,bitflip,0.07,0000,IIIII,IIIII,IIIII,0000,1,1
708,bitflip,0.07,0000,IIIII,IIIII,IIIII,0000,1,1
709,bitflip,0.07,1001,XXIII,IIIZI,XXIZI,0000,-1,0
710,bitflip,0.07,1111,IIXIX,IXIII,IXXIX,0111,-1,0
711,bitflip,0.07,1100,IIXII,IYIII,IYXII,0001,-1,0
712,bitflip,0.07,0000,IIIII,IIIII,IIIII,0000,1,1
713,bitflip,0.07,0000,IIIII,IIIII,IIIII,0000,1,1
714,bitflip,0.07,0000,IIIII,IIIII,IIIII,0000,1,1
715,bitflip,0.07,0000,IIIII,IIIII,IIIII,0000,1,1
716,bitflip,0.07,0000,IIIII,IIIII,IIIII,0000,1,1
717,bitflip,0.07,0000,IIIII,IIIII,IIIII,0000,1,1
718,bitflip,0.07,1100,IIXII,IYIII,IYXII,0001,-1,0
719,bitflip,0.07,0000,IIIII,IIIII,IIIII,0000,1,1
720,bitflip,0.07,0000,IIIII,IIIII,IIIII,0000,1,1
721,bitflip,0.07,1000,IXIII,IXIII,IIIII,0000,1,1
722,bitflip,0.07,0000,IIIII,IIIII,IIIII,0000,1,1
723,bitflip,0.07,0000,IIIII,IIIII,IIIII,0000,1,1
724,bitflip,0.07,1000,IXIII,IXIII,IIIII,0000,1,1
725,bitflip,0.07,0000,IIIII,IIIII,IIIII,0000,1,1
726,bitflip,0.07,0000,IIIII,IIIII,IIIII,0000,1,1
727,bitflip,0.07,0000,IIIII,IIIII,IIIII,0000,1,1
728,bitflip,0.07,0000,IIIII,IIIII,IIIII,0000,1,1
729,bitflip,0.07,1100,IIXII,IYIII,IYXII,0001,-1,0
730,bitflip,0.07,0001,XIIII,XIIII,IIIII,0000,1,1
731,bitflip,0.07,0001,XIIII,XIIII,IIIII,0000,1,1
732,bitflip,0.07,0000,IIIII,IIIII,IIIII,0000,1,1
733,bitflip,0.07,0000,IIIII,IIIII,IIIII,0000,1,1
734,bitflip,0.07,0000,IIIII,IIIII,IIIII,0000,1,1
735,bitflip,0.07,0000,IIIII,IIIII,IIIII,0000,1,1
736,bitflip,0.07,0000,IIIII,IIIII,IIIII,0000,1,1
737,bitflip,0.07,0111,XIIXI,IIIXI,XIIII,0001,-1,0
738,bitflip,0.07,0000,IIIII,IIIII,IIIII,0000,1,1
739,bitflip,0.07,0000,IIIII,IIIII,IIIII,0000,1,1
740,bitflip,0.07,0000,IIIII,IIIII,IIIII,0000,1,1
741,bitflip,0.07,0000,IIIII,IIIII,IIIII,0000,1,1
742,bitflip,0.07,0000,IIIII,IIIII,IIIII,0000,1,1
743,bitflip,0.07,0000,IIIII,IIIII,IIIII,0000,1,1
744,bitflip,0.07,0000,IIIII,IIIII,IIIII,0000,1,1
745,bitflip,0.07,0100,IXXII,IXIII,IIXII,1100,-1,0
746,bitflip,0.07,1100,IIXII,IYIII,IYXII,0001,-1,0
747,bitflip,0.07,1100,IIXII,IYIII,IYXII,0001,-1,0
748,bitflip,0.07,1100,IIXII,IYIII,IYXII,0001,-1,0
749,bitflip,0.07,0001,XIIII,XIIII,IIIII,0000,1,1
750,bitflip,0.07,0000,IIIII,IIIII,IIIII,0000,1,1
751,bitflip,0.07,0000,IIIII,IIIII,IIIII,0000,1,1
752,bitflip,0.07,1100,IIXII,IYIII,IYXII,0001,-1,0
753,bitflip,0.07,1000,IXIII,IXIII,IIIII,0000,1,1
754,bitflip,0.07,0111,XIIXI,IIIXI,XIIII,0001,-1,0
755,bitflip,0.07,1011,IXIIX,YIIII,YXIIX,0000,-1,0
756,bitflip,0.07,0000,IIIII,IIIII,IIIII,0000,1,1
757,bitflip,0.07,0000,IIIII,IIIII,IIIII,0000,1,1
758,bitflip,0.07,0000,IIIII,IIIII,IIIII,0000,1,1
759,bitflip,0.07,0000,IIIII,IIIII,IIIII,0000,1,1
760,bitflip,0.07,0000,IIIII,IIIII,IIIII,0000,1,1
761,bitflip,0.07,0000,IIIII,IIIII,IIIII,0000,1,1
762,bitflip,0.07,0000,IIIII,IIIII,IIIII,0000,1,1
763,bitflip,0.07,0000,IIIII,IIIII,IIIII,0000,1,1
764,bitflip,0.07,0001,XIIII,XIIII,IIIII,0000,1,1
765,bitflip,0.07,0111,XIIXI,IIIXI,XIIII,0001,-1,0
766,bitflip,0.07,0001,XIIII,XIIII,IIIII,0000,1,1
767,bitflip,0.07,0000,IIIII,IIIII,IIIII,0000,1,1
768,bitflip,0.07,0000,IIIII,IIIII,IIIII,0000,1,1
769,bitflip,0.07,0000,IIIII,IIIII,IIIII,0000,1,1
770,bitflip,0.07,0000,IIIII,IIIII,IIIII,0000,1,1
771,bitflip,0.07,0110,IIIXI,IIIXI,IIIII,0000,1,1
772,bitflip,0.07,0000,IIIII,IIIII,IIIII,0000,1,1
773,bitflip,0.07,0000,IIIII,IIIII,IIIII,0000,1,1
774,bitflip,0.07,0000,IIIII,IIIII,IIIII,0000,1,1
775,bitflip,0.07,0000,IIIII,IIIII,IIIII,0000,1,1
776,bitflip,0.07,0000,IIIII,IIIII,IIIII,0000,1,1
777,bitflip,0.07,0001,XIIII,XIIII,IIIII,0000,1,1
778,bitflip,0.07,0001,XIIII,XIIII,IIIII,0000,1,1
779,bitflip,0.07,0110,IIIXI,IIIXI,IIIII,0000,1,1
780,bitflip,0.07,0000,IIIII,IIIII,IIIII,0000,1,1
781,bitflip,0.07,1100,IIXII,IYIII,IYXII,0001,-1,0
782,bitflip,0.07,0000,IIIII,IIIII,IIIII,0000,1,1
783,bitflip,0.07,0000,IIIII,IIIII,IIIII,0000,1,1
784,bitflip,0.07,0000,IIIII,IIIII,IIIII,0000,1,1
785,bitflip,0.07,0000,IIIII,IIIII,IIIII,0000,1,1
786,bitflip,0.07,0011,IIIIX,IZIII,IZIIX,0110,-1,0
787,bitflip,0.07,1000,IXIII,IXIII,IIIII,0000,1,1
788,bitflip,0.07,0000,IIIII,IIIII,IIIII,0000,1,1
789,bitflip,0.07,0000,IIIII,IIIII,IIIII,0000,1,1
790,bitflip,0.07,0000,IIIII,IIIII,IIIII,0000,1,1
791,bitflip,0.07,1100,IIXII,IYIII,IYXII,0001,-1,0
792,bitflip,0.07,1000,IXIII,IXIII,IIIII,0000,1,1
793,bitflip,0.07,0000,IIIII,IIIII,IIIII,0000,1,1
794,bitflip,0.07,0011,IIIIX,IZIII,IZIIX,0110,-1,0
795,bitflip,0.07,0000,IIIII,IIIII,IIIII,0000,1,1
796,bitflip,0.07,0011,IIIIX,IZIII,IZIIX,0110,-1,0
797,bitflip,0.07,0000,IIIII,IIIII,IIIII,0000,1,1
798,bitflip,0.07,0000,IIIII,IIIII,IIIII,0000,1,1
799,bitflip,0.07,0000,IIIII,IIIII,IIIII,0000,1,1
800,bitflip,0.07,0000,IIIII,IIIII,IIIII,0000,1,1
801,bitflip,0.07,0000,IIIII,IIIII,IIIII,0000,1,1
802,bitflip,0.07,0000,IIIII,IIIII,IIIII,0000,1,1
803,bitflip,0.07,0000,IIIII,IIIII,IIIII,0000,1,1
804,bitflip,0.07,0000,IIIII,IIIII,IIIII,0000,1,1
805,bitflip,0.07,1100,IIXII,IYIII,IYXII,0001,-1,0
806,bitflip,0.07,0000,IIIII,IIIII,IIIII,0000,1,1
807,bitflip,0.07,0000,IIIII,IIIII,IIIII,0000,1,1
808,bitflip,0.07,0000,IIIII,IIIII,IIIII,0000,1,1
809,bitflip,0.07,0011,IIIIX,IZIII,IZIIX,0110,-1,0
810,bitflip,0.07,0000,IIIII,IIIII,IIIII,0000,1,1
811,bitflip,0.07,1100,IIXII,IYIII,IYXII,0001,-1,0
812,bitflip,0.07,0000,IIIII,IIIII,IIIII,0000,1,1
813,bitflip,0.07,1111,IIXIX,IXIII,IXXIX,0111,-1,0
814,bitflip,0.07,1100,IIXII,IYIII,IYXII,0001,-1,0
815,bitflip,0.07,0011,IIIIX,IZIII,IZIIX,0110,-1,0
816,bitflip,0.07,0000,IIIII,IIIII,IIIII,0000,1,1
817,bitflip,0.07,0011,IIIIX,IZIII,IZIIX,0110,-1,0
818,bitflip,0.07,0000,IIIII,IIIII,IIIII,0000,1,1
819,bitflip,0.07,1000,IXIII,IXIII,IIIII,0000,1,1
820,bitflip,0.07,0000,IIIII,IIIII,IIIII,0000,1,1
821,bitflip,0.07,0000,IIIII,IIIII,IIIII,0000,1,1
822,bitflip,0.07,0000,IIIII,IIIII,IIIII,0000,1,1
823,bitflip,0.07,0000,IIIII,IIIII,IIIII,0000,1,1
824,bitflip,0.07,0000,IIIII,IIIII,IIIII,0000,1,1
825,bitflip,0.07,0110,IIIXI,IIIXI,IIIII,0000,1,1
826,bitflip,0.07,0000,IIIII,IIIII,IIIII,0000,1,1
827,bitflip,0.07,0000,IIIII,IIIII,IIIII,0000,1,1
828,bitflip,0.07,0000,IIIII,IIIII,IIIII,0000,1,1
829,bitflip,0.07,0000,IIIII,IIIII,IIIII,0000,1,1
830,bitflip,0.07,0000,IIIII,IIIII,IIIII,0000,1,1
831,bitflip,0.07,0000,IIIII,IIIII,IIIII,0000,1,1
832,bitflip,0.07,0001,XIIII,XIIII,IIIII,0000,1,1
833,bitflip,0.07,0000,IIIII,IIIII,IIIII,0000,1,1
834,bitflip,0.07,0000,IIIII,IIIII,IIIII,0000,1,1
835,bitflip,0.07,0000,IIIII,IIIII,IIIII,0000,1,1
836,bitflip,0.07,0000,IIIII,IIIII,IIIII,0000,1,1
837,bitflip,0.07,0000,IIIII,IIIII,IIIII,0000,1,1
838,bitflip,0.07,0000,IIIII,IIIII,IIIII,0000,1,1
839,bitflip,0.07,0000,IIIII,IIIII,IIIII,0000,1,1
840,bitflip,0.07,0001,XIIII,XIIII,IIIII,0000,1,1
841,bitflip,0.07,0000,IIIII,IIIII,IIIII,0000,1,1
842,bitflip,0.07,1100,IIXII,IYIII,IYXII,0001,-1,0
843,bitflip,0.07,0000,IIIII,IIIII,IIIII,0000,1,1
844,bitflip,0.07,0000,IIIII,IIIII,IIIII,0000,1,1
845,bitflip,0.07,0000,IIIII,IIIII,IIIII,0000,1,1
846,bitflip,0.07,0000,IIIII,IIIII,IIIII,0000,1,1
847,bitflip,0.07,0000,IIIII,IIIII,IIIII,0000,1,1
848,bitflip,0.07,0000,IIIII,IIIII,IIIII,0000,1,1
849,bitflip,0.07,0000,IIIII,IIIII,IIIII,0000,1,1
850,bitflip,0.07,0000,IIIII,IIIII,IIIII,0000,1,1
851,bitflip,0.07,0000,IIIII,IIIII,IIIII,0000,1,1
852,bitflip,0.07,1100,IIXII,IYIII,IYXII,0001,-1,0
853,bitflip,0.07,0000,IIIII,IIIII,IIIII,0000,1,1
854,bitflip,0.07,0000,IIIII,IIIII,IIIII,0000,1,1
855,bitflip,0.07,0000,IIIII,IIIII,IIIII,0000,1,1
856,bitflip,0.07,0110,IIIXI,IIIXI,IIIII,0000,1,1
857,bitflip,0.07,0000,IIIII,IIIII,IIIII,0000,1,1
858,bitflip,0.07,0000,IIIII,IIIII,IIIII,0000,1,1
859,bitflip,0.07,1110,IXIXI,YIIII,YXIXI,0101,-1,0
860,bitflip,0.07,0011,IIIIX,IZIII,IZIIX,0110,-1,0
861,bitflip,0.07,0000,IIIII,IIIII,IIIII,0000,1,1
862,bitflip,0.07,0011,IIIIX,IZIII,IZIIX,0110,-1,0
863,bitflip,0.07,0000,IIIII,IIIII,IIIII,0000,1,1
864,bitflip,0.07,1011,IXIIX,YIIII,YXIIX,0000,-1,0
865,bitflip,0.07,0000,IIIII,IIIII,IIIII,0000,1,1
866,bitflip,0.07,0000,IIIII,IIIII,IIIII,0000,1,1
867,bitflip,0.07,0000,IIIII,IIIII,IIIII,0000,1,1
868,bitflip,0.07,0000,IIIII,IIIII,IIIII,0000,1,1
869,bitflip,0.07,0000,IIIII,IIIII,IIIII,0000,1,1
870,bitflip,0.07,0100,IXXII,IXIII,IIXII,1100,-1,0
871,bitflip,0.07,0000,IIIII,IIIII,IIIII,0000,1,1
872,bitflip,0.07,1100,IIXII,IYIII,IYXII,0001,-1,0
873,bitflip,0.07,0000,IIIII,IIIII,IIIII,0000,1,1
874,bitflip,0.07,0000,IIIII,IIIII,IIIII,0000,1,1
875,bitflip,0.07,0000,IIIII,IIIII,IIIII,0000,1,1
876,bitflip,0.07,0000,IIIII,IIIII,IIIII,0000,1,1
877,bitflip,0.07,0000,IIIII,IIIII,IIIII,0000,1,1
878,bitflip,0.07,0011,IIIIX,IZIII,IZIIX,0110,-1,0
879,bitflip,0.07,0000,IIIII,IIIII,IIIII,0000,1,1
880,bitflip,0.07,0110,IIIXI,IIIXI,IIIII,0000,1,1
881,bitflip,0.07,1100,IIXII,IYIII,IYXII,0001,-1,0
882,bitflip,0.07,0001,XIIII,XIIII,IIIII,0000,1,1
883,bitflip,0.07,0101,IIIXX,YIIII,YIIXX,1110,-1,0
884,bitflip,0.07,0000,IIIII,IIIII,IIIII,0000,1,1
885,bitflip,0.07,0000,IIIII,IIIII,IIIII,0000,1,1
886,bitflip,0.07,0000,IIIII,IIIII,IIIII,0000,1,1
887,bitflip,0.07,0001,XIIII,XIIII,IIIII,0000,1,1
888,bitflip,0.07,0000,IIIII,IIIII,IIIII,0000,1,1
889,bitflip,0.07,0001,XIIII,XIIII,IIIII,0000,1,1
890,bitflip,0.07,0000,IIIII,IIIII,IIIII,0000,1,1
891,bitflip,0.07,0000,IIIII,IIIII,IIIII,0000,1,1
892,bitflip,0.07,0000,IIIII,IIIII,IIIII,0000,1,1
893,bitflip,0.07,0000,IIIII,IIIII,IIIII,0000,1,1
894,bitflip,0.07,1000,IXIII,IXIII,IIIII,0000,1,1
895,bitflip,0.07,1001,XXIII,IIIZI,XXIZI,0000,-1,0
896,bitflip,0.07,0000,IIIII,IIIII,IIIII,0000,1,1
897,bitflip,0.07,0000,IIIII,IIIII,IIIII,0000,1,1
898,bitflip,0.07,0000,IIIII,IIIII,IIIII,0000,1,1
899,bitflip,0.07,0011,IIIIX,IZIII,IZIIX,0110,-1,0
900,bitflip,0.07,0000,IIIII,IIIII,IIIII,0000,1,1
901,bitflip,0.07,0110,IIIXI,IIIXI,IIIII,0000,1,1
902,bitflip,0.07,0000,IIIII,IIIII,IIIII,0000,1,1
903,bitflip,0.07,1100,IIXII,IYIII,IYXII,0001,-1,0
904,bitflip,0.07,0000,IIIII,IIIII,IIIII,0000,1,1
905,bitflip,0.07,1000,IXIII,IXIII,IIIII,0000,1,1
906,bitflip,0.07,1000,IXIII,IXIII,IIIII,0000,1,1
907,bitflip,0.07,0000,IIIII,IIIII,IIIII,0000,1,1
908,bitflip,0.07,0000,IIIII,IIIII,IIIII,0000,1,1
909,bitflip,0.07,0011,IIIIX,IZIII,IZIIX,0110,-1,0
910,bitflip,0.07,0011,IIIIX,IZIII,IZIIX,0110,-1,0
911,bitflip,0.07,0000,IIIII,IIIII,IIIII,0000,1,1
912,bitflip,0.07,0000,IIIII,IIIII,IIIII,0000,1,1
913,bitflip,0.07,0000,IIIII,IIIII,IIIII,0000,1,1
914,bitflip,0.07,1000,IXIII,IXIII,IIIII,0000,1,1
915,bitflip,0.07,0001,XIIII,XIIII,IIIII,0000,1,1
916,bitflip,0.07,1000,IXIII,IXIII,IIIII,0000,1,1
917,bitflip,0.07,0000,IIIII,IIIII,IIIII,0000,1,1
918,bitflip,0.07,0110,IIIXI,IIIXI,IIIII,0000,1,1
919,bitflip,0.07,0011,IIIIX,IZIII,IZIIX,0110,-1,0
920,bitflip,0.07,0110,IIIXI,IIIXI,IIIII,0000,1,1
921,bitflip,0.07,0000,IIIII,IIIII,IIIII,0000,1,1
922,bitflip,0.07,0110,IIIXI,IIIXI,IIIII,0000,1,1
923,bitflip,0.07,0100,IXXII,IXIII,IIXII,1100,-1,0
924,bitflip,0.07,0110,IIIXI,IIIXI,IIIII,0000,1,1
925,bitflip,0.07,0101,IIIXX,YIIII,YIIXX,1110,-1,0
926,bitflip,0.07,0000,IIIII,IIIII,IIIII,0000,1,1
927,bitflip,0.07,0000,IIIII,IIIII,IIIII,0000,1,1
928,bitflip,0.07,0000,IIIII,IIIII,IIIII,0000,1,1
929,bitflip,0.07,1000,IXIII,IXIII,IIIII,0000,1,1
930,bitflip,0.07,0000,IIIII,IIIII,IIIII,0000,1,1
931,bitflip,0.07,0000,IIIII,IIIII,IIIII,0000,1,1
932,bitflip,0.07,0000,IIIII,IIIII,IIIII,0000,1,1
933,bitflip,0.07,0011,IIIIX,IZIII,IZIIX,0110,-1,0
934,bitflip,0.07,1111,IIXIX,IXIII,IXXIX,0111,-1,0
935,bitflip,0.07,0000,IIIII,IIIII,IIIII,0000,1,1
936,bitflip,0.07,0001,XIIII,XIIII,IIIII,0000,1,1
937,bitflip,0.07,0000,IIIII,IIIII,IIIII,0000,1,1
938,bitflip,0.07,0100,IXXII,IXIII,IIXII,1100,-1,0
939,bitflip,0.07,0000,IIIII,IIIII,IIIII,0000,1,1
940,bitflip,0.07,0000,IIIII,IIIII,IIIII,0000,1,1
941,bitflip,0.07,0000,IIIII,IIIII,IIIII,0000,1,1
942,bitflip,0.07,0000,IIIII,IIIII,IIIII,0000,1,1
943,bitflip,0.07,0001,XIIII,XIIII,IIIII,0000,1,1
944,bitflip,0.07,0001,XIIII,XIIII,IIIII,0000,1,1
945,bitflip,0.07,0000,IIIII,IIIII,IIIII,0000,1,1
946,bitflip,0.07,0000,IIIII,IIIII,IIIII,0000,1,1
947,bitflip,0.07,1000,IXIII,IXIII,IIIII,0000,1,1
948,bitflip,0.07,0000,IIIII,IIIII,IIIII,0000,1,1
949,bitflip,0.07,0000,IIIII,IIIII,IIIII,0000,1,1
950,bitflip,0.07,1100,IIXII,IYIII,IYXII,0001,-1,0
951,bitflip,0.07,0011,IIIIX,IZIII,IZIIX,0110,-1,0
952,bitflip,0.07,0000,IIIII,IIIII,IIIII,0000,1,1
953,bitflip,0.07,0000,IIIII,IIIII,IIIII,0000,1,1
954,bitflip,0.07,0000,IIIII,IIIII,IIIII,0000,1,1
955,bitflip,0.07,0000,IIIII,IIIII,IIIII,0000,1,1
956,bitflip,0.07,0000,IIIII,IIIII,IIIII,0000,1,1
957,bitflip,0.07,0000,IIIII,IIIII,IIIII,0000,1,1
958,bitflip,0.07,0000,IIIII,IIIII,IIIII,0000,1,1
959,bitflip,0.07,0000,IIIII,IIIII,IIIII,0000,1,1
960,bitflip,0.07,0000,IIIII,IIIII,IIIII,0000,1,1
961,bitflip,0.07,0000,IIIII,IIIII,IIIII,0000,1,1
962,bitflip,0.07,0000,IIIII,IIIII,IIIII,0000,1,1
963,bitflip,0.07,0000,IIIII,IIIII,IIIII,0000,1,1
964,bitflip,0.07,0000,IIIII,IIIII,IIIII,0000,1,1
965,bitflip,0.07,0001,XIIII,XIIII,IIIII,0000,1,1
966,bitflip,0.07,0000,IIIII,IIIII,IIIII,0000,1,1
967,bitflip,0.07,0000,IIIII,IIIII,IIIII,0000,1,1
968,bitflip,0.07,0000,IIIII,IIIII,IIIII,0000,1,1
969,bitflip,0.07,0000,IIIII,IIIII,IIIII,0000,1,1
970,bitflip,0.07,0000,IIIII,IIIII,IIIII,0000,1,1
971,bitflip,0.07,0000,IIIII,IIIII,IIIII,0000,1,1
972,bitflip,0.07,0000,IIIII,IIIII,IIIII,0000,1,1
973,bitflip,0.07,0000,IIIII,IIIII,IIIII,0000,1,1
974,bitflip,0.07,0000,IIIII,IIIII,IIIII,0000,1,1
975,bitflip,0.07,0011,IIIIX,IZIII,IZIIX,0110,-1,0
976,bitflip,0.07,1000,IXIII,IXIII,IIIII,0000,1,1
977,bitflip,0.07,0000,IIIII,IIIII,IIIII,0000,1,1
978,bitflip,0.07,0000,IIIII,IIIII,IIIII,0000,1,1
979,bitflip,0.07,0000,IIIII,IIIII,IIIII,0000,1,1
980,bitflip,0.07,0000,IIIII,IIIII,IIIII,0000,1,1
981,bitflip,0.07,1111,IIXIX,IXIII,IXXIX,0111,-1,0
982,bitflip,0.07,0001,XIIII,XIIII,IIIII,0000,1,1
983,bitflip,0.07,0000,IIIII,IIIII,IIIII,0000,1,1
984,bitflip,0.07,0011,IIIIX,IZIII,IZIIX,0110,-1,0
985,bitflip,0.07,0000,IIIII,IIIII,IIIII,0000,1,1
986,bitflip,0.07,1100,IIXII,IYIII,IYXII,0001,-1,0
987,bitflip,0.07,1100,IIXII,IYIII,IYXII,0001,-1,0
988,bitflip,0.07,0000,IIIII,IIIII,IIIII,0000,1,1
989,bitflip,0.07,0110,IIIXI,IIIXI,IIIII,0000,1,1
990,bitflip,0.07,0001,XIIII,XIIII,IIIII,0000,1,1
991,bitflip,0.07,0000,IIIII,IIIII,IIIII,0000,1,1
992,bitflip,0.07,0000,IIIII,IIIII,IIIII,0000,1,1
993,bitflip,0.07,0000,IIIII,IIIII,IIIII,0000,1,1
994,bitflip,0.07,0000,IIIII,IIIII,IIIII,0000,1,1
995,bitflip,0.07,0000,IIIII,IIIII,IIIII,0000,1,1
996,bitflip,0.07,0011,IIIIX,IZIII,IZIIX,0110,-1,0
997,bitflip,0.07,1101,XIXII,YIIII,ZIXII,0110,-1,0
998,bitflip,0.07,1001,XXIII,IIIZI,XXIZI,0000,-1,0
999,bitflip,0.07,0000,IIIII,IIIII,IIIII,0000,1,1
1000,bitflip,0.07,0000,IIIII,IIIII,IIIII,0000,1,1
1001,bitflip,0.07,0000,IIIII,IIIII,IIIII,0000,1,1
1002,bitflip,0.07,0000,IIIII,IIIII,IIIII,0000,1,1
1003,bitflip,0.07,0000,IIIII,IIIII,IIIII,0000,1,1
1004,bitflip,0.07,0000,IIIII,IIIII,IIIII,0000,1,1
1005,bitflip,0.07,0110,IIIXI,IIIXI,IIIII,0000,1,1
1006,bitflip,0.07,0000,IIIII,IIIII,IIIII,0000,1,1
1007,bitflip,0.07,0000,IIIII,IIIII,IIIII,0000,1,1
1008,bitflip,0.07,0000,IIIII,IIIII,IIIII,0000,1,1
1009,bitflip,0.07,0000,IIIII,IIIII,IIIII,0000,1,1
1010,bitflip,0.07,0001,XIIII,XIIII,IIIII,0000,1,1
1011,bitflip,0.07,0110,IIIXI,IIIXI,IIIII,0000,1,1
1012,bitflip,0.07,1100,IIXII,IYIII,IYXII,0001,-1,0
1013,bitflip,0.07,0000,IIIII,IIIII,IIIII,0000,1,1
1014,bitflip,0.07,0000,IIIII,IIIII,IIIII,0000,1,1
1015,bitflip,0.07,0011,IIIIX,IZIII,IZIIX,0110,-1,0
1016,bitflip,0.07,0000,IIIII,IIIII,IIIII,0000,1,1
1017,bitflip,0.07,0110,IIIXI,IIIXI,IIIII,0000,1,1
1018,bitflip,0.07,0000,IIIII,IIIII,IIIII,0000,1,1
1019,bitflip,0.07,0000,IIIII,IIIII,IIIII,0000,1,1
1020,bitflip,0.07,0000,IIIII,IIIII,IIIII,0000,1,1
1021,bitflip,0.07,0000,IIIII,IIIII,IIIII,0000,1,1
1022,bitflip,0.07,1000,IXIII,IXIII,IIIII,0000,1,1
1023,bitflip,0.07,0000,IIIII,IIIII,IIIII,0000,1,1
1024,bitflip,0.07,0000,IIIII,IIIII,IIIII,0000,1,1
1025,bitflip,0.07,0000,IIIII,IIIII,IIIII,0000,1,1
1026,bitflip,0.07,0000,IIIII,IIIII,IIIII,0000,1,1
1027,bitflip,0.07,0000,IIIII,IIIII,IIIII,0000,1,1
1028,bitflip,0.07,0000,IIIII,IIIII,IIIII,0000,1,1
1029,bitflip,0.07,0000,IIIII,IIIII,IIIII,0000,1,1
1030,bitflip,0.07,0011,IIIIX,IZIII,IZIIX,0110,-1,0
1031,bitflip,0.07,0000,IIIII,IIIII,IIIII,0000,1,1
1032,bitflip,0.07,0011,IIIIX,IZIII,IZIIX,0110,-1,0
1033,bitflip,0.07,0000,IIIII,IIIII,IIIII,0000,1,1
1034,bitflip,0.07,0000,IIIII,IIIII,IIIII,0000,1,1
1035,bitflip,0.07,0000,IIIII,IIIII,IIIII,0000,1,1
1036,bitflip,0.07,0000,IIIII,IIIII,IIIII,0000,1,1
1037,bitflip,0.07,0000,IIIII,IIIII,IIIII,0000,1,1
1038,bitflip,0.07,0000,IIIII,IIIII,IIIII,0000,1,1
1039,bitflip,0.07,0000,IIIII,IIIII,IIIII,0000,1,1
1040,bitflip,0.07,1100,IIXII,IYIII,IYXII,0001,-1,0
1041,bitflip,0.07,0000,IIIII,IIIII,IIIII,0000,1,1
1042,bitflip,0.07,0000,IIIII,IIIII,IIIII,0000,1,1
1043,bitflip,0.07,0000,IIIII,IIIII,IIIII,0000,1,1
1044,bitflip,0.07,0011,IIIIX,IZIII,IZIIX,0110,-1,0
1045,bitflip,0.07,0000,IIIII,IIIII,IIIII,0000,1,1
1046,bitflip,0.07,0000,IIIII,IIIII,IIIII,0000,1,1
1047,bitflip,0.07,1100,IIXII,IYIII,IYXII,0001,-1,0
1048,bitflip,0.07,0000,IIIII,IIIII,IIIII,0000,1,1
1049,bitflip,0.07,1100,IIXII,IYIII,IYXII,0001,-1,0
1050,bitflip,0.07,1100,IIXII,IYIII,IYXII,0001,-1,0
1051,bitflip,0.07,0001,XIIII,XIIII,IIIII,0000,1,1
1052,bitflip,0.07,0011,IIIIX,IZIII,IZIIX,0110,-1,0
1053,bitflip,0.07,0000,IIIII,IIIII,IIIII,0000,1,1
1054,bitflip,0.07,1000,IXIII,IXIII,IIIII,0000,1,1
1055,bitflip,0.07,0000,IIIII,IIIII,IIIII,0000,1,1
1056,bitflip,0.07,1000,IXIII,IXIII,IIIII,0000,1,1
1057,bitflip,0.07,0010,XIIIX,XIIII,IIIIX,0011,-1,0
1058,bitflip,0.07,0000,IIIII,IIIII,IIIII,0000,1,1
1059,bitflip,0.07,0001,XIIII,XIIII,IIIII,0000,1,1
1060,bitflip,0.07,0000,IIIII,IIIII,IIIII,0000,1,1
1061,bitflip,0.07,0000,IIIII,IIIII,IIIII,0000,1,1
1062,bitflip,0.07,0011,IIIIX,IZIII,IZIIX,0110,-1,0
1063,bitflip,0.07,1111,IIXIX,IXIII,IXXIX,0111,-1,0
1064,bitflip,0.07,0000,IIIII,IIIII,IIIII,0000,1,1
1065,bitflip,0.07,0000,IIIII,IIIII,IIIII,0000,1,1
1066,bitflip,0.07,0011,IIIIX,IZIII,IZIIX,0110,-1,0
1067,bitflip,0.07,0000,IIIII,IIIII,IIIII,0000,1,1
1068,bitflip,0.07,1000,IXIII,IXIII,IIIII,0000,1,1
1069,bitflip,0.07,0000,IIIII,IIIII,IIIII,0000,1,1
1070,bitflip,0.07,0000,IIIII,IIIII,IIIII,0000,1,1
1071,bitflip,0.07,1100,IIXII,IYIII,IYXII,0001,-1,0
1072,bitflip,0.07,1000,IXIII,IXIII,IIIII,0000,1,1
1073,bitflip,0.07,0000,IIIII,IIIII,IIIII,0000,1,1
1074,bitflip,0.07,0000,IIIII,IIIII,IIIII,0000,1,1
1075,bitflip,0.07,0110,IIIXI,IIIXI,IIIII,0000,1,1
1076,bitflip,0.07,0000,IIIII,IIIII,IIIII,0000,1,1
1077,bitflip,0.07,0000,IIIII,IIIII,IIIII,0000,1,1
1078,bitflip,0.07,0000,IIIII,IIIII,IIIII,0000,1,1
1079,bitflip,0.07,0000,IIIII,IIIII,IIIII,0000,1,1
1080,bitflip,0.07,0000,IIIII,IIIII,IIIII,0000,1,1
1081,bitflip,0.07,0000,IIIII,IIIII,IIIII,0000,1,1
1082,bitflip,0.07,0000,IIIII,IIIII,IIIII,0000,1,1
1083,bitflip,0.07,0000,IIIII,IIIII,IIIII,0000,1,1
1084,bitflip,0.07,0000,IIIII,IIIII,IIIII,0000,1,1
1085,bitflip,0.07,0000,IIIII,IIIII,IIIII,0000,1,1
1086,bitflip,0.07,0000,IIIII,IIIII,IIIII,0000,1,1
1087,bitflip,0.07,0110,IIIXI,IIIXI,IIIII,0000,1,1
1088,bitflip,0.07,0000,IIIII,IIIII,IIIII,0000,1,1
1089,bitflip,0.07,0001,XIIII,XIIII,IIIII,0000,1,1
1090,bitflip,0.07,0000,IIIII,IIIII,IIIII,0000,1,1
1091,bitflip,0.07,0000,IIIII,IIIII,IIIII,0000,1,1
1092,bitflip,0.07,1100,IIXII,IYIII,IYXII,0001,-1,0
1093,bitflip,0.07,0000,IIIII,IIIII,IIIII,0000,1,1
1094,bitflip,0.07,1111,IIXIX,IXIII,IXXIX,0111,-1,0
1095,bitflip,0.07,0000,IIIII,IIIII,IIIII,0000,1,1
1096,bitflip,0.07,0000,IIIII,IIIII,IIIII,0000,1,1
1097,bitflip,0.07,0000,IIIII,IIIII,IIIII,0000,1,1
1098,bitflip,0.07,0000,IIIII,IIIII,IIIII,0000,1,1
1099,bitflip,0.07,0000,IIIII,IIIII,IIIII,0000,1,1
1100,bitflip,0.07,0000,IIIII,IIIII,IIIII,0000,1,1
1101,bitflip,0.07,0000,IIIII,IIIII,IIIII,0000,1,1
1102,bitflip,0.07,0000,IIIII,IIIII,IIIII,0000,1,1
1103,bitflip,0.07,1000,IXIII,IXIII,IIIII,0000,1,1
1104,bitflip,0.07,0000,IIIII,IIIII,IIIII,0000,1,1
1105,bitflip,0.07,0000,IIIII,IIIII,IIIII,0000,1,1
1106,bitflip,0.07,0011,IIIIX,IZIII,IZIIX,0110,-1,0
1107,bitflip,0.07,0000,IIIII,IIIII,IIIII,0000,1,1
1108,bitflip,0.07,0000,IIIII,IIIII,IIIII,0000,1,1
1109,bitflip,0.07,0000,IIIII,IIIII,IIIII,0000,1,1
1110,bitflip,0.07,0110,IIIXI,IIIXI,IIIII,0000,1,1
1111,bitflip,0.07,0000,IIIII,IIIII,IIIII,0000,1,1
1112,bitflip,0.07,1100,IIXII,IYIII,IYXII,0001,-1,0
1113,bitflip,0.07,0000,IIIII,IIIII,IIIII,0000,1,1
1114,bitflip,0.07,0000,IIIII,IIIII,IIIII,0000,1,1
1115,bitflip,0.07,1100,IIXII,IYIII,IYXII,0001,-1,0
1116,bitflip,0.07,0000,IIIII,IIIII,IIIII,0000,1,1
1117,bitflip,0.07,1000,IXIII,IXIII,IIIII,0000,1,1
1118,bitflip,0.07,0000,IIIII,IIIII,IIIII,0000,1,1
1119,bitflip,0.07,0000,IIIII,IIIII,IIIII,0000,1,1
1120,bitflip,0.07,0000,IIIII,IIIII,IIIII,0000,1,1
1121,bitflip,0.07,0000,IIIII,IIIII,IIIII,0000,1,1
1122,bitflip,0.07,0000,IIIII,IIIII,IIIII,0000,1,1
1123,bitflip,0.07,0100,IXXII,IXIII,IIXII,1100,-1,0
1124,bitflip,0.07,0000,IIIII,IIIII,IIIII,0000,1,1
1125,bitflip,0.07,0000,IIIII,IIIII,IIIII,0000,1,1
1126,bitflip,0.07,0001,XIIII,XIIII,IIIII,0000,1,1
1127,bitflip,0.07,0000,IIIII,IIIII,IIIII,0000,1,1
1128,bitflip,0.07,0010,XIIIX,XIIII,IIIIX,0011,-1,0
1129,bitflip,0.07,0110,IIIXI,IIIXI,IIIII,0000,1,1
1130,bitflip,0.07,0000,IIIII,IIIII,IIIII,0000,1,1
1131,bitflip,0.07,0000,IIIII,IIIII,IIIII,0000,1,1
1132,bitflip,0.07,0000,IIIII,IIIII,IIIII,0000,1,1
1133,bitflip,0.07,0000,IIIII,IIIII,IIIII,0000,1,1
1134,bitflip,0.07,1000,IXIII,IXIII,IIIII,0000,1,1
1135,bitflip,0.07,0000,IIIII,IIIII,IIIII,0000,1,1
1136,bitflip,0.07,1100,IIXII,IYIII,IYXII,0001,-1,0
1137,bitflip,0.07,0000,IIIII,IIIII,IIIII,0000,1,1
1138,bitflip,0.07,0001,XIIII,XIIII,IIIII,0000,1,1
1139,bitflip,0.07,0000,IIIII,IIIII,IIIII,0000,1,1
1140,bitflip,0.07,0000,IIIII,IIIII,IIIII,0000,1,1
1141,bitflip,0.07,0000,IIIII,IIIII,IIIII,0000,1,1
1142,bitflip,0.07,0000,IIIII,IIIII,IIIII,0000,1,1
1143,bitflip,0.07,0110,IIIXI,IIIXI,IIIII,0000,1,1
1144,bitflip,0.07,0000,IIIII,IIIII,IIIII,0000,1,1
1145,bitflip,0.07,0000,IIIII,IIIII,IIIII,0000,1,1
1146,bitflip,0.07,0010,XIIIX,XIIII,IIIIX,0011,-1,0
1147,bitflip,0.07,0101,IIIXX,YIIII,YIIXX,1110,-1,0
1148,bitflip,0.07,0000,IIIII,IIIII,IIIII,0000,1,1
1149,bitflip,0.07,0000,IIIII,IIIII,IIIII,0000,1,1
1150,bitflip,0.07,1000,IXIII,IXIII,IIIII,0000,1,1
1151,bitflip,0.07,0011,IIIIX,IZIII,IZIIX,0110,-1,0
1152,bitflip,0.07,0000,IIIII,IIIII,IIIII,0000,1,1
1153,bitflip,0.07,0000,IIIII,IIIII,IIIII,0000,1,1
1154,bitflip,0.07,0000,IIIII,IIIII,IIIII,0000,1,1
1155,bitflip,0.07,0000,IIIII,IIIII,IIIII,0000,1,1
1156,bitflip,0.07,0000,IIIII,IIIII,IIIII,0000,1,1
1157,bitflip,0.07,0000,IIIII,IIIII,IIIII,0000,1,1
1158,bitflip,0.07,0000,IIIII,IIIII,IIIII,0000,1,1
1159,bitflip,0.07,0000,IIIII,IIIII,IIIII,0000,1,1
1160,bitflip,0.07,0001,XIIII,XIIII,IIIII,0000,1,1
1161,bitflip,0.07,0000,IIIII,IIIII,IIIII,0000,1,1
1162,bitflip,0.07,0000,IIIII,IIIII,IIIII,0000,1,1
1163,bitflip,0.07,0110,IIIXI,IIIXI,IIIII,0000,1,1
1164,bitflip,0.07,0000,IIIII,IIIII,IIIII,0000,1,1
1165,bitflip,0.07,0000,IIIII,IIIII,IIIII,0000,1,1
1166,bitflip,0.07,1000,IXIII,IXIII,IIIII,0000,1,1
1167,bitflip,0.07,0000,IIIII,IIIII,IIIII,0000,1,1
1168,bitflip,0.07,1100,IIXII,IYIII,IYXII,0001,-1,0
1169,bitflip,0.07,0001,XIIII,XIIII,IIIII,0000,1,1
1170,bitflip,0.07,1000,IXIII,IXIII,IIIII,0000,1,1
1171,bitflip,0.07,0001,XIIII,XIIII,IIIII,0000,1,1
1172,bitflip,0.07,0000,IIIII,IIIII,IIIII,0000,1,1
1173,bitflip,0.07,0000,IIIII,IIIII,IIIII,0000,1,1
1174,bitflip,0.07,0000,IIIII,IIIII,IIIII,0000,1,1
1175,bitflip,0.07,0000,IIIII,IIIII,IIIII,0000,1,1
1176,bitflip,0.07,0000,IIIII,IIIII,IIIII,0000,1,1
1177,bitflip,0.07,0000,IIIII,IIIII,IIIII,0000,1,1
1178,bitflip,0.07,0000,IIIII,IIIII,IIIII,0000,1,1
1179,bitflip,0.07,0111,XIIXI,IIIXI,XIIII,0001,-1,0
1180,bitflip,0.07,0000,IIIII,IIIII,IIIII,0000,1,1
1181,bitflip,0.07,1000,IXIII,IXIII,IIIII,0000,1,1
1182,bitflip,0.07,0010,XIIIX,XIIII,IIIIX,0011,-1,0
1183,bitflip,0.07,1000,IXIII,IXIII,IIIII,0000,1,1
1184,bitflip,0.07,0000,IIIII,IIIII,IIIII,0000,1,1
1185,bitflip,0.07,1100,IIXII,IYIII,IYXII,0001,-1,0
1186,bitflip,0.07,0000,IIIII,IIIII,IIIII,0000,1,1
1187,bitflip,0.07,0000,IIIII,IIIII,IIIII,0000,1,1
1188,bitflip,0.07,0000,IIIII,IIIII,IIIII,0000,1,1
1189,bitflip,0.07,0110,IIIXI,IIIXI,IIIII,0000,1,1
1190,bitflip,0.07,0000,IIIII,IIIII,IIIII,0000,1,1
1191,bitflip,0.07,1100,IIXII,IYIII,IYXII,0001,-1,0
1192,bitflip,0.07,0000,IIIII,IIIII,IIIII,0000,1,1
1193,bitflip,0.07,0000,IIIII,IIIII,IIIII,0000,1,1
1194,bitflip,0.07,0000,IIIII,IIIII,IIIII,0000,1,1
1195,bitflip,0.07,0011,IIIIX,IZIII,IZIIX,0110,-1,0
1196,bitflip,0.07,0000,IIIII,IIIII,IIIII,0000,1,1
1197,bitflip,0.07,0000,IIIII,IIIII,IIIII,0000,1,1
1198,bitflip,0.07,0000,IIIII,IIIII,IIIII,0000,1,1
1199,bitflip,0.07,0000,IIIII,IIIII,IIIII,0000,1,1
1200,bitflip,0.07,0000,IIIII,IIIII,IIIII,0000,1,1
1201,bitflip,0.07,0001,XIIII,XIIII,IIIII,0000,1,1
1202,bitflip,0.07,0111,XIIXI,IIIXI,XIIII,0001,-1,0
1203,bitflip,0.07,0000,IIIII,IIIII,IIIII,0000,1,1
1204,bitflip,0.07,1100,IIXII,IYIII,IYXII,0001,-1,0
1205,bitflip,0.07,1100,IIXII,IYIII,IYXII,0001,-1,0
1206,bitflip,0.07,0000,IIIII,IIIII,IIIII,0000,1,1
1207,bitflip,0.07,0000,IIIII,IIIII,IIIII,0000,1,1
1208,bitflip,0.07,0000,IIIII,IIIII,IIIII,0000,1,1
1209,bitflip,0.07,0000,IIIII,IIIII,IIIII,0000,1,1
1210,bitflip,0.07,1110,IXIXI,YIIII,YXIXI,0101,-1,0
1211,bitflip,0.07,0110,IIIXI,IIIXI,IIIII,0000,1,1
1212,bitflip,0.07,0000,IIIII,IIIII,IIIII,0000,1,1
1213,bitflip,0.07,0000,IIIII,IIIII,IIIII,0000,1,1
1214,bitflip,0.07,0000,IIIII,IIIII,IIIII,0000,1,1
1215,bitflip,0.07,0000,IIIII,IIIII,IIIII,0000,1,1
1216,bitflip,0.07,0000,IIIII,IIIII,IIIII,0000,1,1
1217,bitflip,0.07,0000,IIIII,IIIII,IIIII,0000,1,1
1218,bitflip,0.07,1101,XIXII,YIIII,ZIXII,0110,-1,0
1219,bitflip,0.07,0000,IIIII,IIIII,IIIII,0000,1,1
1220,bitflip,0.07,0000,IIIII,IIIII,IIIII,0000,1,1
1221,bitflip,0.07,0001,XIIII,XIIII,IIIII,0000,1,1
1222,bitflip,0.07,0110,IIIXI,IIIXI,IIIII,0000,1,1
1223,bitflip,0.07,0011,IIIIX,IZIII,IZIIX,0110,-1,0
1224,bitflip,0.07,0110,IIIXI,IIIXI,IIIII,0000,1,1
1225,bitflip,0.07,0000,IIIII,IIIII,IIIII,0000,1,1
1226,bitflip,0.07,0000,IIIII,IIIII,IIIII,0000,1,1
1227,bitflip,0.07,0011,IIIIX,IZIII,IZIIX,0110,-1,0
1228,bitflip,0.07,1000,IXIII,IXIII,IIIII,0000,1,1
1229,bitflip,0.07,0000,IIIII,IIIII,IIIII,0000,1,1
1230,bitflip,0.07,0000,IIIII,IIIII,IIIII,0000,1,1
1231,bitflip,0.07,0000,IIIII,IIIII,IIIII,0000,1,1
1232,bitflip,0.07,0000,IIIII,IIIII,IIIII,0000,1,1
1233,bitflip,0.07,1100,IIXII,IYIII,IYXII,0001,-1,0
1234,bitflip,0.07,0000,IIIII,IIIII,IIIII,0000,1,1
1235,bitflip,0.07,0000,IIIII,IIIII,IIIII,0000,1,1
1236,bitflip,0.07,0000,IIIII,IIIII,IIIII,0000,1,1
1237,bitflip,0.07,1100,IIXII,IYIII,IYXII,0001,-1,0
1238,bitflip,0.07,0000,IIIII,IIIII,IIIII,0000,1,1
1239,bitflip,0.07,0000,IIIII,IIIII,IIIII,0000,1,1
1240,bitflip,0.07,0000,IIIII,IIIII,IIIII,0000,1,1
1241,bitflip,0.07,0000,IIIII,IIIII,IIIII,0000,1,1
1242,bitflip,0.07,0000,IIIII,IIIII,IIIII,0000,1,1
1243,bitflip,0.07,0000,IIIII,IIIII,IIIII,0000,1,1
1244,bitflip,0.07,0000,IIIII,IIIII,IIIII,0000,1,1
1245,bitflip,0.07,0000,IIIII,IIIII,IIIII,0000,1,1
1246,bitflip,0.07,0000,IIIII,IIIII,IIIII,0000,1,1
1247,bitflip,0.07,0000,IIIII,IIIII,IIIII,0000,1,1
1248,bitflip,0.07,0000,IIIII,IIIII,IIIII,0000,1,1
1249,bitflip,0.07,0011,IIIIX,IZIII,IZIIX,0110,-1,0
1250,bitflip,0.07,1100,IIXII,IYIII,IYXII,0001,-1,0
1251,bitflip,0.07,1100,IIXII,IYIII,IYXII,0001,-1,0
1252,bitflip,0.07,0000,IIIII,IIIII,IIIII,0000,1,1
1253,bitflip,0.07,0000,IIIII,IIIII,IIIII,0000,1,1
1254,bitflip,0.07,0000,IIIII,IIIII,IIIII,0000,1,1
1255,bitflip,0.07,0000,IIIII,IIIII,IIIII,0000,1,1
1256,bitflip,0.07,0000,IIIII,IIIII,IIIII,0000,1,1
1257,bitflip,0.07,0011,IIIIX,IZIII,IZIIX,0110,-1,0
1258,bitflip,0.07,0000,IIIII,IIIII,IIIII,0000,1,1
1259,bitflip,0.07,1100,IIXII,IYIII,IYXII,0001,-1,0
1260,bitflip,0.07,0000,IIIII,IIIII,IIIII,0000,1,1
1261,bitflip,0.07,0000,IIIII,IIIII,IIIII,0000,1,1
1262,bitflip,0.07,0000,IIIII,IIIII,IIIII,0000,1,1
1263,bitflip,0.07,0001,XIIII,XIIII,IIIII,0000,1,1
1264,bitflip,0.07,0000,IIIII,IIIII,IIIII,0000,1,1
1265,bitflip,0.07,0000,IIIII,IIIII,IIIII,0000,1,1
1266,bitflip,0.07,0000,IIIII,IIIII,IIIII,0000,1,1
1267,bitflip,0.07,1100,IIXII,IYIII,IYXII,0001,-1,0
1268,bitflip,0.07,0111,XIIXI,IIIXI,XIIII,0001,-1,0
1269,bitflip,0.07,0000,IIIII,IIIII,IIIII,0000,1,1
1270,bitflip,0.07,0000,IIIII,IIIII,IIIII,0000,1,1
1271,bitflip,0.07,0000,IIIII,IIIII,IIIII,0000,1,1
1272,bitflip,0.07,0001,XIIII,XIIII,IIIII,0000,1,1
1273,bitflip,0.07,0000,IIIII,IIIII,IIIII,0000,1,1
1274,bitflip,0.07,0000,IIIII,IIIII,IIIII,0000,1,1
1275,bitflip,0.07,0000,IIIII,IIIII,IIIII,0000,1,1
1276,bitflip,0.07,0011,IIIIX,IZIII,IZIIX,0110,-1,0
1277,bitflip,0.07,0000,IIIII,IIIII,IIIII,0000,1,1
1278,bitflip,0.07,0000,IIIII,IIIII,IIIII,0000,1,1
1279,bitflip,0.07,0000,IIIII,IIIII,IIIII,0000,1,1
1280,bitflip,0.07,0001,XIIII,XIIII,IIIII,0000,1,1
1281,bitflip,0.07,0000,IIIII,IIIII,IIIII,0000,1,1
1282,bitflip,0.07,0000,IIIII,IIIII,IIIII,0000,1,1
1283,bitflip,0.07,0000,IIIII,IIIII,IIIII,0000,1,1
1284,bitflip,0.07,0000,IIIII,IIIII,IIIII,0000,1,1
1285,bitflip,0.07,0000,IIIII,IIIII,IIIII,0000,1,1
1286,bitflip,0.07,0110,IIIXI,IIIXI,IIIII,0000,1,1
1287,bitflip,0.07,0000,IIIII,IIIII,IIIII,0000,1,1
1288,bitflip,0.07,0101,IIIXX,YIIII,YIIXX,1110,-1,0
1289,bitflip,0.07,0000,IIIII,IIIII,IIIII,0000,1,1
1290,bitflip,0.07,0011,IIIIX,IZIII,IZIIX,0110,-1,0
1291,bitflip,0.07,0110,IIIXI,IIIXI,IIIII,0000,1,1
1292,bitflip,0.07,0110,IIIXI,IIIXI,IIIII,0000,1,1
1293,bitflip,0.07,0001,XIIII,XIIII,IIIII,0000,1,1
1294,bitflip,0.07,0000,IIIII,IIIII,IIIII,0000,1,1
1295,bitflip,0.07,0000,IIIII,IIIII,IIIII,0000,1,1
1296,bitflip,0.07,0001,XIIII,XIIII,IIIII,0000,1,1
1297,bitflip,0.07,0000,IIIII,IIIII,IIIII,0000,1,1
1298,bitflip,0.07,0000,IIIII,IIIII,IIIII,0000,1,1
1299,bitflip,0.07,0000,IIIII,IIIII,IIIII,0000,1,1
1300,bitflip,0.07,0001,XIIII,XIIII,IIIII,0000,1,1
1301,bitflip,0.07,0001,XIIII,XIIII,IIIII,0000,1,1
1302,bitflip,0.07,0000,IIIII,IIIII,IIIII,0000,1,1
1303,bitflip,0.07,1000,IXIII,IXIII,IIIII,0000,1,1
1304,bitflip,0.07,0000,IIIII,IIIII,IIIII,0000,1,1
1305,bitflip,0.07,0000,IIIII,IIIII,IIIII,0000,1,1
1306,bitflip,0.07,0000,IIIII,IIIII,IIIII,0000,1,1
1307,bitflip,0.07,0110,IIIXI,IIIXI,IIIII,0000,1,1
1308,bitflip,0.07,1100,IIXII,IYIII,IYXII,0001,-1,0
1309,bitflip,0.07,0000,IIIII,IIIII,IIIII,0000,1,1
1310,bitflip,0.07,0000,IIIII,IIIII,IIIII,0000,1,1
1311,bitflip,0.07,0000,IIIII,IIIII,IIIII,0000,1,1
1312,bitflip,0.07,0110,IIIXI,IIIXI,IIIII,0000,1,1
1313,bitflip,0.07,1100,IIXII,IYIII,IYXII,0001,-1,0
1314,bitflip,0.07,0000,IIIII,IIIII,IIIII,0000,1,1
1315,bitflip,0.07,0000,IIIII,IIIII,IIIII,0000,1,1
1316,bitflip,0.07,0000,IIIII,IIIII,IIIII,0000,1,1
1317,bitflip,0.07,0000,IIIII,IIIII,IIIII,0000,1,1
1318,bitflip,0.07,0000,IIIII,IIIII,IIIII,0000,1,1
1319,bitflip,0.07,1100,IIXII,IYIII,IYXII,0001,-1,0
1320,bitflip,0.07,0000,IIIII,IIIII,IIIII,0000,1,1
1321,bitflip,0.07,1000,IXIII,IXIII,IIIII,0000,1,1
1322,bitflip,0.07,0000,IIIII,IIIII,IIIII,0000,1,1
1323,bitflip,0.07,0110,IIIXI,IIIXI,IIIII,0000,1,1
1324,bitflip,0.07,0000,IIIII,IIIII,IIIII,0000,1,1
1325,bitflip,0.07,0000,IIIII,IIIII,IIIII,0000,1,1
1326,bitflip,0.07,0000,IIIII,IIIII,IIIII,0000,1,1
1327,bitflip,0.07,0000,IIIII,IIIII,IIIII,0000,1,1
1328,bitflip,0.07,0000,IIIII,IIIII,IIIII,0000,1,1
1329,bitflip,0.07,0001,XIIII,XIIII,IIIII,0000,1,1
1330,bitflip,0.07,0000,IIIII,IIIII,IIIII,0000,1,1
1331,bitflip,0.07,0000,IIIII,IIIII,IIIII,0000,1,1
1332,bitflip,0.07,0000,IIIII,IIIII,IIIII,0000,1,1
1333,bitflip,0.07,1000,IXIII,IXIII,IIIII,0000,1,1
1334,bitflip,0.07,0000,IIIII,IIIII,IIIII,0000,1,1
1335,bitflip,0.07,1111,IIXIX,IXIII,IXXIX,0111,-1,0
1336,bitflip,0.07,0000,IIIII,IIIII,IIIII,0000,1,1
1337,bitflip,0.07,1111,IIXIX,IXIII,IXXIX,0111,-1,0
1338,bitflip,0.07,0000,IIIII,IIIII,IIIII,0000,1,1
1339,bitflip,0.07,0000,IIIII,IIIII,IIIII,0000,1,1
1340,bitflip,0.07,1000,IXIII,IXIII,IIIII,0000,1,1
1341,bitflip,0.07,0000,IIIII,IIIII,IIIII,0000,1,1
1342,bitflip,0.07,0000,IIIII,IIIII,IIIII,0000,1,1
1343,bitflip,0.07,0000,IIIII,IIIII,IIIII,0000,1,1
1344,bitflip,0.07,0000,IIIII,IIIII,IIIII,0000,1,1
1345,bitflip,0.07,0110,IIIXI,IIIXI,IIIII,0000,1,1
1346,bitflip,0.07,1011,XIXXI,YIIII,ZIXXI,0000,-1,0
1347,bitflip,0.07,0011,IIIIX,IZIII,IZIIX,0110,-1,0
1348,bitflip,0.07,0000,IIIII,IIIII,IIIII,0000,1,1
1349,bitflip,0.07,0000,IIIII,IIIII,IIIII,0000,1,1
1350,bitflip,0.07,0010,XIIIX,XIIII,IIIIX,0011,-1,0
1351,bitflip,0.07,0110,IIIXI,IIIXI,IIIII,0000,1,1
1352,bitflip,0.07,1100,IIXII,IYIII,IYXII,0001,-1,0
1353,bitflip,0.07,1000,IXIII,IXIII,IIIII,0000,1,1
1354,bitflip,0.07,1111,IIXIX,IXIII,IXXIX,0111,-1,0
1355,bitflip,0.07,1000,IXIII,IXIII,IIIII,0000,1,1
1356,bitflip,0.07,0000,IIIII,IIIII,IIIII,0000,1,1
1357,bitflip,0.07,0000,IIIII,IIIII,IIIII,0000,1,1
1358,bitflip,0.07,0000,IIIII,IIIII,IIIII,0000,1,1
1359,bitflip,0.07,0000,IIIII,IIIII,IIIII,0000,1,1
1360,bitflip,0.07,0000,IIIII,IIIII,IIIII,0000,1,1
1361,bitflip,0.07,0000,IIIII,IIIII,IIIII,0000,1,1
1362,bitflip,0.07,0011,IIIIX,IZIII,IZIIX,0110,-1,0
1363,bitflip,0.07,0000,IIIII,IIIII,IIIII,0000,1,1
1364,bitflip,0.07,0000,IIIII,IIIII,IIIII,0000,1,1
1365,bitflip,0.07,0000,IIIII,IIIII,IIIII,0000,1,1
1366,bitflip,0.07,0000,IIIII,IIIII,IIIII,0000,1,1
1367,bitflip,0.07,0000,IIIII,IIIII,IIIII,0000,1,1
1368,bitflip,0.07,0000,IIIII,IIIII,IIIII,0000,1,1
1369,bitflip,0.07,1100,IIXII,IYIII,IYXII,0001,-1,0
1370,bitflip,0.07,0011,IIIIX,IZIII,IZIIX,0110,-1,0
1371,bitflip,0.07,0011,IIIIX,IZIII,IZIIX,0110,-1,0
1372,bitflip,0.07,1100,IIXII,IYIII,IYXII,0001,-1,0
1373,bitflip,0.07,1011,IXIIX,YIIII,YXIIX,0000,-1,0
1374,bitflip,0.07,1000,IXIII,IXIII,IIIII,0000,1,1
1375,bitflip,0.07,0000,IIIII,IIIII,IIIII,0000,1,1
1376,bitflip,0.07,0001,XIIII,XIIII,IIIII,0000,1,1
1377,bitflip,0.07,0000,IIIII,IIIII,IIIII,0000,1,1
1378,bitflip,0.07,0000,IIIII,IIIII,IIIII,0000,1,1
1379,bitflip,0.07,0000,IIIII,IIIII,IIIII,0000,1,1
1380,bitflip,0.07,1100,IIXII,IYIII,IYXII,0001,-1,0
1381,bitflip,0.07,0000,IIIII,IIIII,IIIII,0000,1,1
1382,bitflip,0.07,0000,IIIII,IIIII,IIIII,0000,1,1
1383,bitflip,0.07,0101,IIIXX,YIIII,YIIXX,1110,-1,0
1384,bitflip,0.07,0000,IIIII,IIIII,IIIII,0000,1,1
1385,bitflip,0.07,0000,IIIII,IIIII,IIIII,0000,1,1
1386,bitflip,0.07,0000,IIIII,IIIII,IIIII,0000,1,1
1387,bitflip,0.07,0000,IIIII,IIIII,IIIII,0000,1,1
1388,bitflip,0.07,0000,IIIII,IIIII,IIIII,0000,1,1
1389,bitflip,0.07,0000,IIIII,IIIII,IIIII,0000,1,1
1390,bitflip,0.07,0000,IIIII,IIIII,IIIII,0000,1,1
1391,bitflip,0.07,0000,IIIII,IIIII,IIIII,0000,1,1
1392,bitflip,0.07,0000,IIIII,IIIII,IIIII,0000,1,1
1393,bitflip,0.07,0000,IIIII,IIIII,IIIII,0000,1,1
1394,bitflip,0.07,0000,IIIII,IIIII,IIIII,0000,1,1
1395,bitflip,0.07,0110,IIIXI,IIIXI,IIIII,0000,1,1
1396,bitflip,0.07,0101,IIIXX,YIIII,YIIXX,1110,-1,0
1397,bitflip,0.07,0011,IIIIX,IZIII,IZIIX,0110,-1,0
1398,bitflip,0.07,0000,IIIII,IIIII,IIIII,0000,1,1
1399,bitflip,0.07,0011,IIIIX,IZIII,IZIIX,0110,-1,0
1400,bitflip,0.07,0110,IIIXI,IIIXI,IIIII,0000,1,1
1401,bitflip,0.07,0000,IIIII,IIIII,IIIII,0000,1,1
1402,bitflip,0.07,0000,IIIII,IIIII,IIIII,0000,1,1
1403,bitflip,0.07,0000,IIIII,IIIII,IIIII,0000,1,1
1404,bitflip,0.07,0000,IIIII,IIIII,IIIII,0000,1,1
1405,bitflip,0.07,0000,IIIII,IIIII,IIIII,0000,1,1
1406,bitflip,0.07,0001,XIIII,XIIII,IIIII,0000,1,1
1407,bitflip,0.07,1000,IXIII,IXIII,IIIII,0000,1,1
1408,bitflip,0.07,0000,IIIII,IIIII,IIIII,0000,1,1
1409,bitflip,0.07,0000,IIIII,IIIII,IIIII,0000,1,1
1410,bitflip,0.07,0000,IIIII,IIIII,IIIII,0000,1,1
1411,bitflip,0.07,0000,IIIII,IIIII,IIIII,0000,1,1
1412,bitflip,0.07,0000,IIIII,IIIII,IIIII,0000,1,1
1413,bitflip,0.07,0001,XIIII,XIIII,IIIII,0000,1,1
1414,bitflip,0.07,0001,XIIII,XIIII,IIIII,0000,1,1
1415,bitflip,0.07,0111,XIIXI,IIIXI,XIIII,0001,-1,0
1416,bitflip,0.07,0000,IIIII,IIIII,IIIII,0000,1,1
1417,bitflip,0.07,0000,IIIII,IIIII,IIIII,0000,1,1
1418,bitflip,0.07,0110,IIIXI,IIIXI,IIIII,0000,1,1
1419,bitflip,0.07,0000,IIIII,IIIII,IIIII,0000,1,1
1420,bitflip,0.07,0000,IIIII,IIIII,IIIII,0000,1,1
1421,bitflip,0.07,1100,IIXII,IYIII,IYXII,0001,-1,0
1422,bitflip,0.07,0000,IIIII,IIIII,IIIII,0000,1,1
1423,bitflip,0.07,1100,IIXII,IYIII,IYXII,0001,-1,0
1424,bitflip,0.07,1000,IXIII,IXIII,IIIII,0000,1,1
1425,bitflip,0.07,1100,IIXII,IYIII,IYXII,0001,-1,0
1426,bitflip,0.07,1000,IXIII,IXIII,IIIII,0000,1,1
1427,bitflip,0.07,0000,IIIII,IIIII,IIIII,0000,1,1
1428,bitflip,0.07,0000,IIIII,IIIII,IIIII,0000,1,1
1429,bitflip,0.07,0000,IIIII,IIIII,IIIII,0000,1,1
1430,bitflip,0.07,1000,IXIII,IXIII,IIIII,0000,1,1
1431,bitflip,0.07,0000,IIIII,IIIII,IIIII,0000,1,1
1432,bitflip,0.07,0000,IIIII,IIIII,IIIII,0000,1,1
1433,bitflip,0.07,0000,IIIII,IIIII,IIIII,0000,1,1
1434,bitflip,0.07,0000,IIIII,IIIII,IIIII,0000,1,1
1435,bitflip,0.07,0000,IIIII,IIIII,IIIII,0000,1,1
1436,bitflip,0.07,0000,IIIII,IIIII,IIIII,0000,1,1
1437,bitflip,0.07,0001,XIIII,XIIII,IIIII,0000,1,1
1438,bitflip,0.07,0000,IIIII,IIIII,IIIII,0000,1,1
1439,bitflip,0.07,1000,IXIII,IXIII,IIIII,0000,1,1
1440,bitflip,0.07,0000,IIIII,IIIII,IIIII,0000,1,1
1441,bitflip,0.07,0000,IIIII,IIIII,IIIII,0000,1,1
1442,bitflip,0.07,0000,IIIII,IIIII,IIIII,0000,1,1
1443,bitflip,0.07,0000,IIIII,IIIII,IIIII,0000,1,1
1444,bitflip,0.07,0000,IIIII,IIIII,IIIII,0000,1,1
1445,bitflip,0.07,0000,IIIII,IIIII,IIIII,0000,1,1
1446,bitflip,0.07,0000,IIIII,IIIII,IIIII,0000,1,1
1447,bitflip,0.07,0000,IIIII,IIIII,IIIII,0000,1,1
1448,bitflip,0.07,0000,IIIII,IIIII,IIIII,0000,1,1
1449,bitflip,0.07,0000,IIIII,IIIII,IIIII,0000,1,1
1450,bitflip,0.07,0000,IIIII,IIIII,IIIII,0000,1,1
1451,bitflip,0.07,0000,IIIII,IIIII,IIIII,0000,1,1
1452,bitflip,0.07,0000,IIIII,IIIII,IIIII,0000,1,1
1453,bitflip,0.07,0000,IIIII,IIIII,IIIII,0000,1,1
1454,bitflip,0.07,0000,IIIII,IIIII,IIIII,0000,1,1
1455,bitflip,0.07,0000,IIIII,IIIII,IIIII,0000,1,1
1456,bitflip,0.07,0000,IIIII,IIIII,IIIII,0000,1,1
1457,bitflip,0.07,0000,IIIII,IIIII,IIIII,0000,1,1
1458,bitflip,0.07,0001,XIIII,XIIII,IIIII,0000,1,1
1459,bitflip,0.07,0000,IIIII,IIIII,IIIII,0000,1,1
1460,bitflip,0.07,0000,IIIII,IIIII,IIIII,0000,1,1
1461,bitflip,0.07,0000,IIIII,IIIII,IIIII,0000,1,1
1462,bitflip,0.07,0000,IIIII,IIIII,IIIII,0000,1,1
1463,bitflip,0.07,1000,IXIII,IXIII,IIIII,0000,1,1
1464,bitflip,0.07,0000,IIIII,IIIII,IIIII,0000,1,1
1465,bitflip,0.07,0000,IIIII,IIIII,IIIII,0000,1,1
1466,bitflip,0.07,0000,IIIII,IIIII,IIIII,0000,1,1
1467,bitflip,0.07,0000,IIIII,IIIII,IIIII,0000,1,1
1468,bitflip,0.07,0001,XIIII,XIIII,IIIII,0000,1,1
1469,bitflip,0.07,1101,XIXII,YIIII,ZIXII,0110,-1,0
1470,bitflip,0.07,0000,IIIII,IIIII,IIIII,0000,1,1
1471,bitflip,0.07,0000,IIIII,IIIII,IIIII,0000,1,1
1472,bitflip,0.07,0000,IIIII,IIIII,IIIII,0000,1,1
1473,bitflip,0.07,0000,IIIII,IIIII,IIIII,0000,1,1
1474,bitflip,0.07,1100,IIXII,IYIII,IYXII,0001,-1,0
1475,bitflip,0.07,0000,IIIII,IIIII,IIIII,0000,1,1
1476,bitflip,0.07,0110,IIIXI,IIIXI,IIIII,0000,1,1
1477,bitflip,0.07,0110,IIIXI,IIIXI,IIIII,0000,1,1
1478,bitflip,0.07,1100,IIXII,IYIII,IYXII,0001,-1,0
1479,bitflip,0.07,0011,IIIIX,IZIII,IZIIX,0110,-1,0
1480,bitflip,0.07,0000,IIIII,IIIII,IIIII,0000,1,1
1481,bitflip,0.07,0000,IIIII,IIIII,IIIII,0000,1,1
1482,bitflip,0.07,0000,IIIII,IIIII,IIIII,0000,1,1
1483,bitflip,0.07,0000,IIIII,IIIII,IIIII,0000,1,1
1484,bitflip,0.07,0000,IIIII,IIIII,IIIII,0000,1,1
1485,bitflip,0.07,0000,IIIII,IIIII,IIIII,0000,1,1
1486,bitflip,0.07,1000,IXIII,IXIII,IIIII,0000,1,1
1487,bitflip,0.07,0000,IIIII,IIIII,IIIII,0000,1,1
1488,bitflip,0.07,0000,IIIII,IIIII,IIIII,0000,1,1
1489,bitflip,0.07,0000,IIIII,IIIII,IIIII,0000,1,1
1490,bitflip,0.07,0000,IIIII,IIIII,IIIII,0000,1,1
1491,bitflip,0.07,1000,IXIII,IXIII,IIIII,0000,1,1
1492,bitflip,0.07,0000,IIIII,IIIII,IIIII,0000,1,1
1493,bitflip,0.07,0000,IIIII,IIIII,IIIII,0000,1,1
1494,bitflip,0.07,0000,IIIII,IIIII,IIIII,0000,1,1
1495,bitflip,0.07,0000,IIIII,IIIII,IIIII,0000,1,1
1496,bitflip,0.07,0000,IIIII,IIIII,IIIII,0000,1,1
1497,bitflip,0.07,0000,IIIII,IIIII,IIIII,0000,1,1
1498,bitflip,0.07,0000,IIIII,IIIII,IIIII,0000,1,1
1499,bitflip,0.07,0000,IIIII,IIIII,IIIII,0000,1,1
1500,bitflip,0.07,1000,IXIII,IXIII,IIIII,0000,1,1
1501,bitflip,0.07,0000,IIIII,IIIII,IIIII,0000,1,1
1502,bitflip,0.07,1100,IIXII,IYIII,IYXII,0001,-1,0
1503,bitflip,0.07,0000,IIIII,IIIII,IIIII,0000,1,1
1504,bitflip,0.07,0000,IIIII,IIIII,IIIII,0000,1,1
1505,bitflip,0.07,0000,IIIII,IIIII,IIIII,0000,1,1
1506,bitflip,0.07,0111,XIIXI,IIIXI,XIIII,0001,-1,0
1507,bitflip,0.07,0000,IIIII,IIIII,IIIII,0000,1,1
1508,bitflip,0.07,0000,IIIII,IIIII,IIIII,0000,1,1
1509,bitflip,0.07,0000,IIIII,IIIII,IIIII,0000,1,1
1510,bitflip,0.07,0000,IIIII,IIIII,IIIII,0000,1,1
1511,bitflip,0.07,0000,IIIII,IIIII,IIIII,0000,1,1
1512,bitflip,0.07,0000,IIIII,IIIII,IIIII,0000,1,1
1513,bitflip,0.07,0000,IIIII,IIIII,IIIII,0000,1,1
1514,bitflip,0.07,0000,IIIII,IIIII,IIIII,0000,1,1
1515,bitflip,0.07,0000,IIIII,IIIII,IIIII,0000,1,1
1516,bitflip,0.07,1000,IXIII,IXIII,IIIII,0000,1,1
1517,bitflip,0.07,0000,IIIII,IIIII,IIIII,0000,1,1
1518,bitflip,0.07,0000,IIIII,IIIII,IIIII,0000,1,1
1519,bitflip,0.07,0000,IIIII,IIIII,IIIII,0000,1,1
1520,bitflip,0.07,0000,IIIII,IIIII,IIIII,0000,1,1
1521,bitflip,0.07,0000,IIIII,IIIII,IIIII,0000,1,1
1522,bitflip,0.07,0011,IIIIX,IZIII,IZIIX,0110,-1,0
1523,bitflip,0.07,1100,IIXII,IYIII,IYXII,0001,-1,0
1524,bitflip,0.07,0111,XIIXI,IIIXI,XIIII,0001,-1,0
1525,bitflip,0.07,0011,IIIIX,IZIII,IZIIX,0110,-1,0
1526,bitflip,0.07,0000,IIIII,IIIII,IIIII,0000,1,1
1527,bitflip,0.07,0011,IIIIX,IZIII,IZIIX,0110,-1,0
1528,bitflip,0.07,0000,IIIII,IIIII,IIIII,0000,1,1
1529,bitflip,0.07,0001,XIIII,XIIII,IIIII,0000,1,1
1530,bitflip,0.07,1000,IXIII,IXIII,IIIII,0000,1,1
1531,bitflip,0.07,0000,IIIII,IIIII,IIIII,0000,1,1
1532,bitflip,0.07,0000,IIIII,IIIII,IIIII,0000,1,1
1533,bitflip,0.07,0000,IIIII,IIIII,IIIII,0000,1,1
1534,bitflip,0.07,0011,IIIIX,IZIII,IZIIX,0110,-1,0
1535,bitflip,0.07,1000,IXIII,IXIII,IIIII,0000,1,1
1536,bitflip,0.07,0000,IIIII,IIIII,IIIII,0000,1,1
1537,bitflip,0.07,0001,XIIII,XIIII,IIIII,0000,1,1
1538,bitflip,0.07,0000,IIIII,IIIII,IIIII,0000,1,1
1539,bitflip,0.07,0000,IIIII,IIIII,IIIII,0000,1,1
1540,bitflip,0.07,0000,IIIII,IIIII,IIIII,0000,1,1
1541,bitflip,0.07,0000,IIIII,IIIII,IIIII,0000,1,1
1542,bitflip,0.07,0000,IIIII,IIIII,IIIII,0000,1,1
1543,bitflip,0.07,0000,IIIII,IIIII,IIIII,0000,1,1
1544,bitflip,0.07,0000,IIIII,IIIII,IIIII,0000,1,1
1545,bitflip,0.07,0000,IIIII,IIIII,IIIII,0000,1,1
1546,bitflip,0.07,0000,IIIII,IIIII,IIIII,0000,1,1
1547,bitflip,0.07,0000,IIIII,IIIII,IIIII,0000,1,1
1548,bitflip,0.07,0001,XIIII,XIIII,IIIII,0000,1,1
1549,bitflip,0.07,0000,IIIII,IIIII,IIIII,0000,1,1
1550,bitflip,0.07,0101,IIIXX,YIIII,YIIXX,1110,-1,0
1551,bitflip,0.07,0110,IIIXI,IIIXI,IIIII,0000,1,1
1552,bitflip,0.07,0000,IIIII,IIIII,IIIII,0000,1,1
1553,bitflip,0.07,0000,IIIII,IIIII,IIIII,0000,1,1
1554,bitflip,0.07,0110,IIIXI,IIIXI,IIIII,0000,1,1
1555,bitflip,0.07,0000,IIIII,IIIII,IIIII,0000,1,1
1556,bitflip,0.07,0000,IIIII,IIIII,IIIII,0000,1,1
1557,bitflip,0.07,1100,IIXII,IYIII,IYXII,0001,-1,0
1558,bitflip,0.07,0000,IIIII,IIIII,IIIII,0000,1,1
1559,bitflip,0.07,0000,IIIII,IIIII,IIIII,0000,1,1
1560,bitflip,0.07,0000,IIIII,IIIII,IIIII,0000,1,1
1561,bitflip,0.07,0000,IIIII,IIIII,IIIII,0000,1,1
1562,bitflip,0.07,0000,IIIII,IIIII,IIIII,0000,1,1
1563,bitflip,0.07,0000,IIIII,IIIII,IIIII,0000,1,1
1564,bitflip,0.07,0000,IIIII,IIIII,IIIII,0000,1,1
1565,bitflip,0.07,0000,IIIII,IIIII,IIIII,0000,1,1
1566,bitflip,0.07,0000,IIIII,IIIII,IIIII,0000,1,1
1567,bitflip,0.07,0000,IIIII,IIIII,IIIII,0000,1,1
1568,bitflip,0.07,0000,IIIII,IIIII,IIIII,0000,1,1
1569,bitflip,0.07,0101,IIIXX,YIIII,YIIXX,1110,-1,0
1570,bitflip,0.07,0000,IIIII,IIIII,IIIII,0000,1,1
1571,bitflip,0.07,0000,IIIII,IIIII,IIIII,0000,1,1
1572,bitflip,0.07,0000,IIIII,IIIII,IIIII,0000,1,1
1573,bitflip,0.07,0000,IIIII,IIIII,IIIII,0000,1,1
1574,bitflip,0.07,0000,IIIII,IIIII,IIIII,0000,1,1
1575,bitflip,0.07,0000,IIIII,IIIII,IIIII,0000,1,1
1576,bitflip,0.07,0000,IIIII,IIIII,IIIII,0000,1,1
1577,bitflip,0.07,0000,IIIII,IIIII,IIIII,0000,1,1
1578,bitflip,0.07,0001,XIIII,XIIII,IIIII,0000,1,1
1579,bitflip,0.07,0011,IIIIX,IZIII,IZIIX,0110,-1,0
1580,bitflip,0.07,0000,IIIII,IIIII,IIIII,0000,1,1
1581,bitflip,0.07,0011,IIIIX,IZIII,IZIIX,0110,-1,0
1582,bitflip,0.07,0001,XIIII,XIIII,IIIII,0000,1,1
1583,bitflip,0.07,1101,XIXII,YIIII,ZIXII,0110,-1,0
1584,bitflip,0.07,1000,IXIII,IXIII,IIIII,0000,1,1
1585,bitflip,0.07,0000,IIIII,IIIII,IIIII,0000,1,1
1586,bitflip,0.07,0000,IIIII,IIIII,IIIII,0000,1,1
1587,bitflip,0.07,0110,IIIXI,IIIXI,IIIII,0000,1,1
1588,bitflip,0.07,0001,XIIII,XIIII,IIIII,0000,1,1
1589,bitflip,0.07,0000,IIIII,IIIII,IIIII,0000,1,1
1590,bitflip,0.07,0000,IIIII,IIIII,IIIII,0000,1,1
1591,bitflip,0.07,1100,IIXII,IYIII,IYXII,0001,-1,0
1592,bitflip,0.07,0001,XIIII,XIIII,IIIII,0000,1,1
1593,bitflip,0.07,0000,IIIII,IIIII,IIIII,0000,1,1
1594,bitflip,0.07,0000,IIIII,IIIII,IIIII,0000,1,1
1595,bitflip,0.07,0000,IIIII,IIIII,IIIII,0000,1,1
1596,bitflip,0.07,1100,IIXII,IYIII,IYXII,0001,-1,0
1597,bitflip,0.07,0001,XIIII,XIIII,IIIII,0000,1,1
1598,bitflip,0.07,0000,IIIII,IIIII,IIIII,0000,1,1
1599,bitflip,0.07,0000,IIIII,IIIII,IIIII,0000,1,1
1600,bitflip,0.07,0011,IIIIX,IZIII,IZIIX,0110,-1,0
1601,bitflip,0.07,0000,IIIII,IIIII,IIIII,0000,1,1
1602,bitflip,0.07,0000,IIIII,IIIII,IIIII,0000,1,1
1603,bitflip,0.07,0000,IIIII,IIIII,IIIII,0000,1,1
1604,bitflip,0.07,0000,IIIII,IIIII,IIIII,0000,1,1
1605,bitflip,0.07,0110,IIIXI,IIIXI,IIIII,0000,1,1
1606,bitflip,0.07,0000,IIIII,IIIII,IIIII,0000,1,1
1607,bitflip,0.07,0000,IIIII,IIIII,IIIII,0000,1,1
1608,bitflip,0.07,0000,IIIII,IIIII,IIIII,0000,1,1
1609,bitflip,0.07,0000,IIIII,IIIII,IIIII,0000,1,1
1610,bitflip,0.07,0000,IIIII,IIIII,IIIII,0000,1,1
1611,bitflip,0.07,0000,IIIII,IIIII,IIIII,0000,1,1
1612,bitflip,0.07,0000,IIIII,IIIII,IIIII,0000,1,1
1613,bitflip,0.07,1100,IIXII,IYIII,IYXII,0001,-1,0
1614,bitflip,0.07,0000,IIIII,IIIII,IIIII,0000,1,1
1615,bitflip,0.07,0000,IIIII,IIIII,IIIII,0000,1,1
1616,bitflip,0.07,0000,IIIII,IIIII,IIIII,0000,1,1
1617,bitflip,0.07,0000,IIIII,IIIII,IIIII,0000,1,1
1618,bitflip,0.07,0001,XIIII,XIIII,IIIII,0000,1,1
1619,bitflip,0.07,0000,IIIII,IIIII,IIIII,0000,1,1
1620,bitflip,0.07,0000,IIIII,IIIII,IIIII,0000,1,1
1621,bitflip,0.07,0000,IIIII,IIIII,IIIII,0000,1,1
1622,bitflip,0.07,0000,IIIII,IIIII,IIIII,0000,1,1
1623,bitflip,0.07,0000,IIIII,IIIII,IIIII,0000,1,1
1624,bitflip,0.07,1000,IXIII,IXIII,IIIII,0000,1,1
1625,bitflip,0.07,0000,IIIII,IIIII,IIIII,0000,1,1
1626,bitflip,0.07,0000,IIIII,IIIII,IIIII,0000,1,1
1627,bitflip,0.07,1100,IIXII,IYIII,IYXII,0001,-1,0
1628,bitflip,0.07,1000,IXIII,IXIII,IIIII,0000,1,1
1629,bitflip,0.07,0000,IIIII,IIIII,IIIII,0000,1,1
1630,bitflip,0.07,0111,XIIXI,IIIXI,XIIII,0001,-1,0
1631,bitflip,0.07,0000,IIIII,IIIII,IIIII,0000,1,1
1632,bitflip,0.07,0010,XIIIX,XIIII,IIIIX,0011,-1,0
1633,bitflip,0.07,0000,IIIII,IIIII,IIIII,0000,1,1
1634,bitflip,0.07,0000,IIIII,IIIII,IIIII,0000,1,1
1635,bitflip,0.07,0011,IIIIX,IZIII,IZIIX,0110,-1,0
1636,bitflip,0.07,0000,IIIII,IIIII,IIIII,0000,1,1
1637,bitflip,0.07,0000,IIIII,IIIII,IIIII,0000,1,1
1638,bitflip,0.07,0000,IIIII,IIIII,IIIII,0000,1,1
1639,bitflip,0.07,0000,IIIII,IIIII,IIIII,0000,1,1
1640,bitflip,0.07,0000,IIIII,IIIII,IIIII,0000,1,1
1641,bitflip,0.07,0000,IIIII,IIIII,IIIII,0000,1,1
1642,bitflip,0.07,0000,IIIII,IIIII,IIIII,0000,1,1
1643,bitflip,0.07,0000,IIIII,IIIII,IIIII,0000,1,1
1644,bitflip,0.07,1100,IIXII,IYIII,IYXII,0001,-1,0
1645,bitflip,0.07,0000,IIIII,IIIII,IIIII,0000,1,1
1646,bitflip,0.07,0000,IIIII,IIIII,IIIII,0000,1,1
1647,bitflip,0.07,0001,XIIII,XIIII,IIIII,0000,1,1
1648,bitflip,0.07,0000,IIIII,IIIII,IIIII,0000,1,1
1649,bitflip,0.07,0000,IIIII,IIIII,IIIII,0000,1,1
1650,bitflip,0.07,0000,IIIII,IIIII,IIIII,0000,1,1
1651,bitflip,0.07,0101,IIIXX,YIIII,YIIXX,1110,-1,0
1652,bitflip,0.07,0000,IIIII,IIIII,IIIII,0000,1,1
1653,bitflip,0.07,0100,IXXII,IXIII,IIXII,1100,-1,0
1654,bitflip,0.07,0000,IIIII,IIIII,IIIII,0000,1,1
1655,bitflip,0.07,0110,IIIXI,IIIXI,IIIII,0000,1,1
1656,bitflip,0.07,0000,IIIII,IIIII,IIIII,0000,1,1
1657,bitflip,0.07,0000,IIIII,IIIII,IIIII,0000,1,1
1658,bitflip,0.07,0000,IIIII,IIIII,IIIII,0000,1,1
1659,bitflip,0.07,0000,IIIII,IIIII,IIIII,0000,1,1
1660,bitflip,0.07,0000,IIIII,IIIII,IIIII,0000,1,1
1661,bitflip,0.07,0000,IIIII,IIIII,IIIII,0000,1,1
1662,bitflip,0.07,0011,IIIIX,IZIII,IZIIX,0110,-1,0
1663,bitflip,0.07,0110,IIIXI,IIIXI,IIIII,0000,1,1
1664,bitflip,0.07,1100,IIXII,IYIII,IYXII,0001,-1,0
1665,bitflip,0.07,0000,IIIII,IIIII,IIIII,0000,1,1
1666,bitflip,0.07,0000,IIIII,IIIII,IIIII,0000,1,1
1667,bitflip,0.07,0000,IIIII,IIIII,IIIII,0000,1,1
1668,bitflip,0.07,0000,IIIII,IIIII,IIIII,0000,1,1
1669,bitflip,0.07,0000,IIIII,IIIII,IIIII,0000,1,1
1670,bitflip,0.07,0000,IIIII,IIIII,IIIII,0000,1,1
1671,bitflip,0.07,0000,IIIII,IIIII,IIIII,0000,1,1
1672,bitflip,0.07,1100,IIXII,IYIII,IYXII,0001,-1,0
1673,bitflip,0.07,0000,IIIII,IIIII,IIIII,0000,1,1
1674,bitflip,0.07,0000,IIIII,IIIII,IIIII,0000,1,1
1675,bitflip,0.07,0000,IIIII,IIIII,IIIII,0000,1,1
1676,bitflip,0.07,0000,IIIII,IIIII,IIIII,0000,1,1
1677,bitflip,0.07,1000,IXIII,IXIII,IIIII,0000,1,1
1678,bitflip,0.07,1100,IIXII,IYIII,IYXII,0001,-1,0
1679,bitflip,0.07,0000,IIIII,IIIII,IIIII,0000,1,1
1680,bitflip,0.07,0000,IIIII,IIIII,IIIII,0000,1,1
1681,bitflip,0.07,0000,IIIII,IIIII,IIIII,0000,1,1
1682,bitflip,0.07,0000,IIIII,IIIII,IIIII,0000,1,1
1683,bitflip,0.07,0000,IIIII,IIIII,IIIII,0000,1,1
1684,bitflip,0.07,0000,IIIII,IIIII,IIIII,0000,1,1
1685,bitflip,0.07,0011,IIIIX,IZIII,IZIIX,0110,-1,0
1686,bitflip,0.07,0000,IIIII,IIIII,IIIII,0000,1,1
1687,bitflip,0.07,0000,IIIII,IIIII,IIIII,0000,1,1
1688,bitflip,0.07,0000,IIIII,IIIII,IIIII,0000,1,1
1689,bitflip,0.07,0000,IIIII,IIIII,IIIII,0000,1,1
1690,bitflip,0.07,0000,IIIII,IIIII,IIIII,0000,1,1
1691,bitflip,0.07,0011,IIIIX,IZIII,IZIIX,0110,-1,0
1692,bitflip,0.07,0000,IIIII,IIIII,IIIII,0000,1,1
1693,bitflip,0.07,0000,IIIII,IIIII,IIIII,0000,1,1
1694,bitflip,0.07,0000,IIIII,IIIII,IIIII,0000,1,1
1695,bitflip,0.07,0000,IIIII,IIIII,IIIII,0000,1,1
1696,bitflip,0.07,1000,IXIII,IXIII,IIIII,0000,1,1
1697,bitflip,0.07,0000,IIIII,IIIII,IIIII,0000,1,1
1698,bitflip,0.07,0000,IIIII,IIIII,IIIII,0000,1,1
1699,bitflip,0.07,0000,IIIII,IIIII,IIIII,0000,1,1
1700,bitflip,0.07,1110,IXIXI,YIIII,YXIXI,0101,-1,0
1701,bitflip,0.07,0000,IIIII,IIIII,IIIII,0000,1,1
1702,bitflip,0.07,0000,IIIII,IIIII,IIIII,0000,1,1
1703,bitflip,0.07,0000,IIIII,IIIII,IIIII,0000,1,1
1704,bitflip,0.07,0000,IIIII,IIIII,IIIII,0000,1,1
1705,bitflip,0.07,1000,IXIII,IXIII,IIIII,0000,1,1
1706,bitflip,0.07,0000,IIIII,IIIII,IIIII,0000,1,1
1707,bitflip,0.07,0000,IIIII,IIIII,IIIII,0000,1,1
1708,bitflip,0.07,0011,IIIIX,IZIII,IZIIX,0110,-1,0
1709,bitflip,0.07,0000,IIIII,IIIII,IIIII,0000,1,1
1710,bitflip,0.07,1100,IIXII,IYIII,IYXII,0001,-1,0
1711,bitflip,0.07,0000,IIIII,IIIII,IIIII,0000,1,1
1712,bitflip,0.07,0011,IIIIX,IZIII,IZIIX,0110,-1,0
1713,bitflip,0.07,0000,IIIII,IIIII,IIIII,0000,1,1
1714,bitflip,0.07,1110,IXIXI,YIIII,YXIXI,0101,-1,0
1715,bitflip,0.07,0000,IIIII,IIIII,IIIII,0000,1,1
1716,bitflip,0.07,0000,IIIII,IIIII,IIIII,0000,1,1
1717,bitflip,0.07,1100,IIXII,IYIII,IYXII,0001,-1,0
1718,bitflip,0.07,0000,IIIII,IIIII,IIIII,0000,1,1
1719,bitflip,0.07,0000,IIIII,IIIII,IIIII,0000,1,1
1720,bitflip,0.07,0000,IIIII,IIIII,IIIII,0000,1,1
1721,bitflip,0.07,0000,IIIII,IIIII,IIIII,0000,1,1
1722,bitflip,0.07,0000,IIIII,IIIII,IIIII,0000,1,1
1723,bitflip,0.07,1000,IXIII,IXIII,IIIII,0000,1,1
1724,bitflip,0.07,0000,IIIII,IIIII,IIIII,0000,1,1
1725,bitflip,0.07,0000,IIIII,IIIII,IIIII,0000,1,1
1726,bitflip,0.07,0000,IIIII,IIIII,IIIII,0000,1,1
1727,bitflip,0.07,0000,IIIII,IIIII,IIIII,0000,1,1
1728,bitflip,0.07,0000,IIIII,IIIII,IIIII,0000,1,1
1729,bitflip,0.07,0000,IIIII,IIIII,IIIII,0000,1,1
1730,bitflip,0.07,0001,XIIII,XIIII,IIIII,0000,1,1
1731,bitflip,0.07,0000,IIIII,IIIII,IIIII,0000,1,1
1732,bitflip,0.07,0000,IIIII,IIIII,IIIII,0000,1,1
1733,bitflip,0.07,0000,IIIII,IIIII,IIIII,0000,1,1
1734,bitflip,0.07,0110,IIIXI,IIIXI,IIIII,0000,1,1
1735,bitflip,0.07,0000,IIIII,IIIII,IIIII,0000,1,1
1736,bitflip,0.07,0000,IIIII,IIIII,IIIII,0000,1,1
1737,bitflip,0.07,0000,IIIII,IIIII,IIIII,0000,1,1
1738,bitflip,0.07,0110,IIIXI,IIIXI,IIIII,0000,1,1
1739,bitflip,0.07,1101,XIXII,YIIII,ZIXII,0110,-1,0
1740,bitflip,0.07,0000,IIIII,IIIII,IIIII,0000,1,1
1741,bitflip,0.07,0000,IIIII,IIIII,IIIII,0000,1,1
1742,bitflip,0.07,0000,IIIII,IIIII,IIIII,0000,1,1
1743,bitflip,0.07,1000,IXIII,IXIII,IIIII,0000,1,1
1744,bitflip,0.07,0000,IIIII,IIIII,IIIII,0000,1,1
1745,bitflip,0.07,0000,IIIII,IIIII,IIIII,0000,1,1
1746,bitflip,0.07,0000,IIIII,IIIII,IIIII,0000,1,1
1747,bitflip,0.07,0001,XIIII,XIIII,IIIII,0000,1,1
1748,bitflip,0.07,0000,IIIII,IIIII,IIIII,0000,1,1
1749,bitflip,0.07,1100,IIXII,IYIII,IYXII,0001,-1,0
1750,bitflip,0.07,0000,IIIII,IIIII,IIIII,0000,1,1
1751,bitflip,0.07,0111,IXXIX,IIIXI,IXXXX,0001,-1,0
1752,bitflip,0.07,0000,IIIII,IIIII,IIIII,0000,1,1
1753,bitflip,0.07,0000,IIIII,IIIII,IIIII,0000,1,1
1754,bitflip,0.07,1000,IXIII,IXIII,IIIII,0000,1,1
1755,bitflip,0.07,0000,IIIII,IIIII,IIIII,0000,1,1
1756,bitflip,0.07,0011,IIIIX,IZIII,IZIIX,0110,-1,0
1757,bitflip,0.07,0000,IIIII,IIIII,IIIII,0000,1,1
1758,bitflip,0.07,0000,IIIII,IIIII,IIIII,0000,1,1
1759,bitflip,0.07,0110,IIIXI,IIIXI,IIIII,0000,1,1
1760,bitflip,0.07,0000,IIIII,IIIII,IIIII,0000,1,1
1761,bitflip,0.07,0011,IIIIX,IZIII,IZIIX,0110,-1,0
1762,bitflip,0.07,0000,IIIII,IIIII,IIIII,0000,1,1
1763,bitflip,0.07,0000,IIIII,IIIII,IIIII,0000,1,1
1764,bitflip,0.07,1100,IIXII,IYIII,IYXII,0001,-1,0
1765,bitflip,0.07,0000,IIIII,IIIII,IIIII,0000,1,1
1766,bitflip,0.07,0000,IIIII,IIIII,IIIII,0000,1,1
1767,bitflip,0.07,0000,IIIII,IIIII,IIIII,0000,1,1
1768,bitflip,0.07,0000,IIIII,IIIII,IIIII,0000,1,1
1769,bitflip,0.07,0000,IIIII,IIIII,IIIII,0000,1,1
1770,bitflip,0.07,0000,IIIII,IIIII,IIIII,0000,1,1
1771,bitflip,0.07,0000,IIIII,IIIII,IIIII,0000,1,1
1772,bitflip,0.07,1000,IXIII,IXIII,IIIII,0000,1,1
1773,bitflip,0.07,0110,IIIXI,IIIXI,IIIII,0000,1,1
1774,bitflip,0.07,0000,IIIII,IIIII,IIIII,0000,1,1
1775,bitflip,0.07,0110,IIIXI,IIIXI,IIIII,0000,1,1
1776,bitflip,0.07,0000,IIIII,IIIII,IIIII,0000,1,1
1777,bitflip,0.07,0000,IIIII,IIIII,IIIII,0000,1,1
1778,bitflip,0.07,0001,XIIII,XIIII,IIIII,0000,1,1
1779,bitflip,0.07,1100,IIXII,IYIII,IYXII,0001,-1,0
1780,bitflip,0.07,0000,IIIII,IIIII,IIIII,0000,1,1
1781,bitflip,0.07,0000,IIIII,IIIII,IIIII,0000,1,1
1782,bitflip,0.07,1111,IIXIX,IXIII,IXXIX,0111,-1,0
1783,bitflip,0.07,0000,IIIII,IIIII,IIIII,0000,1,1
1784,bitflip,0.07,0000,IIIII,IIIII,IIIII,0000,1,1
1785,bitflip,0.07,0000,IIIII,IIIII,IIIII,0000,1,1
1786,bitflip,0.07,0000,IIIII,IIIII,IIIII,0000,1,1
1787,bitflip,0.07,0001,XIIII,XIIII,IIIII,0000,1,1
1788,bitflip,0.07,0000,IIIII,IIIII,IIIII,0000,1,1
1789,bitflip,0.07,0000,IIIII,IIIII,IIIII,0000,1,1
1790,bitflip,0.07,0000,IIIII,IIIII,IIIII,0000,1,1
1791,bitflip,0.07,0000,IIIII,IIIII,IIIII,0000,1,1
1792,bitflip,0.07,0000,IIIII,IIIII,IIIII,0000,1,1
1793,bitflip,0.07,0000,IIIII,IIIII,IIIII,0000,1,1
1794,bitflip,0.07,0000,IIIII,IIIII,IIIII,0000,1,1
1795,bitflip,0.07,0000,IIIII,IIIII,IIIII,0000,1,1
1796,bitflip,0.07,0110,IIIXI,IIIXI,IIIII,0000,1,1
1797,bitflip,0.07,1111,IIXIX,IXIII,IXXIX,0111,-1,0
1798,bitflip,0.07,0000,IIIII,IIIII,IIIII,0000,1,1
1799,bitflip,0.07,0011,IIIIX,IZIII,IZIIX,0110,-1,0
1800,bitflip,0.07,1010,XXIIX,XIIII,IXIIX,1011,-1,0
1801,bitflip,0.07,0000,IIIII,IIIII,IIIII,0000,1,1
1802,bitflip,0.07,0001,XIIII,XIIII,IIIII,0000,1,1
1803,bitflip,0.07,0000,IIIII,IIIII,IIIII,0000,1,1
1804,bitflip,0.07,0000,IIIII,IIIII,IIIII,0000,1,1
1805,bitflip,0.07,0011,IIIIX,IZIII,IZIIX,0110,-1,0
1806,bitflip,0.07,0001,XIIII,XIIII,IIIII,0000,1,1
1807,bitflip,0.07,0000,IIIII,IIIII,IIIII,0000,1,1
1808,bitflip,0.07,0011,IIIIX,IZIII,IZIIX,0110,-1,0
1809,bitflip,0.07,0001,XIIII,XIIII,IIIII,0000,1,1
1810,bitflip,0.07,0000,IIIII,IIIII,IIIII,0000,1,1
1811,bitflip,0.07,0110,IIIXI,IIIXI,IIIII,0000,1,1
1812,bitflip,0.07,0000,IIIII,IIIII,IIIII,0000,1,1
1813,bitflip,0.07,1000,IXIII,IXIII,IIIII,0000,1,1
1814,bitflip,0.07,1000,IXIII,IXIII,IIIII,0000,1,1
1815,bitflip,0.07,0000,IIIII,IIIII,IIIII,0000,1,1
1816,bitflip,0.07,0000,IIIII,IIIII,IIIII,0000,1,1
1817,bitflip,0.07,0000,IIIII,IIIII,IIIII,0000,1,1
1818,bitflip,0.07,0000,IIIII,IIIII,IIIII,0000,1,1
1819,bitflip,0.07,0001,XIIII,XIIII,IIIII,0000,1,1
1820,bitflip,0.07,0001,XIIII,XIIII,IIIII,0000,1,1
1821,bitflip,0.07,0000,IIIII,IIIII,IIIII,0000,1,1
1822,bitflip,0.07,0000,IIIII,IIIII,IIIII,0000,1,1
1823,bitflip,0.07,0000,IIIII,IIIII,IIIII,0000,1,1
1824,bitflip,0.07,0000,IIIII,IIIII,IIIII,0000,1,1
1825,bitflip,0.07,1000,IXIII,IXIII,IIIII,0000,1,1
1826,bitflip,0.07,1000,IXIII,IXIII,IIIII,0000,1,1
1827,bitflip,0.07,1001,XXIII,IIIZI,XXIZI,0000,-1,0
1828,bitflip,0.07,0011,IIIIX,IZIII,IZIIX,0110,-1,0
1829,bitflip,0.07,0000,IIIII,IIIII,IIIII,0000,1,1
1830,bitflip,0.07,0000,IIIII,IIIII,IIIII,0000,1,1
1831,bitflip,0.07,0000,IIIII,IIIII,IIIII,0000,1,1
1832,bitflip,0.07,0000,IIIII,IIIII,IIIII,0000,1,1
1833,bitflip,0.07,0000,IIIII,IIIII,IIIII,0000,1,1
1834,bitflip,0.07,0000,IIIII,IIIII,IIIII,0000,1,1
1835,bitflip,0.07,1100,IIXII,IYIII,IYXII,0001,-1,0
1836,bitflip,0.07,0000,IIIII,IIIII,IIIII,0000,1,1
1837,bitflip,0.07,0001,XIIII,XIIII,IIIII,0000,1,1
1838,bitflip,0.07,0000,IIIII,IIIII,IIIII,0000,1,1
1839,bitflip,0.07,1011,IXIIX,YIIII,YXIIX,0000,-1,0
1840,bitflip,0.07,1010,IIXXI,XIIII,XIXXI,1011,-1,0
1841,bitflip,0.07,0000,IIIII,IIIII,IIIII,0000,1,1
1842,bitflip,0.07,0000,IIIII,IIIII,IIIII,0000,1,1
1843,bitflip,0.07,1100,IIXII,IYIII,IYXII,0001,-1,0
1844,bitflip,0.07,0000,IIIII,IIIII,IIIII,0000,1,1
1845,bitflip,0.07,0011,IIIIX,IZIII,IZIIX,0110,-1,0
1846,bitflip,0.07,0011,IIIIX,IZIII,IZIIX,0110,-1,0
1847,bitflip,0.07,0000,IIIII,IIIII,IIIII,0000,1,1
1848,bitflip,0.07,0000,IIIII,IIIII,IIIII,0000,1,1
1849,bitflip,0.07,1000,IXIII,IXIII,IIIII,0000,1,1
1850,bitflip,0.07,0001,XIIII,XIIII,IIIII,0000,1,1
1851,bitflip,0.07,0110,IIIXI,IIIXI,IIIII,0000,1,1
1852,bitflip,0.07,0000,IIIII,IIIII,IIIII,0000,1,1
1853,bitflip,0.07,0000,IIIII,IIIII,IIIII,0000,1,1
1854,bitflip,0.07,0110,IIIXI,IIIXI,IIIII,0000,1,1
1855,bitflip,0.07,0000,IIIII,IIIII,IIIII,0000,1,1
1856,bitflip,0.07,0110,IIIXI,IIIXI,IIIII,0000,1,1
1857,bitflip,0.07,1011,IXIIX,YIIII,YXIIX,0000,-1,0
1858,bitflip,0.07,0000,IIIII,IIIII,IIIII,0000,1,1
1859,bitflip,0.07,0001,XIIII,XIIII,IIIII,0000,1,1
1860,bitflip,0.07,0000,IIIII,IIIII,IIIII,0000,1,1
1861,bitflip,0.07,1000,IXIII,IXIII,IIIII,0000,1,1
1862,bitflip,0.07,0001,XIIII,XIIII,IIIII,0000,1,1
1863,bitflip,0.07,1000,IXIII,IXIII,IIIII,0000,1,1
1864,bitflip,0.07,0111,XIIXI,IIIXI,XIIII,0001,-1,0
1865,bitflip,0.07,0000,IIIII,IIIII,IIIII,0000,1,1
1866,bitflip,0.07,0011,IIIIX,IZIII,IZIIX,0110,-1,0
1867,bitflip,0.07,0000,IIIII,IIIII,IIIII,0000,1,1
1868,bitflip,0.07,0000,IIIII,IIIII,IIIII,0000,1,1
1869,bitflip,0.07,0000,IIIII,IIIII,IIIII,0000,1,1
1870,bitflip,0.07,0000,IIIII,IIIII,IIIII,0000,1,1
1871,bitflip,0.07,0000,IIIII,IIIII,IIIII,0000,1,1
1872,bitflip,0.07,0001,XIIII,XIIII,IIIII,0000,1,1
1873,bitflip,0.07,0000,IIIII,IIIII,IIIII,0000,1,1
1874,bitflip,0.07,0000,IIIII,IIIII,IIIII,0000,1,1
1875,bitflip,0.07,0001,XIIII,XIIII,IIIII,0000,1,1
1876,bitflip,0.07,0000,IIIII,IIIII,IIIII,0000,1,1
1877,bitflip,0.07,0000,IIIII,IIIII,IIIII,0000,1,1
1878,bitflip,0.07,1100,IIXII,IYIII,IYXII,0001,-1,0
1879,bitflip,0.07,1100,IIXII,IYIII,IYXII,0001,-1,0
1880,bitflip,0.07,0000,IIIII,IIIII,IIIII,0000,1,1
1881,bitflip,0.07,0000,IIIII,IIIII,IIIII,0000,1,1
1882,bitflip,0.07,0000,IIIII,IIIII,IIIII,0000,1,1
1883,bitflip,0.07,0000,IIIII,IIIII,IIIII,0000,1,1
1884,bitflip,0.07,0000,IIIII,IIIII,IIIII,0000,1,1
1885,bitflip,0.07,0000,IIIII,IIIII,IIIII,0000,1,1
1886,bitflip,0.07,0000,IIIII,IIIII,IIIII,0000,1,1
1887,bitflip,0.07,0000,IIIII,IIIII,IIIII,0000,1,1
1888,bitflip,0.07,0000,IIIII,IIIII,IIIII,0000,1,1
1889,bitflip,0.07,0000,IIIII,IIIII,IIIII,0000,1,1
1890,bitflip,0.07,0000,IIIII,IIIII,IIIII,0000,1,1
1891,bitflip,0.07,0000,IIIII,IIIII,IIIII,0000,1,1
1892,bitflip,0.07,0000,IIIII,IIIII,IIIII,0000,1,1
1893,bitflip,0.07,0000,IIIII,IIIII,IIIII,0000,1,1
1894,bitflip,0.07,1100,IIXII,IYIII,IYXII,0001,-1,0
1895,bitflip,0.07,1100,IIXII,IYIII,IYXII,0001,-1,0
1896,bitflip,0.07,0000,IIIII,IIIII,IIIII,0000,1,1
1897,bitflip,0.07,1100,IIXII,IYIII,IYXII,0001,-1,0
1898,bitflip,0.07,0000,IIIII,IIIII,IIIII,0000,1,1
1899,bitflip,0.07,0000,IIIII,IIIII,IIIII,0000,1,1
1900,bitflip,0.07,0000,IIIII,IIIII,IIIII,0000,1,1
1901,bitflip,0.07,0000,IIIII,IIIII,IIIII,0000,1,1
1902,bitflip,0.07,0110,IIIXI,IIIXI,IIIII,0000,1,1
1903,bitflip,0.07,0000,IIIII,IIIII,IIIII,0000,1,1
1904,bitflip,0.07,0000,IIIII,IIIII,IIIII,0000,1,1
1905,bitflip,0.07,0000,IIIII,IIIII,IIIII,0000,1,1
1906,bitflip,0.07,0000,IIIII,IIIII,IIIII,0000,1,1
1907,bitflip,0.07,0000,IIIII,IIIII,IIIII,0000,1,1
1908,bitflip,0.07,0000,IIIII,IIIII,IIIII,0000,1,1
1909,bitflip,0.07,0000,IIIII,IIIII,IIIII,0000,1,1
1910,bitflip,0.07,1111,IIXIX,IXIII,IXXIX,0111,-1,0
1911,bitflip,0.07,0000,IIIII,IIIII,IIIII,0000,1,1
1912,bitflip,0.07,1000,IXIII,IXIII,IIIII,0000,1,1
1913,bitflip,0.07,0001,XIIII,XIIII,IIIII,0000,1,1
1914,bitflip,0.07,0000,IIIII,IIIII,IIIII,0000,1,1
1915,bitflip,0.07,0000,IIIII,IIIII,IIIII,0000,1,1
1916,bitflip,0.07,0000,IIIII,IIIII,IIIII,0000,1,1
1917,bitflip,0.07,0000,IIIII,IIIII,IIIII,0000,1,1
1918,bitflip,0.07,1000,IXIII,IXIII,IIIII,0000,1,1
1919,bitflip,0.07,0000,IIIII,IIIII,IIIII,0000,1,1
1920,bitflip,0.07,0001,XIIII,XIIII,IIIII,0000,1,1
1921,bitflip,0.07,0000,IIIII,IIIII,IIIII,0000,1,1
1922,bitflip,0.07,0000,IIIII,IIIII,IIIII,0000,1,1
1923,bitflip,0.07,0000,IIIII,IIIII,IIIII,0000,1,1
1924,bitflip,0.07,1000,IXIII,IXIII,IIIII,0000,1,1
1925,bitflip,0.07,0000,IIIII,IIIII,IIIII,0000,1,1
1926,bitflip,0.07,0000,IIIII,IIIII,IIIII,0000,1,1
1927,bitflip,0.07,0000,IIIII,IIIII,IIIII,0000,1,1
1928,bitflip,0.07,0000,IIIII,IIIII,IIIII,0000,1,1
1929,bitflip,0.07,0001,XIIII,XIIII,IIIII,0000,1,1
1930,bitflip,0.07,0000,IIIII,IIIII,IIIII,0000,1,1
1931,bitflip,0.07,0000,IIIII,IIIII,IIIII,0000,1,1
1932,bitflip,0.07,0000,IIIII,IIIII,IIIII,0000,1,1
1933,bitflip,0.07,0000,IIIII,IIIII,IIIII,0000,1,1
1934,bitflip,0.07,0000,IIIII,IIIII,IIIII,0000,1,1
1935,bitflip,0.07,0000,IIIII,IIIII,IIIII,0000,1,1
1936,bitflip,0.07,0011,IIIIX,IZIII,IZIIX,0110,-1,0
1937,bitflip,0.07,0000,IIIII,IIIII,IIIII,0000,1,1
1938,bitflip,0.07,0011,IIIIX,IZIII,IZIIX,0110,-1,0
1939,bitflip,0.07,0000,IIIII,IIIII,IIIII,0000,1,1
1940,bitflip,0.07,0000,IIIII,IIIII,IIIII,0000,1,1
1941,bitflip,0.07,0000,IIIII,IIIII,IIIII,0000,1,1
1942,bitflip,0.07,1000,IXIII,IXIII,IIIII,0000,1,1
1943,bitflip,0.07,0000,IIIII,IIIII,IIIII,0000,1,1
1944,bitflip,0.07,0000,IIIII,IIIII,IIIII,0000,1,1
1945,bitflip,0.07,0000,IIIII,IIIII,IIIII,0000,1,1
1946,bitflip,0.07,0000,IIIII,IIIII,IIIII,0000,1,1
1947,bitflip,0.07,0000,IIIII,IIIII,IIIII,0000,1,1
1948,bitflip,0.07,0000,IIIII,IIIII,IIIII,0000,1,1
1949,bitflip,0.07,0000,IIIII,IIIII,IIIII,0000,1,1
1950,bitflip,0.07,1100,IIXII,IYIII,IYXII,0001,-1,0
1951,bitflip,0.07,1100,IIXII,IYIII,IYXII,0001,-1,0
1952,bitflip,0.07,1110,IXIXI,YIIII,YXIXI,0101,-1,0
1953,bitflip,0.07,0001,XIIII,XIIII,IIIII,0000,1,1
1954,bitflip,0.07,0000,IIIII,IIIII,IIIII,0000,1,1
1955,bitflip,0.07,0000,IIIII,IIIII,IIIII,0000,1,1
1956,bitflip,0.07,0000,IIIII,IIIII,IIIII,0000,1,1
1957,bitflip,0.07,0000,IIIII,IIIII,IIIII,0000,1,1
1958,bitflip,0.07,0000,IIIII,IIIII,IIIII,0000,1,1
1959,bitflip,0.07,0000,IIIII,IIIII,IIIII,0000,1,1
1960,bitflip,0.07,0110,IIIXI,IIIXI,IIIII,0000,1,1
1961,bitflip,0.07,0001,XIIII,XIIII,IIIII,0000,1,1
1962,bitflip,0.07,0110,IIIXI,IIIXI,IIIII,0000,1,1
1963,bitflip,0.07,0000,IIIII,IIIII,IIIII,0000,1,1
1964,bitflip,0.07,0000,IIIII,IIIII,IIIII,0000,1,1
1965,bitflip,0.07,0000,IIIII,IIIII,IIIII,0000,1,1
1966,bitflip,0.07,0000,IIIII,IIIII,IIIII,0000,1,1
1967,bitflip,0.07,0001,XIIII,XIIII,IIIII,0000,1,1
1968,bitflip,0.07,0000,IIIII,IIIII,IIIII,0000,1,1
1969,bitflip,0.07,0000,IIIII,IIIII,IIIII,0000,1,1
1970,bitflip,0.07,1101,XIXII,YIIII,ZIXII,0110,-1,0
1971,bitflip,0.07,0000,IIIII,IIIII,IIIII,0000,1,1
1972,bitflip,0.07,0000,IIIII,IIIII,IIIII,0000,1,1
1973,bitflip,0.07,0000,IIIII,IIIII,IIIII,0000,1,1
1974,bitflip,0.07,0000,IIIII,IIIII,IIIII,0000,1,1
1975,bitflip,0.07,0000,IIIII,IIIII,IIIII,0000,1,1
1976,bitflip,0.07,0000,IIIII,IIIII,IIIII,0000,1,1
1977,bitflip,0.07,0000,IIIII,IIIII,IIIII,0000,1,1
1978,bitflip,0.07,0000,IIIII,IIIII,IIIII,0000,1,1
1979,bitflip,0.07,0011,IIIIX,IZIII,IZIIX,0110,-1,0
1980,bitflip,0.07,0110,IIIXI,IIIXI,IIIII,0000,1,1
1981,bitflip,0.07,0000,IIIII,IIIII,IIIII,0000,1,1
1982,bitflip,0.07,0000,IIIII,IIIII,IIIII,0000,1,1
1983,bitflip,0.07,0000,IIIII,IIIII,IIIII,0000,1,1
1984,bitflip,0.07,0000,IIIII,IIIII,IIIII,0000,1,1
1985,bitflip,0.07,0000,IIIII,IIIII,IIIII,0000,1,1
1986,bitflip,0.07,0001,XIIII,XIIII,IIIII,0000,1,1
1987,bitflip,0.07,0100,IXXII,IXIII,IIXII,1100,-1,0
1988,bitflip,0.07,1100,IIXII,IYIII,IYXII,0001,-1,0
1989,bitflip,0.07,0110,IIIXI,IIIXI,IIIII,0000,1,1
1990,bitflip,0.07,0000,IIIII,IIIII,IIIII,0000,1,1
1991,bitflip,0.07,0000,IIIII,IIIII,IIIII,0000,1,1
1992,bitflip,0.07,0000,IIIII,IIIII,IIIII,0000,1,1
1993,bitflip,0.07,0000,IIIII,IIIII,IIIII,0000,1,1
1994,bitflip,0.07,0000,IIIII,IIIII,IIIII,0000,1,1
1995,bitflip,0.07,0000,IIIII,IIIII,IIIII,0000,1,1
1996,bitflip,0.07,0000,IIIII,IIIII,IIIII,0000,1,1
1997,bitflip,0.07,0001,XIIII,XIIII,IIIII,0000,1,1
1998,bitflip,0.07,0000,IIIII,IIIII,IIIII,0000,1,1
1999,bitflip,0.07,0000,IIIII,IIIII,IIIII,0000,1,1
2000,bitflip,0.07,0000,IIIII,IIIII,IIIII,0000,1,1
2001,bitflip,0.07,0000,IIIII,IIIII,IIIII,0000,1,1
2002,bitflip,0.07,0000,IIIII,IIIII,IIIII,0000,1,1
2003,bitflip,0.07,0000,IIIII,IIIII,IIIII,0000,1,1
2004,bitflip,0.07,0000,IIIII,IIIII,IIIII,0000,1,1
2005,bitflip,0.07,0000,IIIII,IIIII,IIIII,0000,1,1
2006,bitflip,0.07,0000,IIIII,IIIII,IIIII,0000,1,1
2007,bitflip,0.07,0000,IIIII,IIIII,IIIII,0000,1,1
2008,bitflip,0.07,0000,IIIII,IIIII,IIIII,0000,1,1
2009,bitflip,0.07,0000,IIIII,IIIII,IIIII,0000,1,1
2010,bitflip,0.07,0000,IIIII,IIIII,IIIII,0000,1,1
2011,bitflip,0.07,0000,IIIII,IIIII,IIIII,0000,1,1
2012,bitflip,0.07,1010,IIXXI,XIIII,XIXXI,1011,-1,0
2013,bitflip,0.07,0000,IIIII,IIIII,IIIII,0000,1,1
2014,bitflip,0.07,0000,IIIII,IIIII,IIIII,0000,1,1
2015,bitflip,0.07,0000,IIIII,IIIII,IIIII,0000,1,1
2016,bitflip,0.07,0000,IIIII,IIIII,IIIII,0000,1,1
2017,bitflip,0.07,0000,IIIII,IIIII,IIIII,0000,1,1
2018,bitflip,0.07,1100,IIXII,IYIII,IYXII,0001,-1,0
2019,bitflip,0.07,0011,IIIIX,IZIII,IZIIX,0110,-1,0
2020,bitflip,0.07,1000,IXIII,IXIII,IIIII,0000,1,1
2021,bitflip,0.07,0000,IIIII,IIIII,IIIII,0000,1,1
2022,bitflip,0.07,1000,IXIII,IXIII,IIIII,0000,1,1
2023,bitflip,0.07,1100,IIXII,IYIII,IYXII,0001,-1,0
2024,bitflip,0.07,0000,IIIII,IIIII,IIIII,0000,1,1
2025,bitflip,0.07,0000,IIIII,IIIII,IIIII,0000,1,1
2026,bitflip,0.07,0000,IIIII,IIIII,IIIII,0000,1,1
2027,bitflip,0.07,0000,IIIII,IIIII,IIIII,0000,1,1
2028,bitflip,0.07,0010,XIIIX,XIIII,IIIIX,0011,-1,0
2029,bitflip,0.07,1000,IXIII,IXIII,IIIII,0000,1,1
2030,bitflip,0.07,0000,IIIII,IIIII,IIIII,0000,1,1
2031,bitflip,0.07,0000,IIIII,IIIII,IIIII,0000,1,1
2032,bitflip,0.07,0000,IIIII,IIIII,IIIII,0000,1,1
2033,bitflip,0.07,0000,IIIII,IIIII,IIIII,0000,1,1
2034,bitflip,0.07,1101,XIXII,YIIII,ZIXII,0110,-1,0
2035,bitflip,0.07,0000,IIIII,IIIII,IIIII,0000,1,1
2036,bitflip,0.07,0000,IIIII,IIIII,IIIII,0000,1,1
2037,bitflip,0.07,0000,IIIII,IIIII,IIIII,0000,1,1
2038,bitflip,0.07,0000,IIIII,IIIII,IIIII,0000,1,1
2039,bitflip,0.07,0000,IIIII,IIIII,IIIII,0000,1,1
2040,bitflip,0.07,0110,IIIXI,IIIXI,IIIII,0000,1,1
2041,bitflip,0.07,0011,IIIIX,IZIII,IZIIX,0110,-1,0
2042,bitflip,0.07,0000,IIIII,IIIII,IIIII,0000,1,1
2043,bitflip,0.07,0000,IIIII,IIIII,IIIII,0000,1,1
2044,bitflip,0.07,0000,IIIII,IIIII,IIIII,0000,1,1
2045,bitflip,0.07,0000,IIIII,IIIII,IIIII,0000,1,1
2046,bitflip,0.07,0000,IIIII,IIIII,IIIII,0000,1,1
2047,bitflip,0.07,0000,IIIII,IIIII,IIIII,0000,1,1
2048,bitflip,0.07,0000,IIIII,IIIII,IIIII,0000,1,1
2049,bitflip,0.07,0000,IIIII,IIIII,IIIII,0000,1,1
2050,bitflip,0.07,1100,IIXII,IYIII,IYXII,0001,-1,0
2051,bitflip,0.07,0000,IIIII,IIIII,IIIII,0000,1,1
2052,bitflip,0.07,0000,IIIII,IIIII,IIIII,0000,1,1
2053,bitflip,0.07,0000,IIIII,IIIII,IIIII,0000,1,1
2054,bitflip,0.07,0000,IIIII,IIIII,IIIII,0000,1,1
2055,bitflip,0.07,0000,IIIII,IIIII,IIIII,0000,1,1
2056,bitflip,0.07,0000,IIIII,IIIII,IIIII,0000,1,1
2057,bitflip,0.07,0011,IIIIX,IZIII,IZIIX,0110,-1,0
2058,bitflip,0.07,1111,IIXIX,IXIII,IXXIX,0111,-1,0
2059,bitflip,0.07,0000,IIIII,IIIII,IIIII,0000,1,1
2060,bitflip,0.07,0000,IIIII,IIIII,IIIII,0000,1,1
2061,bitflip,0.07,0000,IIIII,IIIII,IIIII,0000,1,1
2062,bitflip,0.07,0000,IIIII,IIIII,IIIII,0000,1,1
2063,bitflip,0.07,0000,IIIII,IIIII,IIIII,0000,1,1
2064,bitflip,0.07,0000,IIIII,IIIII,IIIII,0000,1,1
2065,bitflip,0.07,0000,IIIII,IIIII,IIIII,0000,1,1
2066,bitflip,0.07,0000,IIIII,IIIII,IIIII,0000,1,1
2067,bitflip,0.07,0000,IIIII,IIIII,IIIII,0000,1,1
2068,bitflip,0.07,0000,IIIII,IIIII,IIIII,0000,1,1
2069,bitflip,0.07,0000,IIIII,IIIII,IIIII,0000,1,1
2070,bitflip,0.07,0000,IIIII,IIIII,IIIII,0000,1,1
2071,bitflip,0.07,0001,XIIII,XIIII,IIIII,0000,1,1
2072,bitflip,0.07,0110,IIIXI,IIIXI,IIIII,0000,1,1
2073,bitflip,0.07,0000,IIIII,IIIII,IIIII,0000,1,1
2074,bitflip,0.07,0011,IIIIX,IZIII,IZIIX,0110,-1,0
2075,bitflip,0.07,1000,IXIII,IXIII,IIIII,0000,1,1
2076,bitflip,0.07,0000,IIIII,IIIII,IIIII,0000,1,1
2077,bitflip,0.07,0000,IIIII,IIIII,IIIII,0000,1,1
2078,bitflip,0.07,0000,IIIII,IIIII,IIIII,0000,1,1
2079,bitflip,0.07,1000,IXIII,IXIII,IIIII,0000,1,1
2080,bitflip,0.07,0000,IIIII,IIIII,IIIII,0000,1,1
2081,bitflip,0.07,0000,IIIII,IIIII,IIIII,0000,1,1
2082,bitflip,0.07,0000,IIIII,IIIII,IIIII,0000,1,1
2083,bitflip,0.07,0000,IIIII,IIIII,IIIII,0000,1,1
2084,bitflip,0.07,0000,IIIII,IIIII,IIIII,0000,1,1
2085,bitflip,0.07,0000,IIIII,IIIII,IIIII,0000,1,1
2086,bitflip,0.07,0110,IIIXI,IIIXI,IIIII,0000,1,1
2087,bitflip,0.07,0110,IIIXI,IIIXI,IIIII,0000,1,1
2088,bitflip,0.07,0000,IIIII,IIIII,IIIII,0000,1,1
2089,bitflip,0.07,0000,IIIII,IIIII,IIIII,0000,1,1
2090,bitflip,0.07,0000,IIIII,IIIII,IIIII,0000,1,1
2091,bitflip,0.07,0000,IIIII,IIIII,IIIII,0000,1,1
2092,bitflip,0.07,0001,XIIII,XIIII,IIIII,0000,1,1
2093,bitflip,0.07,0000,IIIII,IIIII,IIIII,0000,1,1
2094,bitflip,0.07,0000,IIIII,IIIII,IIIII,0000,1,1
2095,bitflip,0.07,1100,IIXII,IYIII,IYXII,0001,-1,0
2096,bitflip,0.07,0011,IIIIX,IZIII,IZIIX,0110,-1,0
2097,bitflip,0.07,1001,IIXXX,IIIZI,IIXYX,0000,-1,0
2098,bitflip,0.07,0001,XIIII,XIIII,IIIII,0000,1,1
2099,bitflip,0.07,0000,IIIII,IIIII,IIIII,0000,1,1
2100,bitflip,0.07,0000,IIIII,IIIII,IIIII,0000,1,1
2101,bitflip,0.07,0000,IIIII,IIIII,IIIII,0000,1,1
2102,bitflip,0.07,1000,IXIII,IXIII,IIIII,0000,1,1
2103,bitflip,0.07,0000,IIIII,IIIII,IIIII,0000,1,1
2104,bitflip,0.07,0000,IIIII,IIIII,IIIII,0000,1,1
2105,bitflip,0.07,0000,IIIII,IIIII,IIIII,0000,1,1
2106,bitflip,0.07,0000,IIIII,IIIII,IIIII,0000,1,1
2107,bitflip,0.07,1000,IXIII,IXIII,IIIII,0000,1,1
2108,bitflip,0.07,0000,IIIII,IIIII,IIIII,0000,1,1
2109,bitflip,0.07,0000,IIIII,IIIII,IIIII,0000,1,1
2110,bitflip,0.07,0000,IIIII,IIIII,IIIII,0000,1,1
2111,bitflip,0.07,0000,IIIII,IIIII,IIIII,0000,1,1
2112,bitflip,0.07,0000,IIIII,IIIII,IIIII,0000,1,1
2113,bitflip,0.07,0000,IIIII,IIIII,IIIII,0000,1,1
2114,bitflip,0.07,0110,IIIXI,IIIXI,IIIII,0000,1,1
2115,bitflip,0.07,1000,IXIII,IXIII,IIIII,0000,1,1
2116,bitflip,0.07,0110,IIIXI,IIIXI,IIIII,0000,1,1
2117,bitflip,0.07,1100,IIXII,IYIII,IYXII,0001,-1,0
2118,bitflip,0.07,0000,IIIII,IIIII,IIIII,0000,1,1
2119,bitflip,0.07,0000,IIIII,IIIII,IIIII,0000,1,1
2120,bitflip,0.07,0000,IIIII,IIIII,IIIII,0000,1,1
2121,bitflip,0.07,0000,IIIII,IIIII,IIIII,0000,1,1
2122,bitflip,0.07,0000,IIIII,IIIII,IIIII,0000,1,1
2123,bitflip,0.07,0110,IIIXI,IIIXI,IIIII,0000,1,1
2124,bitflip,0.07,0000,IIIII,IIIII,IIIII,0000,1,1
2125,bitflip,0.07,0000,IIIII,IIIII,IIIII,0000,1,1
2126,bitflip,0.07,0011,IIIIX,IZIII,IZIIX,0110,-1,0
2127,bitflip,0.07,0000,IIIII,IIIII,IIIII,0000,1,1
2128,bitflip,0.07,0000,IIIII,IIIII,IIIII,0000,1,1
2129,bitflip,0.07,0000,IIIII,IIIII,IIIII,0000,1,1
2130,bitflip,0.07,1000,IXIII,IXIII,IIIII,0000,1,1
2131,bitflip,0.07,0000,IIIII,IIIII,IIIII,0000,1,1
2132,bitflip,0.07,0000,IIIII,IIIII,IIIII,0000,1,1
2133,bitflip,0.07,0000,IIIII,IIIII,IIIII,0000,1,1
2134,bitflip,0.07,0001,XIIII,XIIII,IIIII,0000,1,1
2135,bitflip,0.07,0000,IIIII,IIIII,IIIII,0000,1,1
2136,bitflip,0.07,0000,IIIII,IIIII,IIIII,0000,1,1
2137,bitflip,0.07,0000,IIIII,IIIII,IIIII,0000,1,1
2138,bitflip,0.07,0011,IIIIX,IZIII,IZIIX,0110,-1,0
2139,bitflip,0.07,0000,IIIII,IIIII,IIIII,0000,1,1
2140,bitflip,0.07,0001,XIIII,XIIII,IIIII,0000,1,1
2141,bitflip,0.07,1000,IXIII,IXIII,IIIII,0000,1,1
2142,bitflip,0.07,0000,IIIII,IIIII,IIIII,0000,1,1
2143,bitflip,0.07,0000,IIIII,IIIII,IIIII,0000,1,1
2144,bitflip,0.07,0110,IIIXI,IIIXI,IIIII,0000,1,1
2145,bitflip,0.07,0000,IIIII,IIIII,IIIII,0000,1,1
2146,bitflip,0.07,1000,IXIII,IXIII,IIIII,0000,1,1
2147,bitflip,0.07,0000,IIIII,IIIII,IIIII,0000,1,1
2148,bitflip,0.07,0000,IIIII,IIIII,IIIII,0000,1,1
2149,bitflip,0.07,0000,IIIII,IIIII,IIIII,0000,1,1
2150,bitflip,0.07,0000,IIIII,IIIII,IIIII,0000,1,1
2151,bitflip,0.07,1000,IXIII,IXIII,IIIII,0000,1,1
2152,bitflip,0.07,0000,IIIII,IIIII,IIIII,0000,1,1
2153,bitflip,0.07,1100,IIXII,IYIII,IYXII,0001,-1,0
2154,bitflip,0.07,0000,IIIII,IIIII,IIIII,0000,1,1
2155,bitflip,0.07,0000,IIIII,IIIII,IIIII,0000,1,1
2156,bitflip,0.07,0011,IIIIX,IZIII,IZIIX,0110,-1,0
2157,bitflip,0.07,1100,IIXII,IYIII,IYXII,0001,-1,0
2158,bitflip,0.07,0011,IIIIX,IZIII,IZIIX,0110,-1,0
2159,bitflip,0.07,0000,IIIII,IIIII,IIIII,0000,1,1
2160,bitflip,0.07,0000,IIIII,IIIII,IIIII,0000,1,1
2161,bitflip,0.07,0011,IIIIX,IZIII,IZIIX,0110,-1,0
2162,bitflip,0.07,0000,IIIII,IIIII,IIIII,0000,1,1
2163,bitflip,0.07,0001,XIIII,XIIII,IIIII,0000,1,1
2164,bitflip,0.07,0110,IIIXI,IIIXI,IIIII,0000,1,1
2165,bitflip,0.07,0000,IIIII,IIIII,IIIII,0000,1,1
2166,bitflip,0.07,0000,IIIII,IIIII,IIIII,0000,1,1
2167,bitflip,0.07,0000,IIIII,IIIII,IIIII,0000,1,1
2168,bitflip,0.07,0000,IIIII,IIIII,IIIII,0000,1,1
2169,bitflip,0.07,0000,IIIII,IIIII,IIIII,0000,1,1
2170,bitflip,0.07,0110,IIIXI,IIIXI,IIIII,0000,1,1
2171,bitflip,0.07,0000,IIIII,IIIII,IIIII,0000,1,1
2172,bitflip,0.07,0000,IIIII,IIIII,IIIII,0000,1,1
2173,bitflip,0.07,0000,IIIII,IIIII,IIIII,0000,1,1
2174,bitflip,0.07,1100,IIXII,IYIII,IYXII,0001,-1,0
2175,bitflip,0.07,0001,XIIII,XIIII,IIIII,0000,1,1
2176,bitflip,0.07,0000,IIIII,IIIII,IIIII,0000,1,1
2177,bitflip,0.07,0000,IIIII,IIIII,IIIII,0000,1,1
2178,bitflip,0.07,0000,IIIII,IIIII,IIIII,0000,1,1
2179,bitflip,0.07,1111,IIXIX,IXIII,IXXIX,0111,-1,0
2180,bitflip,0.07,0000,IIIII,IIIII,IIIII,0000,1,1
2181,bitflip,0.07,0000,IIIII,IIIII,IIIII,0000,1,1
2182,bitflip,0.07,0000,IIIII,IIIII,IIIII,0000,1,1
2183,bitflip,0.07,0000,IIIII,IIIII,IIIII,0000,1,1
2184,bitflip,0.07,0000,IIIII,IIIII,IIIII,0000,1,1
2185,bitflip,0.07,0010,XIIIX,XIIII,IIIIX,0011,-1,0
2186,bitflip,0.07,0000,IIIII,IIIII,IIIII,0000,1,1
2187,bitflip,0.07,0000,IIIII,IIIII,IIIII,0000,1,1
2188,bitflip,0.07,0110,IIIXI,IIIXI,IIIII,0000,1,1
2189,bitflip,0.07,0000,IIIII,IIIII,IIIII,0000,1,1
2190,bitflip,0.07,0000,IIIII,IIIII,IIIII,0000,1,1
2191,bitflip,0.07,1001,XXIII,IIIZI,XXIZI,0000,-1,0
2192,bitflip,0.07,0000,IIIII,IIIII,IIIII,0000,1,1
2193,bitflip,0.07,1000,IXIII,IXIII,IIIII,0000,1,1
2194,bitflip,0.07,0000,IIIII,IIIII,IIIII,0000,1,1
2195,bitflip,0.07,0000,IIIII,IIIII,IIIII,0000,1,1
2196,bitflip,0.07,0000,IIIII,IIIII,IIIII,0000,1,1
2197,bitflip,0.07,0010,XIIIX,XIIII,IIIIX,0011,-1,0
2198,bitflip,0.07,0000,IIIII,IIIII,IIIII,0000,1,1
2199,bitflip,0.07,0000,IIIII,IIIII,IIIII,0000,1,1
2200,bitflip,0.07,0000,IIIII,IIIII,IIIII,0000,1,1
2201,bitflip,0.07,0000,IIIII,IIIII,IIIII,0000,1,1
2202,bitflip,0.07,0000,IIIII,IIIII,IIIII,0000,1,1
2203,bitflip,0.07,0000,IIIII,IIIII,IIIII,0000,1,1
2204,bitflip,0.07,0011,IIIIX,IZIII,IZIIX,0110,-1,0
2205,bitflip,0.07,0000,IIIII,IIIII,IIIII,0000,1,1
2206,bitflip,0.07,1000,IXIII,IXIII,IIIII,0000,1,1
2207,bitflip,0.07,0000,IIIII,IIIII,IIIII,0000,1,1
2208,bitflip,0.07,0000,IIIII,IIIII,IIIII,0000,1,1
2209,bitflip,0.07,0000,IIIII,IIIII,IIIII,0000,1,1
2210,bitflip,0.07,0001,XIIII,XIIII,IIIII,0000,1,1
2211,bitflip,0.07,0011,IIIIX,IZIII,IZIIX,0110,-1,0
2212,bitflip,0.07,0000,IIIII,IIIII,IIIII,0000,1,1
2213,bitflip,0.07,1100,IIXII,IYIII,IYXII,0001,-1,0
2214,bitflip,0.07,0000,IIIII,IIIII,IIIII,0000,1,1
2215,bitflip,0.07,0000,IIIII,IIIII,IIIII,0000,1,1
2216,bitflip,0.07,0000,IIIII,IIIII,IIIII,0000,1,1
2217,bitflip,0.07,0011,IIIIX,IZIII,IZIIX,0110,-1,0
2218,bitflip,0.07,0001,XIIII,XIIII,IIIII,0000,1,1
2219,bitflip,0.07,0000,IIIII,IIIII,IIIII,0000,1,1
2220,bitflip,0.07,0011,IIIIX,IZIII,IZIIX,0110,-1,0
2221,bitflip,0.07,0000,IIIII,IIIII,IIIII,0000,1,1
2222,bitflip,0.07,0000,IIIII,IIIII,IIIII,0000,1,1
2223,bitflip,0.07,0110,IIIXI,IIIXI,IIIII,0000,1,1
2224,bitflip,0.07,0000,IIIII,IIIII,IIIII,0000,1,1
2225,bitflip,0.07,0000,IIIII,IIIII,IIIII,0000,1,1
2226,bitflip,0.07,1000,IXIII,IXIII,IIIII,0000,1,1
2227,bitflip,0.07,1100,IIXII,IYIII,IYXII,0001,-1,0
2228,bitflip,0.07,0000,IIIII,IIIII,IIIII,0000,1,1
2229,bitflip,0.07,0000,IIIII,IIIII,IIIII,0000,1,1
2230,bitflip,0.07,0001,XIIII,XIIII,IIIII,0000,1,1
2231,bitflip,0.07,1000,IXIII,IXIII,IIIII,0000,1,1
2232,bitflip,0.07,0000,IIIII,IIIII,IIIII,0000,1,1
2233,bitflip,0.07,0000,IIIII,IIIII,IIIII,0000,1,1
2234,bitflip,0.07,0000,IIIII,IIIII,IIIII,0000,1,1
2235,bitflip,0.07,0000,IIIII,IIIII,IIIII,0000,1,1
2236,bitflip,0.07,0000,IIIII,IIIII,IIIII,0000,1,1
2237,bitflip,0.07,0011,IIIIX,IZIII,IZIIX,0110,-1,0
2238,bitflip,0.07,0000,IIIII,IIIII,IIIII,0000,1,1
2239,bitflip,0.07,0000,IIIII,IIIII,IIIII,0000,1,1
2240,bitflip,0.07,0000,IIIII,IIIII,IIIII,0000,1,1
2241,bitflip,0.07,0000,IIIII,IIIII,IIIII,0000,1,1
2242,bitflip,0.07,0000,IIIII,IIIII,IIIII,0000,1,1
2243,bitflip,0.07,0000,IIIII,IIIII,IIIII,0000,1,1
2244,bitflip,0.07,1000,IXIII,IXIII,IIIII,0000,1,1
2245,bitflip,0.07,0011,IIIIX,IZIII,IZIIX,0110,-1,0
2246,bitflip,0.07,0000,IIIII,IIIII,IIIII,0000,1,1
2247,bitflip,0.07,0000,IIIII,IIIII,IIIII,0000,1,1
2248,bitflip,0.07,0000,IIIII,IIIII,IIIII,0000,1,1
2249,bitflip,0.07,0110,IIIXI,IIIXI,IIIII,0000,1,1
2250,bitflip,0.07,0000,IIIII,IIIII,IIIII,0000,1,1
2251,bitflip,0.07,0000,IIIII,IIIII,IIIII,0000,1,1
2252,bitflip,0.07,0000,IIIII,IIIII,IIIII,0000,1,1
2253,bitflip,0.07,0000,IIIII,IIIII,IIIII,0000,1,1
2254,bitflip,0.07,0000,IIIII,IIIII,IIIII,0000,1,1
2255,bitflip,0.07,0001,XIIII,XIIII,IIIII,0000,1,1
2256,bitflip,0.07,0000,IIIII,IIIII,IIIII,0000,1,1
2257,bitflip,0.07,0000,IIIII,IIIII,IIIII,0000,1,1
2258,bitflip,0.07,0000,IIIII,IIIII,IIIII,0000,1,1
2259,bitflip,0.07,0000,IIIII,IIIII,IIIII,0000,1,1
2260,bitflip,0.07,0000,IIIII,IIIII,IIIII,0000,1,1
2261,bitflip,0.07,0000,IIIII,IIIII,IIIII,0000,1,1
2262,bitflip,0.07,0001,XIIII,XIIII,IIIII,0000,1,1
2263,bitflip,0.07,0000,IIIII,IIIII,IIIII,0000,1,1
2264,bitflip,0.07,0000,IIIII,IIIII,IIIII,0000,1,1
2265,bitflip,0.07,0000,IIIII,IIIII,IIIII,0000,1,1
2266,bitflip,0.07,0000,IIIII,IIIII,IIIII,0000,1,1
2267,bitflip,0.07,0110,IIIXI,IIIXI,IIIII,0000,1,1
2268,bitflip,0.07,0000,IIIII,IIIII,IIIII,0000,1,1
2269,bitflip,0.07,0000,IIIII,IIIII,IIIII,0000,1,1
2270,bitflip,0.07,0000,IIIII,IIIII,IIIII,0000,1,1
2271,bitflip,0.07,1100,IIXII,IYIII,IYXII,0001,-1,0
2272,bitflip,0.07,0000,IIIII,IIIII,IIIII,0000,1,1
2273,bitflip,0.07,0000,IIIII,IIIII,IIIII,0000,1,1
2274,bitflip,0.07,0000,IIIII,IIIII,IIIII,0000,1,1
2275,bitflip,0.07,0000,IIIII,IIIII,IIIII,0000,1,1
2276,bitflip,0.07,0000,IIIII,IIIII,IIIII,0000,1,1
2277,bitflip,0.07,0000,IIIII,IIIII,IIIII,0000,1,1
2278,bitflip,0.07,0000,IIIII,IIIII,IIIII,0000,1,1
2279,bitflip,0.07,1011,IXIIX,YIIII,YXIIX,0000,-1,0
2280,bitflip,0.07,0000,IIIII,IIIII,IIIII,0000,1,1
2281,bitflip,0.07,0110,IIIXI,IIIXI,IIIII,0000,1,1
2282,bitflip,0.07,0000,IIIII,IIIII,IIIII,0000,1,1
2283,bitflip,0.07,0000,IIIII,IIIII,IIIII,0000,1,1
2284,bitflip,0.07,0000,IIIII,IIIII,IIIII,0000,1,1
2285,bitflip,0.07,0000,IIIII,IIIII,IIIII,0000,1,1
2286,bitflip,0.07,0011,IIIIX,IZIII,IZIIX,0110,-1,0
2287,bitflip,0.07,0000,IIIII,IIIII,IIIII,0000,1,1
2288,bitflip,0.07,0000,IIIII,IIIII,IIIII,0000,1,1
2289,bitflip,0.07,0000,IIIII,IIIII,IIIII,0000,1,1
2290,bitflip,0.07,0110,IIIXI,IIIXI,IIIII,0000,1,1
2291,bitflip,0.07,0001,XIIII,XIIII,IIIII,0000,1,1
2292,bitflip,0.07,0000,IIIII,IIIII,IIIII,0000,1,1
2293,bitflip,0.07,0000,IIIII,IIIII,IIIII,0000,1,1
2294,bitflip,0.07,0000,IIIII,IIIII,IIIII,0000,1,1
2295,bitflip,0.07,0000,IIIII,IIIII,IIIII,0000,1,1
2296,bitflip,0.07,1000,IXIII,IXIII,IIIII,0000,1,1
2297,bitflip,0.07,0000,IIIII,IIIII,IIIII,0000,1,1
2298,bitflip,0.07,0000,IIIII,IIIII,IIIII,0000,1,1
2299,bitflip,0.07,0000,IIIII,IIIII,IIIII,0000,1,1
2300,bitflip,0.07,0000,IIIII,IIIII,IIIII,0000,1,1
2301,bitflip,0.07,0000,IIIII,IIIII,IIIII,0000,1,1
2302,bitflip,0.07,0011,IIIIX,IZIII,IZIIX,0110,-1,0
2303,bitflip,0.07,0000,IIIII,IIIII,IIIII,0000,1,1
2304,bitflip,0.07,1100,IIXII,IYIII,IYXII,0001,-1,0
2305,bitflip,0.07,0000,IIIII,IIIII,IIIII,0000,1,1
2306,bitflip,0.07,0011,IIIIX,IZIII,IZIIX,0110,-1,0
2307,bitflip,0.07,0000,IIIII,IIIII,IIIII,0000,1,1
2308,bitflip,0.07,0000,IIIII,IIIII,IIIII,0000,1,1
2309,bitflip,0.07,0000,IIIII,IIIII,IIIII,0000,1,1
2310,bitflip,0.07,0000,IIIII,IIIII,IIIII,0000,1,1
2311,bitflip,0.07,0000,IIIII,IIIII,IIIII,0000,1,1
2312,bitflip,0.07,0000,IIIII,IIIII,IIIII,0000,1,1
2313,bitflip,0.07,0000,IIIII,IIIII,IIIII,0000,1,1
2314,bitflip,0.07,0000,IIIII,IIIII,IIIII,0000,1,1
2315,bitflip,0.07,0000,IIIII,IIIII,IIIII,0000,1,1
2316,bitflip,0.07,0000,IIIII,IIIII,IIIII,0000,1,1
2317,bitflip,0.07,0000,IIIII,IIIII,IIIII,0000,1,1
2318,bitflip,0.07,0110,IIIXI,IIIXI,IIIII,0000,1,1
2319,bitflip,0.07,0000,IIIII,IIIII,IIIII,0000,1,1
2320,bitflip,0.07,0000,IIIII,IIIII,IIIII,0000,1,1
2321,bitflip,0.07,0000,IIIII,IIIII,IIIII,0000,1,1
2322,bitflip,0.07,0000,IIIII,IIIII,IIIII,0000,1,1
2323,bitflip,0.07,0000,IIIII,IIIII,IIIII,0000,1,1
2324,bitflip,0.07,0000,IIIII,IIIII,IIIII,0000,1,1
2325,bitflip,0.07,0000,IIIII,IIIII,IIIII,0000,1,1
2326,bitflip,0.07,0000,IIIII,IIIII,IIIII,0000,1,1
2327,bitflip,0.07,0000,IIIII,IIIII,IIIII,0000,1,1
2328,bitflip,0.07,1111,IIXIX,IXIII,IXXIX,0111,-1,0
2329,bitflip,0.07,0000,IIIII,IIIII,IIIII,0000,1,1
2330,bitflip,0.07,0000,IIIII,IIIII,IIIII,0000,1,1
2331,bitflip,0.07,0000,IIIII,IIIII,IIIII,0000,1,1
2332,bitflip,0.07,0000,IIIII,IIIII,IIIII,0000,1,1
2333,bitflip,0.07,1011,IXIIX,YIIII,YXIIX,0000,-1,0
2334,bitflip,0.07,0000,IIIII,IIIII,IIIII,0000,1,1
2335,bitflip,0.07,0000,IIIII,IIIII,IIIII,0000,1,1
2336,bitflip,0.07,0000,IIIII,IIIII,IIIII,0000,1,1
2337,bitflip,0.07,0000,IIIII,IIIII,IIIII,0000,1,1
2338,bitflip,0.07,0011,IIIIX,IZIII,IZIIX,0110,-1,0
2339,bitflip,0.07,0000,IIIII,IIIII,IIIII,0000,1,1
2340,bitflip,0.07,0001,XIIII,XIIII,IIIII,0000,1,1
2341,bitflip,0.07,0000,IIIII,IIIII,IIIII,0000,1,1
2342,bitflip,0.07,1000,IXIII,IXIII,IIIII,0000,1,1
2343,bitflip,0.07,0000,IIIII,IIIII,IIIII,0000,1,1
2344,bitflip,0.07,1000,IXIII,IXIII,IIIII,0000,1,1
2345,bitflip,0.07,0000,IIIII,IIIII,IIIII,0000,1,1
2346,bitflip,0.07,0010,XIIIX,XIIII,IIIIX,0011,-1,0
2347,bitflip,0.07,0000,IIIII,IIIII,IIIII,0000,1,1
2348,bitflip,0.07,1000,IXIII,IXIII,IIIII,0000,1,1
2349,bitflip,0.07,0000,IIIII,IIIII,IIIII,0000,1,1
2350,bitflip,0.07,0110,IIIXI,IIIXI,IIIII,0000,1,1
2351,bitflip,0.07,0000,IIIII,IIIII,IIIII,0000,1,1
2352,bitflip,0.07,1100,IIXII,IYIII,IYXII,0001,-1,0
2353,bitflip,0.07,0000,IIIII,IIIII,IIIII,0000,1,1
2354,bitflip,0.07,0000,IIIII,IIIII,IIIII,0000,1,1
2355,bitflip,0.07,0000,IIIII,IIIII,IIIII,0000,1,1
2356,bitflip,0.07,0000,IIIII,IIIII,IIIII,0000,1,1
2357,bitflip,0.07,1000,IXIII,IXIII,IIIII,0000,1,1
2358,bitflip,0.07,0000,IIIII,IIIII,IIIII,0000,1,1
2359,bitflip,0.07,0000,IIIII,IIIII,IIIII,0000,1,1
2360,bitflip,0.07,0000,IIIII,IIIII,IIIII,0000,1,1
2361,bitflip,0.07,0011,IIIIX,IZIII,IZIIX,0110,-1,0
2362,bitflip,0.07,0000,IIIII,IIIII,IIIII,0000,1,1
2363,bitflip,0.07,0000,IIIII,IIIII,IIIII,0000,1,1
2364,bitflip,0.07,0000,IIIII,IIIII,IIIII,0000,1,1
2365,bitflip,0.07,0000,IIIII,IIIII,IIIII,0000,1,1
2366,bitflip,0.07,0000,IIIII,IIIII,IIIII,0000,1,1
2367,bitflip,0.07,0000,IIIII,IIIII,IIIII,0000,1,1
2368,bitflip,0.07,1100,IIXII,IYIII,IYXII,0001,-1,0
2369,bitflip,0.07,0000,IIIII,IIIII,IIIII,0000,1,1
2370,bitflip,0.07,0000,IIIII,IIIII,IIIII,0000,1,1
2371,bitflip,0.07,0000,IIIII,IIIII,IIIII,0000,1,1
2372,bitflip,0.07,0000,IIIII,IIIII,IIIII,0000,1,1
2373,bitflip,0.07,0000,IIIII,IIIII,IIIII,0000,1,1
2374,bitflip,0.07,0000,IIIII,IIIII,IIIII,0000,1,1
2375,bitflip,0.07,0011,IIIIX,IZIII,IZIIX,0110,-1,0
2376,bitflip,0.07,0110,IIIXI,IIIXI,IIIII,0000,1,1
2377,bitflip,0.07,0011,IIIIX,IZIII,IZIIX,0110,-1,0
2378,bitflip,0.07,0000,IIIII,IIIII,IIIII,0000,1,1
2379,bitflip,0.07,0000,IIIII,IIIII,IIIII,0000,1,1
2380,bitflip,0.07,0110,IIIXI,IIIXI,IIIII,0000,1,1
2381,bitflip,0.07,0110,IIIXI,IIIXI,IIIII,0000,1,1
2382,bitflip,0.07,0100,IXXII,IXIII,IIXII,1100,-1,0
2383,bitflip,0.07,0011,IIIIX,IZIII,IZIIX,0110,-1,0
2384,bitflip,0.07,0000,IIIII,IIIII,IIIII,0000,1,1
2385,bitflip,0.07,0000,IIIII,IIIII,IIIII,0000,1,1
2386,bitflip,0.07,0000,IIIII,IIIII,IIIII,0000,1,1
2387,bitflip,0.07,0110,IIIXI,IIIXI,IIIII,0000,1,1
2388,bitflip,0.07,0001,XIIII,XIIII,IIIII,0000,1,1
2389,bitflip,0.07,0000,IIIII,IIIII,IIIII,0000,1,1
2390,bitflip,0.07,0000,IIIII,IIIII,IIIII,0000,1,1
2391,bitflip,0.07,0001,XIIII,XIIII,IIIII,0000,1,1
2392,bitflip,0.07,0000,IIIII,IIIII,IIIII,0000,1,1
2393,bitflip,0.07,0011,IIIIX,IZIII,IZIIX,0110,-1,0
2394,bitflip,0.07,0011,IIIIX,IZIII,IZIIX,0110,-1,0
2395,bitflip,0.07,1100,IIXII,IYIII,IYXII,0001,-1,0
2396,bitflip,0.07,0110,IIIXI,IIIXI,IIIII,0000,1,1
2397,bitflip,0.07,0000,IIIII,IIIII,IIIII,0000,1,1
2398,bitflip,0.07,0000,IIIII,IIIII,IIIII,0000,1,1
2399,bitflip,0.07,0000,IIIII,IIIII,IIIII,0000,1,1
2400,bitflip,0.07,0000,IIIII,IIIII,IIIII,0000,1,1
2401,bitflip,0.07,0000,IIIII,IIIII,IIIII,0000,1,1
2402,bitflip,0.07,0000,IIIII,IIIII,IIIII,0000,1,1
2403,bitflip,0.07,0000,IIIII,IIIII,IIIII,0000,1,1
2404,bitflip,0.07,1000,IXIII,IXIII,IIIII,0000,1,1
2405,bitflip,0.07,1100,IIXII,IYIII,IYXII,0001,-1,0
2406,bitflip,0.07,0000,IIIII,IIIII,IIIII,0000,1,1
2407,bitflip,0.07,0111,XIIXI,IIIXI,XIIII,0001,-1,0
2408,bitflip,0.07,0000,IIIII,IIIII,IIIII,0000,1,1
2409,bitflip,0.07,0000,IIIII,IIIII,IIIII,0000,1,1
2410,bitflip,0.07,0000,IIIII,IIIII,IIIII,0000,1,1
2411,bitflip,0.07,0000,IIIII,IIIII,IIIII,0000,1,1
2412,bitflip,0.07,0000,IIIII,IIIII,IIIII,0000,1,1
2413,bitflip,0.07,0000,IIIII,IIIII,IIIII,0000,1,1
2414,bitflip,0.07,0000,IIIII,IIIII,IIIII,0000,1,1
2415,bitflip,0.07,0000,IIIII,IIIII,IIIII,0000,1,1
2416,bitflip,0.07,0110,IIIXI,IIIXI,IIIII,0000,1,1
2417,bitflip,0.07,0000,IIIII,IIIII,IIIII,0000,1,1
2418,bitflip,0.07,0111,XIIXI,IIIXI,XIIII,0001,-1,0
2419,bitflip,0.07,1100,IIXII,IYIII,IYXII,0001,-1,0
2420,bitflip,0.07,1110,XIXIX,YIIII,ZIXIX,0101,-1,0
2421,bitflip,0.07,0011,IIIIX,IZIII,IZIIX,0110,-1,0
2422,bitflip,0.07,1010,XXIIX,XIIII,IXIIX,1011,-1,0
2423,bitflip,0.07,0011,IIIIX,IZIII,IZIIX,0110,-1,0
2424,bitflip,0.07,0011,IIIIX,IZIII,IZIIX,0110,-1,0
2425,bitflip,0.07,0000,IIIII,IIIII,IIIII,0000,1,1
2426,bitflip,0.07,1000,IXIII,IXIII,IIIII,0000,1,1
2427,bitflip,0.07,0000,IIIII,IIIII,IIIII,0000,1,1
2428,bitflip,0.07,0000,IIIII,IIIII,IIIII,0000,1,1
2429,bitflip,0.07,0000,IIIII,IIIII,IIIII,0000,1,1
2430,bitflip,0.07,0000,IIIII,IIIII,IIIII,0000,1,1
2431,bitflip,0.07,0110,IIIXI,IIIXI,IIIII,0000,1,1
2432,bitflip,0.07,0001,XIIII,XIIII,IIIII,0000,1,1
2433,bitflip,0.07,0000,IIIII,IIIII,IIIII,0000,1,1
2434,bitflip,0.07,0000,IIIII,IIIII,IIIII,0000,1,1
2435,bitflip,0.07,0000,IIIII,IIIII,IIIII,0000,1,1
2436,bitflip,0.07,0000,IIIII,IIIII,IIIII,0000,1,1
2437,bitflip,0.07,0000,IIIII,IIIII,IIIII,0000,1,1
2438,bitflip,0.07,0000,IIIII,IIIII,IIIII,0000,1,1
2439,bitflip,0.07,0110,IIIXI,IIIXI,IIIII,0000,1,1
2440,bitflip,0.07,0000,IIIII,IIIII,IIIII,0000,1,1
2441,bitflip,0.07,0000,IIIII,IIIII,IIIII,0000,1,1
2442,bitflip,0.07,0000,IIIII,IIIII,IIIII,0000,1,1
2443,bitflip,0.07,0000,IIIII,IIIII,IIIII,0000,1,1
2444,bitflip,0.07,0000,IIIII,IIIII,IIIII,0000,1,1
2445,bitflip,0.07,0000,IIIII,IIIII,IIIII,0000,1,1
2446,bitflip,0.07,1000,IXIII,IXIII,IIIII,0000,1,1
2447,bitflip,0.07,0000,IIIII,IIIII,IIIII,0000,1,1
2448,bitflip,0.07,0000,IIIII,IIIII,IIIII,0000,1,1
2449,bitflip,0.07,0000,IIIII,IIIII,IIIII,0000,1,1
2450,bitflip,0.07,0000,IIIII,IIIII,IIIII,0000,1,1
2451,bitflip,0.07,1100,IIXII,IYIII,IYXII,0001,-1,0
2452,bitflip,0.07,1100,IIXII,IYIII,IYXII,0001,-1,0
2453,bitflip,0.07,0011,IIIIX,IZIII,IZIIX,0110,-1,0
2454,bitflip,0.07,0000,IIIII,IIIII,IIIII,0000,1,1
2455,bitflip,0.07,1000,IXIII,IXIII,IIIII,0000,1,1
2456,bitflip,0.07,0011,IIIIX,IZIII,IZIIX,0110,-1,0
2457,bitflip,0.07,0000,IIIII,IIIII,IIIII,0000,1,1
2458,bitflip,0.07,0000,IIIII,IIIII,IIIII,0000,1,1
2459,bitflip,0.07,0000,IIIII,IIIII,IIIII,0000,1,1
2460,bitflip,0.07,0111,IXXIX,IIIXI,IXXXX,0001,-1,0
2461,bitflip,0.07,0000,IIIII,IIIII,IIIII,0000,1,1
2462,bitflip,0.07,0000,IIIII,IIIII,IIIII,0000,1,1
2463,bitflip,0.07,0000,IIIII,IIIII,IIIII,0000,1,1
2464,bitflip,0.07,0000,IIIII,IIIII,IIIII,0000,1,1
2465,bitflip,0.07,0000,IIIII,IIIII,IIIII,0000,1,1
2466,bitflip,0.07,0000,IIIII,IIIII,IIIII,0000,1,1
2467,bitflip,0.07,0000,IIIII,IIIII,IIIII,0000,1,1
2468,bitflip,0.07,0001,XIIII,XIIII,IIIII,0000,1,1
2469,bitflip,0.07,1010,XXIIX,XIIII,IXIIX,1011,-1,0
2470,bitflip,0.07,0000,IIIII,IIIII,IIIII,0000,1,1
2471,bitflip,0.07,0000,IIIII,IIIII,IIIII,0000,1,1
2472,bitflip,0.07,1100,IIXII,IYIII,IYXII,0001,-1,0
2473,bitflip,0.07,0000,IIIII,IIIII,IIIII,0000,1,1
2474,bitflip,0.07,0000,IIIII,IIIII,IIIII,0000,1,1
2475,bitflip,0.07,0000,IIIII,IIIII,IIIII,0000,1,1
2476,bitflip,0.07,0000,IIIII,IIIII,IIIII,0000,1,1
2477,bitflip,0.07,0000,IIIII,IIIII,IIIII,0000,1,1
2478,bitflip,0.07,0000,IIIII,IIIII,IIIII,0000,1,1
2479,bitflip,0.07,0000,IIIII,IIIII,IIIII,0000,1,1
2480,bitflip,0.07,0000,IIIII,IIIII,IIIII,0000,1,1
2481,bitflip,0.07,1000,IXIII,IXIII,IIIII,0000,1,1
2482,bitflip,0.07,0000,IIIII,IIIII,IIIII,0000,1,1
2483,bitflip,0.07,0000,IIIII,IIIII,IIIII,0000,1,1
2484,bitflip,0.07,0000,IIIII,IIIII,IIIII,0000,1,1
2485,bitflip,0.07,0000,IIIII,IIIII,IIIII,0000,1,1
2486,bitflip,0.07,0001,XIIII,XIIII,IIIII,0000,1,1
2487,bitflip,0.07,0000,IIIII,IIIII,IIIII,0000,1,1
2488,bitflip,0.07,0000,IIIII,IIIII,IIIII,0000,1,1
2489,bitflip,0.07,0000,IIIII,IIIII,IIIII,0000,1,1
2490,bitflip,0.07,0000,IIIII,IIIII,IIIII,0000,1,1
2491,bitflip,0.07,0000,IIIII,IIIII,IIIII,0000,1,1
2492,bitflip,0.07,0000,IIIII,IIIII,IIIII,0000,1,1
2493,bitflip,0.07,0000,IIIII,IIIII,IIIII,0000,1,1
2494,bitflip,0.07,0000,IIIII,IIIII,IIIII,0000,1,1
2495,bitflip,0.07,0000,IIIII,IIIII,IIIII,0000,1,1
2496,bitflip,0.07,1111,IIXIX,IXIII,IXXIX,0111,-1,0
2497,bitflip,0.07,0000,IIIII,IIIII,IIIII,0000,1,1
2498,bitflip,0.07,0000,IIIII,IIIII,IIIII,0000,1,1
2499,bitflip,0.07,0110,IIIXI,IIIXI,IIIII,0000,1,1
2500,bitflip,0.07,0000,IIIII,IIIII,IIIII,0000,1,1
2501,bitflip,0.07,0000,IIIII,IIIII,IIIII,0000,1,1
2502,bitflip,0.07,0000,IIIII,IIIII,IIIII,0000,1,1
2503,bitflip,0.07,0010,XIIIX,XIIII,IIIIX,0011,-1,0
2504,bitflip,0.07,0100,IXXII,IXIII,IIXII,1100,-1,0
2505,bitflip,0.07,1011,IXIIX,YIIII,YXIIX,0000,-1,0
2506,bitflip,0.07,0000,IIIII,IIIII,IIIII,0000,1,1
2507,bitflip,0.07,0011,IIIIX,IZIII,IZIIX,0110,-1,0
2508,bitflip,0.07,0000,IIIII,IIIII,IIIII,0000,1,1
2509,bitflip,0.07,0000,IIIII,IIIII,IIIII,0000,1,1
2510,bitflip,0.07,0011,IIIIX,IZIII,IZIIX,0110,-1,0
2511,bitflip,0.07,0001,XIIII,XIIII,IIIII,0000,1,1
2512,bitflip,0.07,1010,IIXXI,XIIII,XIXXI,1011,-1,0
2513,bitflip,0.07,0011,IIIIX,IZIII,IZIIX,0110,-1,0
2514,bitflip,0.07,1110,IXIXI,YIIII,YXIXI,0101,-1,0
2515,bitflip,0.07,0000,IIIII,IIIII,IIIII,0000,1,1
2516,bitflip,0.07,0000,IIIII,IIIII,IIIII,0000,1,1
2517,bitflip,0.07,1100,IIXII,IYIII,IYXII,0001,-1,0
2518,bitflip,0.07,0111,XIIXI,IIIXI,XIIII,0001,-1,0
2519,bitflip,0.07,0000,IIIII,IIIII,IIIII,0000,1,1
2520,bitflip,0.07,1100,IIXII,IYIII,IYXII,0001,-1,0
2521,bitflip,0.07,0001,XIIII,XIIII,IIIII,0000,1,1
2522,bitflip,0.07,0000,IIIII,IIIII,IIIII,0000,1,1
2523,bitflip,0.07,0000,IIIII,IIIII,IIIII,0000,1,1
2524,bitflip,0.07,1000,IXIII,IXIII,IIIII,0000,1,1
2525,bitflip,0.07,0000,IIIII,IIIII,IIIII,0000,1,1
2526,bitflip,0.07,0000,IIIII,IIIII,IIIII,0000,1,1
2527,bitflip,0.07,0000,IIIII,IIIII,IIIII,0000,1,1
2528,bitflip,0.07,0000,IIIII,IIIII,IIIII,0000,1,1
2529,bitflip,0.07,0000,IIIII,IIIII,IIIII,0000,1,1
2530,bitflip,0.07,0110,IIIXI,IIIXI,IIIII,0000,1,1
2531,bitflip,0.07,0000,IIIII,IIIII,IIIII,0000,1,1
2532,bitflip,0.07,0000,IIIII,IIIII,IIIII,0000,1,1
2533,bitflip,0.07,0000,IIIII,IIIII,IIIII,0000,1,1
2534,bitflip,0.07,0000,IIIII,IIIII,IIIII,0000,1,1
2535,bitflip,0.07,0000,IIIII,IIIII,IIIII,0000,1,1
2536,bitflip,0.07,0000,IIIII,IIIII,IIIII,0000,1,1
2537,bitflip,0.07,0000,IIIII,IIIII,IIIII,0000,1,1
2538,bitflip,0.07,0000,IIIII,IIIII,IIIII,0000,1,1
2539,bitflip,0.07,0000,IIIII,IIIII,IIIII,0000,1,1
2540,bitflip,0.07,0011,IIIIX,IZIII,IZIIX,0110,-1,0
2541,bitflip,0.07,1100,IIXII,IYIII,IYXII,0001,-1,0
2542,bitflip,0.07,0000,IIIII,IIIII,IIIII,0000,1,1
2543,bitflip,0.07,0111,XIIXI,IIIXI,XIIII,0001,-1,0
2544,bitflip,0.07,0110,IIIXI,IIIXI,IIIII,0000,1,1
2545,bitflip,0.07,0000,IIIII,IIIII,IIIII,0000,1,1
2546,bitflip,0.07,0000,IIIII,IIIII,IIIII,0000,1,1
2547,bitflip,0.07,0110,IIIXI,IIIXI,IIIII,0000,1,1
2548,bitflip,0.07,0011,IIIIX,IZIII,IZIIX,0110,-1,0
2549,bitflip,0.07,0000,IIIII,IIIII,IIIII,0000,1,1
2550,bitflip,0.07,1000,IXIII,IXIII,IIIII,0000,1,1
2551,bitflip,0.07,0000,IIIII,IIIII,IIIII,0000,1,1
2552,bitflip,0.07,0000,IIIII,IIIII,IIIII,0000,1,1
2553,bitflip,0.07,0110,IIIXI,IIIXI,IIIII,0000,1,1
2554,bitflip,0.07,0000,IIIII,IIIII,IIIII,0000,1,1
2555,bitflip,0.07,1000,IXIII,IXIII,IIIII,0000,1,1
2556,bitflip,0.07,0000,IIIII,IIIII,IIIII,0000,1,1
2557,bitflip,0.07,0000,IIIII,IIIII,IIIII,0000,1,1
2558,bitflip,0.07,0000,IIIII,IIIII,IIIII,0000,1,1
2559,bitflip,0.07,0000,IIIII,IIIII,IIIII,0000,1,1
2560,bitflip,0.07,0000,IIIII,IIIII,IIIII,0000,1,1
2561,bitflip,0.07,0000,IIIII,IIIII,IIIII,0000,1,1
2562,bitflip,0.07,0000,IIIII,IIIII,IIIII,0000,1,1
2563,bitflip,0.07,0000,IIIII,IIIII,IIIII,0000,1,1
2564,bitflip,0.07,0011,IIIIX,IZIII,IZIIX,0110,-1,0
2565,bitflip,0.07,0000,IIIII,IIIII,IIIII,0000,1,1
2566,bitflip,0.07,0110,IIIXI,IIIXI,IIIII,0000,1,1
2567,bitflip,0.07,0000,IIIII,IIIII,IIIII,0000,1,1
2568,bitflip,0.07,0000,IIIII,IIIII,IIIII,0000,1,1
2569,bitflip,0.07,0000,IIIII,IIIII,IIIII,0000,1,1
2570,bitflip,0.07,0000,IIIII,IIIII,IIIII,0000,1,1
2571,bitflip,0.07,0000,IIIII,IIIII,IIIII,0000,1,1
2572,bitflip,0.07,1100,IIXII,IYIII,IYXII,0001,-1,0
2573,bitflip,0.07,1000,IXIII,IXIII,IIIII,0000,1,1
2574,bitflip,0.07,0000,IIIII,IIIII,IIIII,0000,1,1
2575,bitflip,0.07,1100,IIXII,IYIII,IYXII,0001,-1,0
2576,bitflip,0.07,1100,IIXII,IYIII,IYXII,0001,-1,0
2577,bitflip,0.07,1100,IIXII,IYIII,IYXII,0001,-1,0
2578,bitflip,0.07,0000,IIIII,IIIII,IIIII,0000,1,1
2579,bitflip,0.07,0110,IIIXI,IIIXI,IIIII,0000,1,1
2580,bitflip,0.07,0000,IIIII,IIIII,IIIII,0000,1,1
2581,bitflip,0.07,0000,IIIII,IIIII,IIIII,0000,1,1
2582,bitflip,0.07,0000,IIIII,IIIII,IIIII,0000,1,1
2583,bitflip,0.07,0000,IIIII,IIIII,IIIII,0000,1,1
2584,bitflip,0.07,1100,IIXII,IYIII,IYXII,0001,-1,0
2585,bitflip,0.07,0000,IIIII,IIIII,IIIII,0000,1,1
2586,bitflip,0.07,1011,IXIIX,YIIII,YXIIX,0000,-1,0
2587,bitflip,0.07,1100,IIXII,IYIII,IYXII,0001,-1,0
2588,bitflip,0.07,0000,IIIII,IIIII,IIIII,0000,1,1
2589,bitflip,0.07,1000,IXIII,IXIII,IIIII,0000,1,1
2590,bitflip,0.07,0000,IIIII,IIIII,IIIII,0000,1,1
2591,bitflip,0.07,0000,IIIII,IIIII,IIIII,0000,1,1
2592,bitflip,0.07,0110,IIIXI,IIIXI,IIIII,0000,1,1
2593,bitflip,0.07,0000,IIIII,IIIII,IIIII,0000,1,1
2594,bitflip,0.07,0000,IIIII,IIIII,IIIII,0000,1,1
2595,bitflip,0.07,0000,IIIII,IIIII,IIIII,0000,1,1
2596,bitflip,0.07,0110,IIIXI,IIIXI,IIIII,0000,1,1
2597,bitflip,0.07,0011,IIIIX,IZIII,IZIIX,0110,-1,0
2598,bitflip,0.07,0000,IIIII,IIIII,IIIII,0000,1,1
2599,bitflip,0.07,0000,IIIII,IIIII,IIIII,0000,1,1
2600,bitflip,0.07,0000,IIIII,IIIII,IIIII,0000,1,1
2601,bitflip,0.07,1000,IXIII,IXIII,IIIII,0000,1,1
2602,bitflip,0.07,0000,IIIII,IIIII,IIIII,0000,1,1
2603,bitflip,0.07,0000,IIIII,IIIII,IIIII,0000,1,1
2604,bitflip,0.07,0110,IIIXI,IIIXI,IIIII,0000,1,1
2605,bitflip,0.07,0000,IIIII,IIIII,IIIII,0000,1,1
2606,bitflip,0.07,1000,IXIII,IXIII,IIIII,0000,1,1
2607,bitflip,0.07,0000,IIIII,IIIII,IIIII,0000,1,1
2608,bitflip,0.07,0000,IIIII,IIIII,IIIII,0000,1,1
2609,bitflip,0.07,0000,IIIII,IIIII,IIIII,0000,1,1
2610,bitflip,0.07,0000,IIIII,IIIII,IIIII,0000,1,1
2611,bitflip,0.07,0000,IIIII,IIIII,IIIII,0000,1,1
2612,bitflip,0.07,0000,IIIII,IIIII,IIIII,0000,1,1
2613,bitflip,0.07,0000,IIIII,IIIII,IIIII,0000,1,1
2614,bitflip,0.07,0111,XIIXI,IIIXI,XIIII,0001,-1,0
2615,bitflip,0.07,0000,IIIII,IIIII,IIIII,0000,1,1
2616,bitflip,0.07,1100,IIXII,IYIII,IYXII,0001,-1,0
2617,bitflip,0.07,0000,IIIII,IIIII,IIIII,0000,1,1
2618,bitflip,0.07,1000,IXIII,IXIII,IIIII,0000,1,1
2619,bitflip,0.07,0000,IIIII,IIIII,IIIII,0000,1,1
2620,bitflip,0.07,1000,IXIII,IXIII,IIIII,0000,1,1
2621,bitflip,0.07,0000,IIIII,IIIII,IIIII,0000,1,1
2622,bitflip,0.07,0000,IIIII,IIIII,IIIII,0000,1,1
2623,bitflip,0.07,1110,IXIXI,YIIII,YXIXI,0101,-1,0
2624,bitflip,0.07,0001,XIIII,XIIII,IIIII,0000,1,1
2625,bitflip,0.07,0000,IIIII,IIIII,IIIII,0000,1,1
2626,bitflip,0.07,1100,IIXII,IYIII,IYXII,0001,-1,0
2627,bitflip,0.07,0000,IIIII,IIIII,IIIII,0000,1,1
2628,bitflip,0.07,0000,IIIII,IIIII,IIIII,0000,1,1
2629,bitflip,0.07,0000,IIIII,IIIII,IIIII,0000,1,1
2630,bitflip,0.07,0000,IIIII,IIIII,IIIII,0000,1,1
2631,bitflip,0.07,0000,IIIII,IIIII,IIIII,0000,1,1
2632,bitflip,0.07,1000,IXIII,IXIII,IIIII,0000,1,1
2633,bitflip,0.07,0000,IIIII,IIIII,IIIII,0000,1,1
2634,bitflip,0.07,1100,IIXII,IYIII,IYXII,0001,-1,0
2635,bitflip,0.07,0000,IIIII,IIIII,IIIII,0000,1,1
2636,bitflip,0.07,1000,IXIII,IXIII,IIIII,0000,1,1
2637,bitflip,0.07,0000,IIIII,IIIII,IIIII,0000,1,1
2638,bitflip,0.07,0000,IIIII,IIIII,IIIII,0000,1,1
2639,bitflip,0.07,0000,IIIII,IIIII,IIIII,0000,1,1
2640,bitflip,0.07,0011,IIIIX,IZIII,IZIIX,0110,-1,0
2641,bitflip,0.07,0000,IIIII,IIIII,IIIII,0000,1,1
2642,bitflip,0.07,0000,IIIII,IIIII,IIIII,0000,1,1
2643,bitflip,0.07,0000,IIIII,IIIII,IIIII,0000,1,1
2644,bitflip,0.07,0001,XIIII,XIIII,IIIII,0000,1,1
2645,bitflip,0.07,1100,IIXII,IYIII,IYXII,0001,-1,0
2646,bitflip,0.07,0001,XIIII,XIIII,IIIII,0000,1,1
2647,bitflip,0.07,0011,IIIIX,IZIII,IZIIX,0110,-1,0
2648,bitflip,0.07,0000,IIIII,IIIII,IIIII,0000,1,1
2649,bitflip,0.07,0000,IIIII,IIIII,IIIII,0000,1,1
2650,bitflip,0.07,0000,IIIII,IIIII,IIIII,0000,1,1
2651,bitflip,0.07,0000,IIIII,IIIII,IIIII,0000,1,1
2652,bitflip,0.07,0110,IIIXI,IIIXI,IIIII,0000,1,1
2653,bitflip,0.07,0000,IIIII,IIIII,IIIII,0000,1,1
2654,bitflip,0.07,0000,IIIII,IIIII,IIIII,0000,1,1
2655,bitflip,0.07,0000,IIIII,IIIII,IIIII,0000,1,1
2656,bitflip,0.07,0000,IIIII,IIIII,IIIII,0000,1,1
2657,bitflip,0.07,0000,IIIII,IIIII,IIIII,0000,1,1
2658,bitflip,0.07,0000,IIIII,IIIII,IIIII,0000,1,1
2659,bitflip,0.07,0110,IIIXI,IIIXI,IIIII,0000,1,1
2660,bitflip,0.07,0000,IIIII,IIIII,IIIII,0000,1,1
2661,bitflip,0.07,1111,IIXIX,IXIII,IXXIX,0111,-1,0
2662,bitflip,0.07,0000,IIIII,IIIII,IIIII,0000,1,1
2663,bitflip,0.07,0001,XIIII,XIIII,IIIII,0000,1,1
2664,bitflip,0.07,0000,IIIII,IIIII,IIIII,0000,1,1
2665,bitflip,0.07,0000,IIIII,IIIII,IIIII,0000,1,1
2666,bitflip,0.07,0011,IIIIX,IZIII,IZIIX,0110,-1,0
2667,bitflip,0.07,0001,XIIII,XIIII,IIIII,0000,1,1
2668,bitflip,0.07,0000,IIIII,IIIII,IIIII,0000,1,1
2669,bitflip,0.07,1110,IXIXI,YIIII,YXIXI,0101,-1,0
2670,bitflip,0.07,0000,IIIII,IIIII,IIIII,0000,1,1
2671,bitflip,0.07,0000,IIIII,IIIII,IIIII,0000,1,1
2672,bitflip,0.07,0001,XIIII,XIIII,IIIII,0000,1,1
2673,bitflip,0.07,0000,IIIII,IIIII,IIIII,0000,1,1
2674,bitflip,0.07,0110,IIIXI,IIIXI,IIIII,0000,1,1
2675,bitflip,0.07,0000,IIIII,IIIII,IIIII,0000,1,1
2676,bitflip,0.07,1100,IIXII,IYIII,IYXII,0001,-1,0
2677,bitflip,0.07,0000,IIIII,IIIII,IIIII,0000,1,1
2678,bitflip,0.07,0011,IIIIX,IZIII,IZIIX,0110,-1,0
2679,bitflip,0.07,0000,IIIII,IIIII,IIIII,0000,1,1
2680,bitflip,0.07,0001,XIIII,XIIII,IIIII,0000,1,1
2681,bitflip,0.07,0110,IIIXI,IIIXI,IIIII,0000,1,1
2682,bitflip,0.07,1100,IIXII,IYIII,IYXII,0001,-1,0
2683,bitflip,0.07,0011,IIIIX,IZIII,IZIIX,0110,-1,0
2684,bitflip,0.07,0000,IIIII,IIIII,IIIII,0000,1,1
2685,bitflip,0.07,0000,IIIII,IIIII,IIIII,0000,1,1
2686,bitflip,0.07,0000,IIIII,IIIII,IIIII,0000,1,1
2687,bitflip,0.07,0001,XIIII,XIIII,IIIII,0000,1,1
2688,bitflip,0.07,0010,XIIIX,XIIII,IIIIX,0011,-1,0
2689,bitflip,0.07,0000,IIIII,IIIII,IIIII,0000,1,1
2690,bitflip,0.07,0000,IIIII,IIIII,IIIII,0000,1,1
2691,bitflip,0.07,0000,IIIII,IIIII,IIIII,0000,1,1
2692,bitflip,0.07,0011,IIIIX,IZIII,IZIIX,0110,-1,0
2693,bitflip,0.07,0000,IIIII,IIIII,IIIII,0000,1,1
2694,bitflip,0.07,0000,IIIII,IIIII,IIIII,0000,1,1
2695,bitflip,0.07,0110,IIIXI,IIIXI,IIIII,0000,1,1
2696,bitflip,0.07,0000,IIIII,IIIII,IIIII,0000,1,1
2697,bitflip,0.07,0000,IIIII,IIIII,IIIII,0000,1,1
2698,bitflip,0.07,0000,IIIII,IIIII,IIIII,0000,1,1
2699,bitflip,0.07,1000,IXIII,IXIII,IIIII,0000,1,1
2700,bitflip,0.07,1110,IXIXI,YIIII,YXIXI,0101,-1,0
2701,bitflip,0.07,0000,IIIII,IIIII,IIIII,0000,1,1
2702,bitflip,0.07,0001,XIIII,XIIII,IIIII,0000,1,1
2703,bitflip,0.07,0000,IIIII,IIIII,IIIII,0000,1,1
2704,bitflip,0.07,0011,IIIIX,IZIII,IZIIX,0110,-1,0
2705,bitflip,0.07,0000,IIIII,IIIII,IIIII,0000,1,1
2706,bitflip,0.07,0000,IIIII,IIIII,IIIII,0000,1,1
2707,bitflip,0.07,0000,IIIII,IIIII,IIIII,0000,1,1
2708,bitflip,0.07,0000,IIIII,IIIII,IIIII,0000,1,1
2709,bitflip,0.07,0000,IIIII,IIIII,IIIII,0000,1,1
2710,bitflip,0.07,0000,IIIII,IIIII,IIIII,0000,1,1
2711,bitflip,0.07,1100,IIXII,IYIII,IYXII,0001,-1,0
2712,bitflip,0.07,0000,IIIII,IIIII,IIIII,0000,1,1
2713,bitflip,0.07,0000,IIIII,IIIII,IIIII,0000,1,1
2714,bitflip,0.07,0000,IIIII,IIIII,IIIII,0000,1,1
2715,bitflip,0.07,1110,IXIXI,YIIII,YXIXI,0101,-1,0
2716,bitflip,0.07,1100,IIXII,IYIII,IYXII,0001,-1,0
2717,bitflip,0.07,0000,IIIII,IIIII,IIIII,0000,1,1
2718,bitflip,0.07,0000,IIIII,IIIII,IIIII,0000,1,1
2719,bitflip,0.07,0000,IIIII,IIIII,IIIII,0000,1,1
2720,bitflip,0.07,0000,IIIII,IIIII,IIIII,0000,1,1
2721,bitflip,0.07,0000,IIIII,IIIII,IIIII,0000,1,1
2722,bitflip,0.07,0000,IIIII,IIIII,IIIII,0000,1,1
2723,bitflip,0.07,0000,IIIII,IIIII,IIIII,0000,1,1
2724,bitflip,0.07,0000,IIIII,IIIII,IIIII,0000,1,1
2725,bitflip,0.07,0000,IIIII,IIIII,IIIII,0000,1,1
2726,bitflip,0.07,0000,IIIII,IIIII,IIIII,0000,1,1
2727,bitflip,0.07,0000,IIIII,IIIII,IIIII,0000,1,1
2728,bitflip,0.07,0000,IIIII,IIIII,IIIII,0000,1,1
2729,bitflip,0.07,0000,IIIII,IIIII,IIIII,0000,1,1
2730,bitflip,0.07,0000,IIIII,IIIII,IIIII,0000,1,1
2731,bitflip,0.07,0000,IIIII,IIIII,IIIII,0000,1,1
2732,bitflip,0.07,0000,IIIII,IIIII,IIIII,0000,1,1
2733,bitflip,0.07,0000,IIIII,IIIII,IIIII,0000,1,1
2734,bitflip,0.07,0000,IIIII,IIIII,IIIII,0000,1,1
2735,bitflip,0.07,0101,IIIXX,YIIII,YIIXX,1110,-1,0
2736,bitflip,0.07,0001,XIIII,XIIII,IIIII,0000,1,1
2737,bitflip,0.07,0000,IIIII,IIIII,IIIII,0000,1,1
2738,bitflip,0.07,0001,XIIII,XIIII,IIIII,0000,1,1
2739,bitflip,0.07,0000,IIIII,IIIII,IIIII,0000,1,1
2740,bitflip,0.07,0000,IIIII,IIIII,IIIII,0000,1,1
2741,bitflip,0.07,0011,IIIIX,IZIII,IZIIX,0110,-1,0
2742,bitflip,0.07,0000,IIIII,IIIII,IIIII,0000,1,1
2743,bitflip,0.07,0011,IIIIX,IZIII,IZIIX,0110,-1,0
2744,bitflip,0.07,1000,IXIII,IXIII,IIIII,0000,1,1
2745,bitflip,0.07,0000,IIIII,IIIII,IIIII,0000,1,1
2746,bitflip,0.07,0110,IIIXI,IIIXI,IIIII,0000,1,1
2747,bitflip,0.07,0000,IIIII,IIIII,IIIII,0000,1,1
2748,bitflip,0.07,1100,IIXII,IYIII,IYXII,0001,-1,0
2749,bitflip,0.07,0000,IIIII,IIIII,IIIII,0000,1,1
2750,bitflip,0.07,0110,IIIXI,IIIXI,IIIII,0000,1,1
2751,bitflip,0.07,0000,IIIII,IIIII,IIIII,0000,1,1
2752,bitflip,0.07,0000,IIIII,IIIII,IIIII,0000,1,1
2753,bitflip,0.07,0000,IIIII,IIIII,IIIII,0000,1,1
2754,bitflip,0.07,0000,IIIII,IIIII,IIIII,0000,1,1
2755,bitflip,0.07,0000,IIIII,IIIII,IIIII,0000,1,1
2756,bitflip,0.07,0110,IIIXI,IIIXI,IIIII,0000,1,1
2757,bitflip,0.07,0011,IIIIX,IZIII,IZIIX,0110,-1,0
2758,bitflip,0.07,0000,IIIII,IIIII,IIIII,0000,1,1
2759,bitflip,0.07,0111,IXXIX,IIIXI,IXXXX,0001,-1,0
2760,bitflip,0.07,0000,IIIII,IIIII,IIIII,0000,1,1
2761,bitflip,0.07,0000,IIIII,IIIII,IIIII,0000,1,1
2762,bitflip,0.07,0000,IIIII,IIIII,IIIII,0000,1,1
2763,bitflip,0.07,0000,IIIII,IIIII,IIIII,0000,1,1
2764,bitflip,0.07,0000,IIIII,IIIII,IIIII,0000,1,1
2765,bitflip,0.07,0000,IIIII,IIIII,IIIII,0000,1,1
2766,bitflip,0.07,0000,IIIII,IIIII,IIIII,0000,1,1
2767,bitflip,0.07,0000,IIIII,IIIII,IIIII,0000,1,1
2768,bitflip,0.07,0001,XIIII,XIIII,IIIII,0000,1,1
2769,bitflip,0.07,0000,IIIII,IIIII,IIIII,0000,1,1
2770,bitflip,0.07,0000,IIIII,IIIII,IIIII,0000,1,1
2771,bitflip,0.07,0000,IIIII,IIIII,IIIII,0000,1,1
2772,bitflip,0.07,0000,IIIII,IIIII,IIIII,0000,1,1
2773,bitflip,0.07,0011,IIIIX,IZIII,IZIIX,0110,-1,0
2774,bitflip,0.07,0000,IIIII,IIIII,IIIII,0000,1,1
2775,bitflip,0.07,0000,IIIII,IIIII,IIIII,0000,1,1
2776,bitflip,0.07,0000,IIIII,IIIII,IIIII,0000,1,1
2777,bitflip,0.07,0000,IIIII,IIIII,IIIII,0000,1,1
2778,bitflip,0.07,0000,IIIII,IIIII,IIIII,0000,1,1
2779,bitflip,0.07,0000,IIIII,IIIII,IIIII,0000,1,1
2780,bitflip,0.07,0000,IIIII,IIIII,IIIII,0000,1,1
2781,bitflip,0.07,0000,IIIII,IIIII,IIIII,0000,1,1
2782,bitflip,0.07,0000,IIIII,IIIII,IIIII,0000,1,1
2783,bitflip,0.07,0000,IIIII,IIIII,IIIII,0000,1,1
2784,bitflip,0.07,1111,IIXIX,IXIII,IXXIX,0111,-1,0
2785,bitflip,0.07,0000,IIIII,IIIII,IIIII,0000,1,1
2786,bitflip,0.07,0110,IIIXI,IIIXI,IIIII,0000,1,1
2787,bitflip,0.07,0000,IIIII,IIIII,IIIII,0000,1,1
2788,bitflip,0.07,0000,IIIII,IIIII,IIIII,0000,1,1
2789,bitflip,0.07,1000,IXIII,IXIII,IIIII,0000,1,1
2790,bitflip,0.07,0000,IIIII,IIIII,IIIII,0000,1,1
2791,bitflip,0.07,0000,IIIII,IIIII,IIIII,0000,1,1
2792,bitflip,0.07,0000,IIIII,IIIII,IIIII,0000,1,1
2793,bitflip,0.07,1101,XIXII,YIIII,ZIXII,0110,-1,0
2794,bitflip,0.07,0000,IIIII,IIIII,IIIII,0000,1,1
2795,bitflip,0.07,0000,IIIII,IIIII,IIIII,0000,1,1
2796,bitflip,0.07,0000,IIIII,IIIII,IIIII,0000,1,1
2797,bitflip,0.07,0000,IIIII,IIIII,IIIII,0000,1,1
2798,bitflip,0.07,0000,IIIII,IIIII,IIIII,0000,1,1
2799,bitflip,0.07,0000,IIIII,IIIII,IIIII,0000,1,1
2800,bitflip,0.07,0000,IIIII,IIIII,IIIII,0000,1,1
2801,bitflip,0.07,0001,XIIII,XIIII,IIIII,0000,1,1
2802,bitflip,0.07,0011,IIIIX,IZIII,IZIIX,0110,-1,0
2803,bitflip,0.07,0000,IIIII,IIIII,IIIII,0000,1,1
2804,bitflip,0.07,1000,IXIII,IXIII,IIIII,0000,1,1
2805,bitflip,0.07,0000,IIIII,IIIII,IIIII,0000,1,1
2806,bitflip,0.07,0011,IIIIX,IZIII,IZIIX,0110,-1,0
2807,bitflip,0.07,1000,IXIII,IXIII,IIIII,0000,1,1
2808,bitflip,0.07,0000,IIIII,IIIII,IIIII,0000,1,1
2809,bitflip,0.07,0000,IIIII,IIIII,IIIII,0000,1,1
2810,bitflip,0.07,0001,XIIII,XIIII,IIIII,0000,1,1
2811,bitflip,0.07,0000,IIIII,IIIII,IIIII,0000,1,1
2812,bitflip,0.07,0110,IIIXI,IIIXI,IIIII,0000,1,1
2813,bitflip,0.07,0000,IIIII,IIIII,IIIII,0000,1,1
2814,bitflip,0.07,0000,IIIII,IIIII,IIIII,0000,1,1
2815,bitflip,0.07,0001,XIIII,XIIII,IIIII,0000,1,1
2816,bitflip,0.07,0001,XIIII,XIIII,IIIII,0000,1,1
2817,bitflip,0.07,0000,IIIII,IIIII,IIIII,0000,1,1
2818,bitflip,0.07,1000,IXIII,IXIII,IIIII,0000,1,1
2819,bitflip,0.07,0000,IIIII,IIIII,IIIII,0000,1,1
2820,bitflip,0.07,0001,XIIII,XIIII,IIIII,0000,1,1
2821,bitflip,0.07,1001,XXIII,IIIZI,XXIZI,0000,-1,0
2822,bitflip,0.07,0000,IIIII,IIIII,IIIII,0000,1,1
2823,bitflip,0.07,0000,IIIII,IIIII,IIIII,0000,1,1
2824,bitflip,0.07,0000,IIIII,IIIII,IIIII,0000,1,1
2825,bitflip,0.07,0000,IIIII,IIIII,IIIII,0000,1,1
2826,bitflip,0.07,0110,IIIXI,IIIXI,IIIII,0000,1,1
2827,bitflip,0.07,1100,IIXII,IYIII,IYXII,0001,-1,0
2828,bitflip,0.07,0000,IIIII,IIIII,IIIII,0000,1,1
2829,bitflip,0.07,0000,IIIII,IIIII,IIIII,0000,1,1
2830,bitflip,0.07,0000,IIIII,IIIII,IIIII,0000,1,1
2831,bitflip,0.07,0000,IIIII,IIIII,IIIII,0000,1,1
2832,bitflip,0.07,0011,IIIIX,IZIII,IZIIX,0110,-1,0
2833,bitflip,0.07,0110,IIIXI,IIIXI,IIIII,0000,1,1
2834,bitflip,0.07,0001,XIIII,XIIII,IIIII,0000,1,1
2835,bitflip,0.07,0000,IIIII,IIIII,IIIII,0000,1,1
2836,bitflip,0.07,0011,IIIIX,IZIII,IZIIX,0110,-1,0
2837,bitflip,0.07,0000,IIIII,IIIII,IIIII,0000,1,1
2838,bitflip,0.07,0001,XIIII,XIIII,IIIII,0000,1,1
2839,bitflip,0.07,0000,IIIII,IIIII,IIIII,0000,1,1
2840,bitflip,0.07,0110,IIIXI,IIIXI,IIIII,0000,1,1
2841,bitflip,0.07,0000,IIIII,IIIII,IIIII,0000,1,1
2842,bitflip,0.07,0000,IIIII,IIIII,IIIII,0000,1,1
2843,bitflip,0.07,0000,IIIII,IIIII,IIIII,0000,1,1
2844,bitflip,0.07,0110,IIIXI,IIIXI,IIIII,0000,1,1
2845,bitflip,0.07,0000,IIIII,IIIII,IIIII,0000,1,1
2846,bitflip,0.07,0000,IIIII,IIIII,IIIII,0000,1,1
2847,bitflip,0.07,0000,IIIII,IIIII,IIIII,0000,1,1
2848,bitflip,0.07,0000,IIIII,IIIII,IIIII,0000,1,1
2849,bitflip,0.07,1001,XXIII,IIIZI,XXIZI,0000,-1,0
2850,bitflip,0.07,0000,IIIII,IIIII,IIIII,0000,1,1
2851,bitflip,0.07,0000,IIIII,IIIII,IIIII,0000,1,1
2852,bitflip,0.07,0000,IIIII,IIIII,IIIII,0000,1,1
2853,bitflip,0.07,0110,IIIXI,IIIXI,IIIII,0000,1,1
2854,bitflip,0.07,0000,IIIII,IIIII,IIIII,0000,1,1
2855,bitflip,0.07,0000,IIIII,IIIII,IIIII,0000,1,1
2856,bitflip,0.07,0000,IIIII,IIIII,IIIII,0000,1,1
2857,bitflip,0.07,0000,IIIII,IIIII,IIIII,0000,1,1
2858,bitflip,0.07,0000,IIIII,IIIII,IIIII,0000,1,1
2859,bitflip,0.07,0000,IIIII,IIIII,IIIII,0000,1,1
2860,bitflip,0.07,0101,IIIXX,YIIII,YIIXX,1110,-1,0
2861,bitflip,0.07,0000,IIIII,IIIII,IIIII,0000,1,1
2862,bitflip,0.07,0000,IIIII,IIIII,IIIII,0000,1,1
2863,bitflip,0.07,0000,IIIII,IIIII,IIIII,0000,1,1
2864,bitflip,0.07,0000,IIIII,IIIII,IIIII,0000,1,1
2865,bitflip,0.07,0000,IIIII,IIIII,IIIII,0000,1,1
2866,bitflip,0.07,1000,IXIII,IXIII,IIIII,0000,1,1
2867,bitflip,0.07,0001,XIIII,XIIII,IIIII,0000,1,1
2868,bitflip,0.07,0000,IIIII,IIIII,IIIII,0000,1,1
2869,bitflip,0.07,1111,IIXIX,IXIII,IXXIX,0111,-1,0
2870,bitflip,0.07,0000,IIIII,IIIII,IIIII,0000,1,1
2871,bitflip,0.07,0000,IIIII,IIIII,IIIII,0000,1,1
2872,bitflip,0.07,0000,IIIII,IIIII,IIIII,0000,1,1
2873,bitflip,0.07,0000,IIIII,IIIII,IIIII,0000,1,1
2874,bitflip,0.07,0000,IIIII,IIIII,IIIII,0000,1,1
2875,bitflip,0.07,0000,IIIII,IIIII,IIIII,0000,1,1
2876,bitflip,0.07,0000,IIIII,IIIII,IIIII,0000,1,1
2877,bitflip,0.07,0000,IIIII,IIIII,IIIII,0000,1,1
2878,bitflip,0.07,0000,IIIII,IIIII,IIIII,0000,1,1
2879,bitflip,0.07,1000,IXIII,IXIII,IIIII,0000,1,1
2880,bitflip,0.07,0001,XIIII,XIIII,IIIII,0000,1,1
2881,bitflip,0.07,1000,IXIII,IXIII,IIIII,0000,1,1
2882,bitflip,0.07,0000,IIIII,IIIII,IIIII,0000,1,1
2883,bitflip,0.07,0111,IXXIX,IIIXI,IXXXX,0001,-1,0
2884,bitflip,0.07,0000,IIIII,IIIII,IIIII,0000,1,1
2885,bitflip,0.07,0000,IIIII,IIIII,IIIII,0000,1,1
2886,bitflip,0.07,0000,IIIII,IIIII,IIIII,0000,1,1
2887,bitflip,0.07,0000,IIIII,IIIII,IIIII,0000,1,1
2888,bitflip,0.07,0000,IIIII,IIIII,IIIII,0000,1,1
2889,bitflip,0.07,0000,IIIII,IIIII,IIIII,0000,1,1
2890,bitflip,0.07,0000,IIIII,IIIII,IIIII,0000,1,1
2891,bitflip,0.07,0110,IIIXI,IIIXI,IIIII,0000,1,1
2892,bitflip,0.07,0000,IIIII,IIIII,IIIII,0000,1,1
2893,bitflip,0.07,0000,IIIII,IIIII,IIIII,0000,1,1
2894,bitflip,0.07,0000,IIIII,IIIII,IIIII,0000,1,1
2895,bitflip,0.07,0110,IIIXI,IIIXI,IIIII,0000,1,1
2896,bitflip,0.07,0000,IIIII,IIIII,IIIII,0000,1,1
2897,bitflip,0.07,0000,IIIII,IIIII,IIIII,0000,1,1
2898,bitflip,0.07,1000,IXIII,IXIII,IIIII,0000,1,1
2899,bitflip,0.07,0110,IIIXI,IIIXI,IIIII,0000,1,1
2900,bitflip,0.07,1100,IIXII,IYIII,IYXII,0001,-1,0
2901,bitflip,0.07,0000,IIIII,IIIII,IIIII,0000,1,1
2902,bitflip,0.07,0011,IIIIX,IZIII,IZIIX,0110,-1,0
2903,bitflip,0.07,0000,IIIII,IIIII,IIIII,0000,1,1
2904,bitflip,0.07,0000,IIIII,IIIII,IIIII,0000,1,1
2905,bitflip,0.07,0000,IIIII,IIIII,IIIII,0000,1,1
2906,bitflip,0.07,0000,IIIII,IIIII,IIIII,0000,1,1
2907,bitflip,0.07,0000,IIIII,IIIII,IIIII,0000,1,1
2908,bitflip,0.07,0000,IIIII,IIIII,IIIII,0000,1,1
2909,bitflip,0.07,1000,IXIII,IXIII,IIIII,0000,1,1
2910,bitflip,0.07,0000,IIIII,IIIII,IIIII,0000,1,1
2911,bitflip,0.07,0110,IIIXI,IIIXI,IIIII,0000,1,1
2912,bitflip,0.07,0000,IIIII,IIIII,IIIII,0000,1,1
2913,bitflip,0.07,0000,IIIII,IIIII,IIIII,0000,1,1
2914,bitflip,0.07,0000,IIIII,IIIII,IIIII,0000,1,1
2915,bitflip,0.07,0000,IIIII,IIIII,IIIII,0000,1,1
2916,bitflip,0.07,0000,IIIII,IIIII,IIIII,0000,1,1
2917,bitflip,0.07,0000,IIIII,IIIII,IIIII,0000,1,1
2918,bitflip,0.07,1001,XXIII,IIIZI,XXIZI,0000,-1,0
2919,bitflip,0.07,0000,IIIII,IIIII,IIIII,0000,1,1
2920,bitflip,0.07,0000,IIIII,IIIII,IIIII,0000,1,1
2921,bitflip,0.07,0000,IIIII,IIIII,IIIII,0000,1,1
2922,bitflip,0.07,0011,IIIIX,IZIII,IZIIX,0110,-1,0
2923,bitflip,0.07,0000,IIIII,IIIII,IIIII,0000,1,1
2924,bitflip,0.07,1101,XIXII,YIIII,ZIXII,0110,-1,0
2925,bitflip,0.07,0000,IIIII,IIIII,IIIII,0000,1,1
2926,bitflip,0.07,0000,IIIII,IIIII,IIIII,0000,1,1
2927,bitflip,0.07,0000,IIIII,IIIII,IIIII,0000,1,1
2928,bitflip,0.07,0110,IIIXI,IIIXI,IIIII,0000,1,1
2929,bitflip,0.07,1100,IIXII,IYIII,IYXII,0001,-1,0
2930,bitflip,0.07,1100,IIXII,IYIII,IYXII,0001,-1,0
2931,bitflip,0.07,0000,IIIII,IIIII,IIIII,0000,1,1
2932,bitflip,0.07,0001,XIIII,XIIII,IIIII,0000,1,1
2933,bitflip,0.07,0000,IIIII,IIIII,IIIII,0000,1,1
2934,bitflip,0.07,0000,IIIII,IIIII,IIIII,0000,1,1
2935,bitflip,0.07,0000,IIIII,IIIII,IIIII,0000,1,1
2936,bitflip,0.07,0000,IIIII,IIIII,IIIII,0000,1,1
2937,bitflip,0.07,1100,IIXII,IYIII,IYXII,0001,-1,0
2938,bitflip,0.07,0110,IIIXI,IIIXI,IIIII,0000,1,1
2939,bitflip,0.07,0000,IIIII,IIIII,IIIII,0000,1,1
2940,bitflip,0.07,0000,IIIII,IIIII,IIIII,0000,1,1
2941,bitflip,0.07,1000,IXIII,IXIII,IIIII,0000,1,1
2942,bitflip,0.07,0000,IIIII,IIIII,IIIII,0000,1,1
2943,bitflip,0.07,1100,IIXII,IYIII,IYXII,0001,-1,0
2944,bitflip,0.07,1000,IXIII,IXIII,IIIII,0000,1,1
2945,bitflip,0.07,0000,IIIII,IIIII,IIIII,0000,1,1
2946,bitflip,0.07,1100,IIXII,IYIII,IYXII,0001,-1,0
2947,bitflip,0.07,0001,XIIII,XIIII,IIIII,0000,1,1
2948,bitflip,0.07,0110,IIIXI,IIIXI,IIIII,0000,1,1
2949,bitflip,0.07,0000,IIIII,IIIII,IIIII,0000,1,1
2950,bitflip,0.07,0000,IIIII,IIIII,IIIII,0000,1,1
2951,bitflip,0.07,0000,IIIII,IIIII,IIIII,0000,1,1
2952,bitflip,0.07,0000,IIIII,IIIII,IIIII,0000,1,1
2953,bitflip,0.07,0000,IIIII,IIIII,IIIII,0000,1,1
2954,bitflip,0.07,0000,IIIII,IIIII,IIIII,0000,1,1
2955,bitflip,0.07,0001,XIIII,XIIII,IIIII,0000,1,1
2956,bitflip,0.07,0000,IIIII,IIIII,IIIII,0000,1,1
2957,bitflip,0.07,0000,IIIII,IIIII,IIIII,0000,1,1
2958,bitflip,0.07,0000,IIIII,IIIII,IIIII,0000,1,1
2959,bitflip,0.07,0000,IIIII,IIIII,IIIII,0000,1,1
2960,bitflip,0.07,0000,IIIII,IIIII,IIIII,0000,1,1
2961,bitflip,0.07,1100,IIXII,IYIII,IYXII,0001,-1,0
2962,bitflip,0.07,0000,IIIII,IIIII,IIIII,0000,1,1
2963,bitflip,0.07,0000,IIIII,IIIII,IIIII,0000,1,1
2964,bitflip,0.07,1100,IIXII,IYIII,IYXII,0001,-1,0
2965,bitflip,0.07,0000,IIIII,IIIII,IIIII,0000,1,1
2966,bitflip,0.07,0000,IIIII,IIIII,IIIII,0000,1,1
2967,bitflip,0.07,0000,IIIII,IIIII,IIIII,0000,1,1
2968,bitflip,0.07,0000,IIIII,IIIII,IIIII,0000,1,1
2969,bitflip,0.07,0000,IIIII,IIIII,IIIII,0000,1,1
2970,bitflip,0.07,0000,IIIII,IIIII,IIIII,0000,1,1
2971,bitflip,0.07,0000,IIIII,IIIII,IIIII,0000,1,1
2972,bitflip,0.07,0011,IIIIX,IZIII,IZIIX,0110,-1,0
2973,bitflip,0.07,0001,XIIII,XIIII,IIIII,0000,1,1
2974,bitflip,0.07,0001,XIIII,XIIII,IIIII,0000,1,1
2975,bitflip,0.07,0000,IIIII,IIIII,IIIII,0000,1,1
2976,bitflip,0.07,1000,IXIII,IXIII,IIIII,0000,1,1
2977,bitflip,0.07,0000,IIIII,IIIII,IIIII,0000,1,1
2978,bitflip,0.07,0000,IIIII,IIIII,IIIII,0000,1,1
2979,bitflip,0.07,0110,IIIXI,IIIXI,IIIII,0000,1,1
2980,bitflip,0.07,0000,IIIII,IIIII,IIIII,0000,1,1
2981,bitflip,0.07,0000,IIIII,IIIII,IIIII,0000,1,1
2982,bitflip,0.07,1000,IXIII,IXIII,IIIII,0000,1,1
2983,bitflip,0.07,0000,IIIII,IIIII,IIIII,0000,1,1
2984,bitflip,0.07,0000,IIIII,IIIII,IIIII,0000,1,1
2985,bitflip,0.07,1000,IXIII,IXIII,IIIII,0000,1,1
2986,bitflip,0.07,0000,IIIII,IIIII,IIIII,0000,1,1
2987,bitflip,0.07,1000,IXIII,IXIII,IIIII,0000,1,1
2988,bitflip,0.07,0000,IIIII,IIIII,IIIII,0000,1,1
2989,bitflip,0.07,0000,IIIII,IIIII,IIIII,0000,1,1
2990,bitflip,0.07,0011,IIIIX,IZIII,IZIIX,0110,-1,0
2991,bitflip,0.07,0000,IIIII,IIIII,IIIII,0000,1,1
2992,bitflip,0.07,0000,IIIII,IIIII,IIIII,0000,1,1
2993,bitflip,0.07,0000,IIIII,IIIII,IIIII,0000,1,1
2994,bitflip,0.07,0000,IIIII,IIIII,IIIII,0000,1,1
2995,bitflip,0.07,0000,IIIII,IIIII,IIIII,0000,1,1
2996,bitflip,0.07,0000,IIIII,IIIII,IIIII,0000,1,1
2997,bitflip,0.07,1000,IXIII,IXIII,IIIII,0000,1,1
2998,bitflip,0.07,0000,IIIII,IIIII,IIIII,0000,1,1
2999,bitflip,0.07,0000,IIIII,IIIII,IIIII,0000,1,1
