sample_id,noise,p,state_syndrome,true_error,action,corrected_error,next_syndrome,reward,success
0,biased,0.09,0000,IIIII,IIIII,IIIII,0000,1,1
1,biased,0.09,0110,IIZIZ,IIYII,IIXIZ,1000,-1,0
2,biased,0.09,0000,IIIII,IIIII,IIIII,0000,1,1
3,biased,0.09,0100,ZIYII,IZIII,ZZYII,0001,-1,0
4,biased,0.09,0000,IIIII,IIIII,IIIII,0000,1,1
5,biased,0.09,0011,IIIIX,IIIIX,IIIII,0000,1,1
6,biased,0.09,1111,IIIYI,IZIII,IZIYI,1010,-1,0
7,biased,0.09,0101,IZIII,ZIIII,ZZIII,1111,-1,0
8,biased,0.09,0000,IIIII,IIIII,IIIII,0000,1,1
9,biased,0.09,0100,IIIIZ,IZIII,IZIIZ,0001,-1,0
10,biased,0.09,0000,IIIII,IIIII,IIIII,0000,1,1
11,biased,0.09,0000,IIIII,IIIII,IIIII,0000,1,1
12,biased,0.09,1100,IIXII,IIIYI,IIXYI,0011,-1,0
13,biased,0.09,0000,IIIII,IIIII,IIIII,0000,1,1
14,biased,0.09,1101,IYIII,IZIII,IXIII,1000,-1,0
15,biased,0.09,1000,IXIII,IXIII,IIIII,0000,1,1
16,biased,0.09,0000,IIIII,IIIII,IIIII,0000,1,1
17,biased,0.09,0000,IIIII,IIIII,IIIII,0000,1,1
18,biased,0.09,0000,IIIII,IIIII,IIIII,0000,1,1
19,biased,0.09,0000,IIIII,IIIII,IIIII,0000,1,1
20,biased,0.09,0000,IIIII,IIIII,IIIII,0000,1,1
21,biased,0.09,0000,IIIII,IIIII,IIIII,0000,1,1
22,biased,0.09,0111,ZYIII,IXIII,ZZIII,1111,-1,0
23,biased,0.09,0100,IIIIZ,IZIII,IZIIZ,0001,-1,0
24,biased,0.09,0000,IIIII,IIIII,IIIII,0000,1,1
25,biased,0.09,0100,IIIIZ,IZIII,IZIIZ,0001,-1,0
26,biased,0.09,1010,ZIIII,ZIIII,IIIII,0000,1,1
27,biased,0.09,0000,IIIII,IIIII,IIIII,0000,1,1
28,biased,0.09,0000,IIIII,IIIII,IIIII,0000,1,1
29,biased,0.09,0000,IIIII,IIIII,IIIII,0000,1,1
30,biased,0.09,0000,IIIII,IIIII,IIIII,0000,1,1
31,biased,0.09,0000,IIIII,IIIII,IIIII,0000,1,1
32,biased,0.09,0000,IIIII,IIIII,IIIII,0000,1,1
33,biased,0.09,0000,IIIII,IIIII,IIIII,0000,1,1
34,biased,0.09,0000,IIIII,IIIII,IIIII,0000,1,1
35,biased,0.09,0000,IIIII,IIIII,IIIII,0000,1,1
36,biased,0.09,1110,IIYII,IYIII,IYYII,0011,-1,0
37,biased,0.09,0000,IIIII,IIIII,IIIII,0000,1,1
38,biased,0.09,0110,IIIXI,IIYII,IIYXI,1000,-1,0
39,biased,0.09,1101,IYIII,IZIII,IXIII,1000,-1,0
40,biased,0.09,0000,IIIII,IIIII,IIIII,0000,1,1
41,biased,0.09,0000,IIIII,IIIII,IIIII,0000,1,1
42,biased,0.09,1100,IIXII,IIIYI,IIXYI,0011,-1,0
43,biased,0.09,0000,IIIII,IIIII,IIIII,0000,1,1
44,biased,0.09,0000,IIIII,IIIII,IIIII,0000,1,1
45,biased,0.09,0000,IIIII,IIIII,IIIII,0000,1,1
46,biased,0.09,0011,IIIIX,IIIIX,IIIII,0000,1,1
47,biased,0.09,1011,YIIII,XIIII,ZIIII,1010,-1,0
48,biased,0.09,0000,IIIII,IIIII,IIIII,0000,1,1
49,biased,0.09,0000,IIIII,IIIII,IIIII,0000,1,1
50,biased,0.09,1000,IXIII,IXIII,IIIII,0000,1,1
51,biased,0.09,0000,IIIII,IIIII,IIIII,0000,1,1
52,biased,0.09,0000,IIIII,IIIII,IIIII,0000,1,1
53,biased,0.09,0000,IIIII,IIIII,IIIII,0000,1,1
54,biased,0.09,0000,IIIII,IIIII,IIIII,0000,1,1
55,biased,0.09,0000,IIIII,IIIII,IIIII,0000,1,1
56,biased,0.09,1111,IIIYI,IZIII,IZIYI,1010,-1,0
57,biased,0.09,0001,XIIII,XIIII,IIIII,0000,1,1
58,biased,0.09,0000,IIIII,IIIII,IIIII,0000,1,1
59,biased,0.09,0000,IIIII,IIIII,IIIII,0000,1,1
60,biased,0.09,0000,IIIII,IIIII,IIIII,0000,1,1
61,biased,0.09,1101,IYIII,IZIII,IXIII,1000,-1,0
62,biased,0.09,0000,IIIII,IIIII,IIIII,0000,1,1
63,biased,0.09,0101,IZIII,ZIIII,ZZIII,1111,-1,0
64,biased,0.09,0000,IIIII,IIIII,IIIII,0000,1,1
65,biased,0.09,1101,IYIII,IZIII,IXIII,1000,-1,0
66,biased,0.09,0000,IIIII,IIIII,IIIII,0000,1,1
67,biased,0.09,0000,IIIII,IIIII,IIIII,0000,1,1
68,biased,0.09,0000,IIIII,IIIII,IIIII,0000,1,1
69,biased,0.09,0000,IIIII,IIIII,IIIII,0000,1,1
70,biased,0.09,0000,IIIII,IIIII,IIIII,0000,1,1
71,biased,0.09,0000,IIIII,IIIII,IIIII,0000,1,1
72,biased,0.09,0000,IIIII,IIIII,IIIII,0000,1,1
73,biased,0.09,1110,IIYII,IYIII,IYYII,0011,-1,0
74,biased,0.09,1010,IZXIX,ZIIII,ZZXIX,0000,-1,0
75,biased,0.09,1101,IYIII,IZIII,IXIII,1000,-1,0
76,biased,0.09,0000,IIIII,IIIII,IIIII,0000,1,1
77,biased,0.09,0000,IIIII,IIIII,IIIII,0000,1,1
78,biased,0.09,1110,IIYII,IYIII,IYYII,0011,-1,0
79,biased,0.09,0000,IIIII,IIIII,IIIII,0000,1,1
80,biased,0.09,0000,IIIII,IIIII,IIIII,0000,1,1
81,biased,0.09,0000,IIIII,IIIII,IIIII,0000,1,1
82,biased,0.09,0101,IZIII,ZIIII,ZZIII,1111,-1,0
83,biased,0.09,0000,IIIII,IIIII,IIIII,0000,1,1
84,biased,0.09,0000,IIIII,IIIII,IIIII,0000,1,1
85,biased,0.09,0000,IIIII,IIIII,IIIII,0000,1,1
86,biased,0.09,0000,IIIII,IIIII,IIIII,0000,1,1
87,biased,0.09,1010,ZIIII,ZIIII,IIIII,0000,1,1
88,biased,0.09,1110,IIYII,IYIII,IYYII,0011,-1,0
89,biased,0.09,0000,IIIII,IIIII,IIIII,0000,1,1
90,biased,0.09,1011,YIIII,XIIII,ZIIII,1010,-1,0
91,biased,0.09,0000,IIIII,IIIII,IIIII,0000,1,1
92,biased,0.09,1001,IIIZI,YIIII,YIIZI,0010,-1,0
93,biased,0.09,0000,IIIII,IIIII,IIIII,0000,1,1
94,biased,0.09,0000,IIIII,IIIII,IIIII,0000,1,1
95,biased,0.09,1101,IYIII,IZIII,IXIII,1000,-1,0
96,biased,0.09,0000,IIIII,IIIII,IIIII,0000,1,1
97,biased,0.09,1000,IXIII,IXIII,IIIII,0000,1,1
98,biased,0.09,0000,IIIII,IIIII,IIIII,0000,1,1
99,biased,0.09,1001,IIIZI,YIIII,YIIZI,0010,-1,0
100,biased,0.09,1101,IIYIX,IZIII,IZYIX,1000,-1,0
101,biased,0.09,0000,IIIII,IIIII,IIIII,0000,1,1
102,biased,0.09,0000,IIIII,IIIII,IIIII,0000,1,1
103,biased,0.09,0000,IIIII,IIIII,IIIII,0000,1,1
104,biased,0.09,0000,IIIII,IIIII,IIIII,0000,1,1
105,biased,0.09,1101,IIYIX,IZIII,IZYIX,1000,-1,0
106,biased,0.09,0000,IIIII,IIIII,IIIII,0000,1,1
107,biased,0.09,0000,IIIII,IIIII,IIIII,0000,1,1
108,biased,0.09,0000,IIIII,IIIII,IIIII,0000,1,1
109,biased,0.09,0000,IIIII,IIIII,IIIII,0000,1,1
110,biased,0.09,0000,IIIII,IIIII,IIIII,0000,1,1
111,biased,0.09,0101,IZIII,ZIIII,ZZIII,1111,-1,0
112,biased,0.09,0001,XIIII,XIIII,IIIII,0000,1,1
113,biased,0.09,0000,IIIII,IIIII,IIIII,0000,1,1
114,biased,0.09,1100,IIXII,IIIYI,IIXYI,0011,-1,0
115,biased,0.09,0000,IIIII,IIIII,IIIII,0000,1,1
116,biased,0.09,1110,IIYII,IYIII,IYYII,0011,-1,0
117,biased,0.09,1011,IXIIX,XIIII,XXIIX,1010,-1,0
118,biased,0.09,0000,IIIII,IIIII,IIIII,0000,1,1
119,biased,0.09,0000,IIIII,IIIII,IIIII,0000,1,1
120,biased,0.09,0000,IIIII,IIIII,IIIII,0000,1,1
121,biased,0.09,0000,IIIII,IIIII,IIIII,0000,1,1
122,biased,0.09,0010,IIZII,IXIII,IXZII,1010,-1,0
123,biased,0.09,1010,IZIYI,ZIIII,ZZIYI,0000,-1,0
124,biased,0.09,0000,IIIII,IIIII,IIIII,0000,1,1
125,biased,0.09,0000,IIIII,IIIII,IIIII,0000,1,1
126,biased,0.09,1000,IXIII,IXIII,IIIII,0000,1,1
127,biased,0.09,0000,IIIII,IIIII,IIIII,0000,1,1
128,biased,0.09,0000,IIIII,IIIII,IIIII,0000,1,1
129,biased,0.09,0000,IIIII,IIIII,IIIII,0000,1,1
130,biased,0.09,1100,IIXII,IIIYI,IIXYI,0011,-1,0
131,biased,0.09,1000,IXIII,IXIII,IIIII,0000,1,1
132,biased,0.09,0000,IIIII,IIIII,IIIII,0000,1,1
133,biased,0.09,0000,IIIII,IIIII,IIIII,0000,1,1
134,biased,0.09,1101,IYIII,IZIII,IXIII,1000,-1,0
135,biased,0.09,0000,IIIII,IIIII,IIIII,0000,1,1
136,biased,0.09,1010,IIIZX,ZIIII,ZIIZX,0000,-1,0
137,biased,0.09,0111,IIIIY,IXIII,IXIIY,1111,-1,0
138,biased,0.09,1100,IIIYX,IIIYI,IIIIX,0011,-1,0
139,biased,0.09,0100,IIIIZ,IZIII,IZIIZ,0001,-1,0
140,biased,0.09,0000,IIIII,IIIII,IIIII,0000,1,1
141,biased,0.09,0000,IIIII,IIIII,IIIII,0000,1,1
142,biased,0.09,1100,IIXII,IIIYI,IIXYI,0011,-1,0
143,biased,0.09,0000,IIIII,IIIII,IIIII,0000,1,1
144,biased,0.09,0000,IIIII,IIIII,IIIII,0000,1,1
145,biased,0.09,0000,IIIII,IIIII,IIIII,0000,1,1
146,biased,0.09,1000,IXIII,IXIII,IIIII,0000,1,1
147,biased,0.09,0000,IIIII,IIIII,IIIII,0000,1,1
148,biased,0.09,0000,IIIII,IIIII,IIIII,0000,1,1
149,biased,0.09,0000,IIIII,IIIII,IIIII,0000,1,1
150,biased,0.09,0000,IIIII,IIIII,IIIII,0000,1,1
151,biased,0.09,0000,IIIII,IIIII,IIIII,0000,1,1
152,biased,0.09,0000,IIIII,IIIII,IIIII,0000,1,1
153,biased,0.09,1011,YIIII,XIIII,ZIIII,1010,-1,0
154,biased,0.09,0101,IZIII,ZIIII,ZZIII,1111,-1,0
155,biased,0.09,0000,IIIII,IIIII,IIIII,0000,1,1
156,biased,0.09,0110,IIIXI,IIYII,IIYXI,1000,-1,0
157,biased,0.09,0000,IIIII,IIIII,IIIII,0000,1,1
158,biased,0.09,0000,IIIII,IIIII,IIIII,0000,1,1
159,biased,0.09,0000,IIIII,IIIII,IIIII,0000,1,1
160,biased,0.09,0000,IIIII,IIIII,IIIII,0000,1,1
161,biased,0.09,0000,IIIII,IIIII,IIIII,0000,1,1
162,biased,0.09,0001,XIIII,XIIII,IIIII,0000,1,1
163,biased,0.09,0000,IIIII,IIIII,IIIII,0000,1,1
164,biased,0.09,0100,IIIIZ,IZIII,IZIIZ,0001,-1,0
165,biased,0.09,1001,IIIZI,YIIII,YIIZI,0010,-1,0
166,biased,0.09,0110,IIIXI,IIYII,IIYXI,1000,-1,0
167,biased,0.09,0000,IIIII,IIIII,IIIII,0000,1,1
168,biased,0.09,1001,IIIZI,YIIII,YIIZI,0010,-1,0
169,biased,0.09,0101,IZIII,ZIIII,ZZIII,1111,-1,0
170,biased,0.09,0000,IIIII,IIIII,IIIII,0000,1,1
171,biased,0.09,0000,IIIII,IIIII,IIIII,0000,1,1
172,biased,0.09,0000,IIIII,IIIII,IIIII,0000,1,1
173,biased,0.09,1001,IIIZI,YIIII,YIIZI,0010,-1,0
174,biased,0.09,0000,IIIII,IIIII,IIIII,0000,1,1
175,biased,0.09,0000,IIIII,IIIII,IIIII,0000,1,1
176,biased,0.09,0000,IIIII,IIIII,IIIII,0000,1,1
177,biased,0.09,0000,IIIII,IIIII,IIIII,0000,1,1
178,biased,0.09,1000,IXIII,IXIII,IIIII,0000,1,1
179,biased,0.09,0000,IIIII,IIIII,IIIII,0000,1,1
180,biased,0.09,1001,YIZII,YIIII,IIZII,0010,-1,0
181,biased,0.09,1001,IIIZI,YIIII,YIIZI,0010,-1,0
182,biased,0.09,0000,IIIII,IIIII,IIIII,0000,1,1
183,biased,0.09,0000,IIIII,IIIII,IIIII,0000,1,1
184,biased,0.09,0001,XIIII,XIIII,IIIII,0000,1,1
185,biased,0.09,0010,IIZII,IXIII,IXZII,1010,-1,0
186,biased,0.09,0110,IIIXI,IIYII,IIYXI,1000,-1,0
187,biased,0.09,0000,IIIII,IIIII,IIIII,0000,1,1
188,biased,0.09,0100,IIIIZ,IZIII,IZIIZ,0001,-1,0
189,biased,0.09,1101,IYIII,IZIII,IXIII,1000,-1,0
190,biased,0.09,0111,IIIIY,IXIII,IXIIY,1111,-1,0
191,biased,0.09,0001,XIIII,XIIII,IIIII,0000,1,1
192,biased,0.09,1100,IIXII,IIIYI,IIXYI,0011,-1,0
193,biased,0.09,0000,IIIII,IIIII,IIIII,0000,1,1
194,biased,0.09,0101,IZIII,ZIIII,ZZIII,1111,-1,0
195,biased,0.09,0000,IIIII,IIIII,IIIII,0000,1,1
196,biased,0.09,1000,YIIIX,IXIII,YXIIX,0000,-1,0
197,biased,0.09,0000,IIIII,IIIII,IIIII,0000,1,1
198,biased,0.09,0000,IIIII,IIIII,IIIII,0000,1,1
199,biased,0.09,0000,IIIII,IIIII,IIIII,0000,1,1
200,biased,0.09,0000,IIIII,IIIII,IIIII,0000,1,1
201,biased,0.09,1101,ZIIIY,IZIII,ZZIIY,1000,-1,0
202,biased,0.09,0000,IIIII,IIIII,IIIII,0000,1,1
203,biased,0.09,0000,IIIII,IIIII,IIIII,0000,1,1
204,biased,0.09,0000,IIIII,IIIII,IIIII,0000,1,1
205,biased,0.09,0000,IIIII,IIIII,IIIII,0000,1,1
206,biased,0.09,0011,IIIIX,IIIIX,IIIII,0000,1,1
207,biased,0.09,0000,IIIII,IIIII,IIIII,0000,1,1
208,biased,0.09,0000,IIIII,IIIII,IIIII,0000,1,1
209,biased,0.09,1011,YIIII,XIIII,ZIIII,1010,-1,0
210,biased,0.09,0000,IIIII,IIIII,IIIII,0000,1,1
211,biased,0.09,0101,IZIII,ZIIII,ZZIII,1111,-1,0
212,biased,0.09,0000,IIIII,IIIII,IIIII,0000,1,1
213,biased,0.09,0000,IIIII,IIIII,IIIII,0000,1,1
214,biased,0.09,1001,IIIZI,YIIII,YIIZI,0010,-1,0
215,biased,0.09,0000,IIIII,IIIII,IIIII,0000,1,1
216,biased,0.09,0011,IIIIX,IIIIX,IIIII,0000,1,1
217,biased,0.09,1010,ZIIII,ZIIII,IIIII,0000,1,1
218,biased,0.09,0000,IIIII,IIIII,IIIII,0000,1,1
219,biased,0.09,0000,IIIII,IIIII,IIIII,0000,1,1
220,biased,0.09,1101,IYIII,IZIII,IXIII,1000,-1,0
221,biased,0.09,1101,IYIII,IZIII,IXIII,1000,-1,0
222,biased,0.09,0000,IIIII,IIIII,IIIII,0000,1,1
223,biased,0.09,0001,XIIII,XIIII,IIIII,0000,1,1
224,biased,0.09,0000,IIIII,IIIII,IIIII,0000,1,1
225,biased,0.09,0000,IIIII,IIIII,IIIII,0000,1,1
226,biased,0.09,0000,IIIII,IIIII,IIIII,0000,1,1
227,biased,0.09,0000,IIIII,IIIII,IIIII,0000,1,1
228,biased,0.09,0000,IIIII,IIIII,IIIII,0000,1,1
229,biased,0.09,0000,IIIII,IIIII,IIIII,0000,1,1
230,biased,0.09,0000,IIIII,IIIII,IIIII,0000,1,1
231,biased,0.09,0000,IIIII,IIIII,IIIII,0000,1,1
232,biased,0.09,0100,IIZXI,IZIII,IZZXI,0001,-1,0
233,biased,0.09,0110,IIIXI,IIYII,IIYXI,1000,-1,0
234,biased,0.09,0000,IIIII,IIIII,IIIII,0000,1,1
235,biased,0.09,0000,IIIII,IIIII,IIIII,0000,1,1
236,biased,0.09,1111,IIIYI,IZIII,IZIYI,1010,-1,0
237,biased,0.09,0100,IIIIZ,IZIII,IZIIZ,0001,-1,0
238,biased,0.09,0000,IIIII,IIIII,IIIII,0000,1,1
239,biased,0.09,1001,IIIZI,YIIII,YIIZI,0010,-1,0
240,biased,0.09,0000,IIIII,IIIII,IIIII,0000,1,1
241,biased,0.09,0000,IIIII,IIIII,IIIII,0000,1,1
242,biased,0.09,1011,YIIII,XIIII,ZIIII,1010,-1,0
243,biased,0.09,1000,YIIIX,IXIII,YXIIX,0000,-1,0
244,biased,0.09,0000,IIIII,IIIII,IIIII,0000,1,1
245,biased,0.09,0000,IIIII,IIIII,IIIII,0000,1,1
246,biased,0.09,0000,IIIII,IIIII,IIIII,0000,1,1
247,biased,0.09,0110,IIIXI,IIYII,IIYXI,1000,-1,0
248,biased,0.09,0000,IIIII,IIIII,IIIII,0000,1,1
249,biased,0.09,0000,IIIII,IIIII,IIIII,0000,1,1
250,biased,0.09,1000,IXIII,IXIII,IIIII,0000,1,1
251,biased,0.09,0000,IIIII,IIIII,IIIII,0000,1,1
252,biased,0.09,0110,IIIXI,IIYII,IIYXI,1000,-1,0
253,biased,0.09,0001,XIIII,XIIII,IIIII,0000,1,1
254,biased,0.09,0000,IIIII,IIIII,IIIII,0000,1,1
255,biased,0.09,1010,ZIIII,ZIIII,IIIII,0000,1,1
256,biased,0.09,0000,IIIII,IIIII,IIIII,0000,1,1
257,biased,0.09,0000,IIIII,IIIII,IIIII,0000,1,1
258,biased,0.09,0000,IIIII,IIIII,IIIII,0000,1,1
259,biased,0.09,0000,IIIII,IIIII,IIIII,0000,1,1
260,biased,0.09,0000,IIIII,IIIII,IIIII,0000,1,1
261,biased,0.09,1110,ZIIIZ,IYIII,ZYIIZ,0011,-1,0
262,biased,0.09,0000,IIIII,IIIII,IIIII,0000,1,1
263,biased,0.09,0001,XIIII,XIIII,IIIII,0000,1,1
264,biased,0.09,0101,IZIII,ZIIII,ZZIII,1111,-1,0
265,biased,0.09,0000,IIIII,IIIII,IIIII,0000,1,1
266,biased,0.09,0000,IIIII,IIIII,IIIII,0000,1,1
267,biased,0.09,0000,IIIII,IIIII,IIIII,0000,1,1
268,biased,0.09,0000,IIIII,IIIII,IIIII,0000,1,1
269,biased,0.09,0000,IIIII,IIIII,IIIII,0000,1,1
270,biased,0.09,0000,IIIII,IIIII,IIIII,0000,1,1
271,biased,0.09,0000,IIIII,IIIII,IIIII,0000,1,1
272,biased,0.09,0000,IIIII,IIIII,IIIII,0000,1,1
273,biased,0.09,0110,ZIXII,IIYII,ZIZII,1000,-1,0
274,biased,0.09,0011,IIIIX,IIIIX,IIIII,0000,1,1
275,biased,0.09,1011,IZYII,XIIII,XZYII,1010,-1,0
276,biased,0.09,0000,IIIII,IIIII,IIIII,0000,1,1
277,biased,0.09,1011,YIIII,XIIII,ZIIII,1010,-1,0
278,biased,0.09,0100,IIIIZ,IZIII,IZIIZ,0001,-1,0
279,biased,0.09,0010,IIZII,IXIII,IXZII,1010,-1,0
280,biased,0.09,0000,IIIII,IIIII,IIIII,0000,1,1
281,biased,0.09,0000,IIIII,IIIII,IIIII,0000,1,1
282,biased,0.09,0000,IIIII,IIIII,IIIII,0000,1,1
283,biased,0.09,0000,IIIII,IIIII,IIIII,0000,1,1
284,biased,0.09,0000,IIIII,IIIII,IIIII,0000,1,1
285,biased,0.09,0000,IIIII,IIIII,IIIII,0000,1,1
286,biased,0.09,0000,IIIII,IIIII,IIIII,0000,1,1
287,biased,0.09,0000,IIIII,IIIII,IIIII,0000,1,1
288,biased,0.09,0000,IIIII,IIIII,IIIII,0000,1,1
289,biased,0.09,0001,XIIII,XIIII,IIIII,0000,1,1
290,biased,0.09,0101,IZIII,ZIIII,ZZIII,1111,-1,0
291,biased,0.09,1110,IIYII,IYIII,IYYII,0011,-1,0
292,biased,0.09,0000,IIIII,IIIII,IIIII,0000,1,1
293,biased,0.09,0011,IIIIX,IIIIX,IIIII,0000,1,1
294,biased,0.09,0000,IIIII,IIIII,IIIII,0000,1,1
295,biased,0.09,1111,IIIYI,IZIII,IZIYI,1010,-1,0
296,biased,0.09,0000,IIIII,IIIII,IIIII,0000,1,1
297,biased,0.09,1111,IIIYI,IZIII,IZIYI,1010,-1,0
298,biased,0.09,0000,IIIII,IIIII,IIIII,0000,1,1
299,biased,0.09,0000,IIIII,IIIII,IIIII,0000,1,1
300,biased,0.09,0000,IIIII,IIIII,IIIII,0000,1,1
301,biased,0.09,0100,IIIIZ,IZIII,IZIIZ,0001,-1,0
302,biased,0.09,0000,IIIII,IIIII,IIIII,0000,1,1
303,biased,0.09,0000,IIIII,IIIII,IIIII,0000,1,1
304,biased,0.09,0010,IIZII,IXIII,IXZII,1010,-1,0
305,biased,0.09,0000,IIIII,IIIII,IIIII,0000,1,1
306,biased,0.09,0000,IIIII,IIIII,IIIII,0000,1,1
307,biased,0.09,1111,IIIYI,IZIII,IZIYI,1010,-1,0
308,biased,0.09,0000,IIIII,IIIII,IIIII,0000,1,1
309,biased,0.09,1010,ZIIII,ZIIII,IIIII,0000,1,1
310,biased,0.09,0000,IIIII,IIIII,IIIII,0000,1,1
311,biased,0.09,0000,IIIII,IIIII,IIIII,0000,1,1
312,biased,0.09,0000,IIIII,IIIII,IIIII,0000,1,1
313,biased,0.09,0000,IIIII,IIIII,IIIII,0000,1,1
314,biased,0.09,0001,XIIII,XIIII,IIIII,0000,1,1
315,biased,0.09,1011,YIIII,XIIII,ZIIII,1010,-1,0
316,biased,0.09,0111,IIYZI,IXIII,IXYZI,1111,-1,0
317,biased,0.09,0000,IIIII,IIIII,IIIII,0000,1,1
318,biased,0.09,0000,IIIII,IIIII,IIIII,0000,1,1
319,biased,0.09,0000,IIIII,IIIII,IIIII,0000,1,1
320,biased,0.09,0000,IIIII,IIIII,IIIII,0000,1,1
321,biased,0.09,0000,IIIII,IIIII,IIIII,0000,1,1
322,biased,0.09,0000,IIIII,IIIII,IIIII,0000,1,1
323,biased,0.09,1100,IIXII,IIIYI,IIXYI,0011,-1,0
324,biased,0.09,0000,IIIII,IIIII,IIIII,0000,1,1
325,biased,0.09,0000,IIIII,IIIII,IIIII,0000,1,1
326,biased,0.09,0000,IIIII,IIIII,IIIII,0000,1,1
327,biased,0.09,0000,IIIII,IIIII,IIIII,0000,1,1
328,biased,0.09,0000,IIIII,IIIII,IIIII,0000,1,1
329,biased,0.09,0000,IIIII,IIIII,IIIII,0000,1,1
330,biased,0.09,0000,IIIII,IIIII,IIIII,0000,1,1
331,biased,0.09,1111,IIIYI,IZIII,IZIYI,1010,-1,0
332,biased,0.09,0110,IIIXI,IIYII,IIYXI,1000,-1,0
333,biased,0.09,0000,IIIII,IIIII,IIIII,0000,1,1
334,biased,0.09,0010,IIZII,IXIII,IXZII,1010,-1,0
335,biased,0.09,1110,ZIIIZ,IYIII,ZYIIZ,0011,-1,0
336,biased,0.09,0000,IIIII,IIIII,IIIII,0000,1,1
337,biased,0.09,1101,IYIII,IZIII,IXIII,1000,-1,0
338,biased,0.09,1000,IXIII,IXIII,IIIII,0000,1,1
339,biased,0.09,0000,IIIII,IIIII,IIIII,0000,1,1
340,biased,0.09,0000,IIIII,IIIII,IIIII,0000,1,1
341,biased,0.09,0000,IIIII,IIIII,IIIII,0000,1,1
342,biased,0.09,0000,IIIII,IIIII,IIIII,0000,1,1
343,biased,0.09,1101,IYIII,IZIII,IXIII,1000,-1,0
344,biased,0.09,0000,IIIII,IIIII,IIIII,0000,1,1
345,biased,0.09,1010,ZIIII,ZIIII,IIIII,0000,1,1
346,biased,0.09,1101,IYIII,IZIII,IXIII,1000,-1,0
347,biased,0.09,1100,IIXII,IIIYI,IIXYI,0011,-1,0
348,biased,0.09,0001,XIIII,XIIII,IIIII,0000,1,1
349,biased,0.09,0000,IIIII,IIIII,IIIII,0000,1,1
350,biased,0.09,0000,IIIII,IIIII,IIIII,0000,1,1
351,biased,0.09,1110,IIYII,IYIII,IYYII,0011,-1,0
352,biased,0.09,0110,IIIXI,IIYII,IIYXI,1000,-1,0
353,biased,0.09,0011,IIIIX,IIIIX,IIIII,0000,1,1
354,biased,0.09,0000,IIIII,IIIII,IIIII,0000,1,1
355,biased,0.09,0001,XIIII,XIIII,IIIII,0000,1,1
356,biased,0.09,0000,IIIII,IIIII,IIIII,0000,1,1
357,biased,0.09,1111,IIIYI,IZIII,IZIYI,1010,-1,0
358,biased,0.09,0111,ZYIII,IXIII,ZZIII,1111,-1,0
359,biased,0.09,1111,XIYII,IZIII,XZYII,1010,-1,0
360,biased,0.09,0000,IIIII,IIIII,IIIII,0000,1,1
361,biased,0.09,0000,IIIII,IIIII,IIIII,0000,1,1
362,biased,0.09,1001,IIIZI,YIIII,YIIZI,0010,-1,0
363,biased,0.09,0000,IIIII,IIIII,IIIII,0000,1,1
364,biased,0.09,0000,IIIII,IIIII,IIIII,0000,1,1
365,biased,0.09,0000,IIIII,IIIII,IIIII,0000,1,1
366,biased,0.09,0111,IIIIY,IXIII,IXIIY,1111,-1,0
367,biased,0.09,0000,IIIII,IIIII,IIIII,0000,1,1
368,biased,0.09,0000,IIIII,IIIII,IIIII,0000,1,1
369,biased,0.09,0000,IIIII,IIIII,IIIII,0000,1,1
370,biased,0.09,0000,IIIII,IIIII,IIIII,0000,1,1
371,biased,0.09,0000,IIIII,IIIII,IIIII,0000,1,1
372,biased,0.09,0000,IIIII,IIIII,IIIII,0000,1,1
373,biased,0.09,0000,IIIII,IIIII,IIIII,0000,1,1
374,biased,0.09,0000,IIIII,IIIII,IIIII,0000,1,1
375,biased,0.09,0111,IIIIY,IXIII,IXIIY,1111,-1,0
376,biased,0.09,1100,IIXII,IIIYI,IIXYI,0011,-1,0
377,biased,0.09,1111,IIIYI,IZIII,IZIYI,1010,-1,0
378,biased,0.09,0000,IIIII,IIIII,IIIII,0000,1,1
379,biased,0.09,0101,IZIII,ZIIII,ZZIII,1111,-1,0
380,biased,0.09,0000,IIIII,IIIII,IIIII,0000,1,1
381,biased,0.09,1000,IXIII,IXIII,IIIII,0000,1,1
382,biased,0.09,0000,IIIII,IIIII,IIIII,0000,1,1
383,biased,0.09,0001,XIIII,XIIII,IIIII,0000,1,1
384,biased,0.09,0000,IIIII,IIIII,IIIII,0000,1,1
385,biased,0.09,0000,IIIII,IIIII,IIIII,0000,1,1
386,biased,0.09,1111,IYZII,IZIII,IXZII,1010,-1,0
387,biased,0.09,0110,IZIIX,IIYII,IZYIX,1000,-1,0
388,biased,0.09,0000,IIIII,IIIII,IIIII,0000,1,1
389,biased,0.09,0000,IIIII,IIIII,IIIII,0000,1,1
390,biased,0.09,0000,IIIII,IIIII,IIIII,0000,1,1
391,biased,0.09,0010,IIZII,IXIII,IXZII,1010,-1,0
392,biased,0.09,0000,IIIII,IIIII,IIIII,0000,1,1
393,biased,0.09,0000,IIIII,IIIII,IIIII,0000,1,1
394,biased,0.09,0000,IIIII,IIIII,IIIII,0000,1,1
395,biased,0.09,0111,IIIIY,IXIII,IXIIY,1111,-1,0
396,biased,0.09,1100,IIXII,IIIYI,IIXYI,0011,-1,0
397,biased,0.09,0000,IIIII,IIIII,IIIII,0000,1,1
398,biased,0.09,0000,IIIII,IIIII,IIIII,0000,1,1
399,biased,0.09,0100,ZIYII,IZIII,ZZYII,0001,-1,0
400,biased,0.09,0000,IIIII,IIIII,IIIII,0000,1,1
401,biased,0.09,0000,IIIII,IIIII,IIIII,0000,1,1
402,biased,0.09,0000,IIIII,IIIII,IIIII,0000,1,1
403,biased,0.09,0000,IIIII,IIIII,IIIII,0000,1,1
404,biased,0.09,0000,IIIII,IIIII,IIIII,0000,1,1
405,biased,0.09,0000,IIIII,IIIII,IIIII,0000,1,1
406,biased,0.09,0000,IIIII,IIIII,IIIII,0000,1,1
407,biased,0.09,1000,IXIII,IXIII,IIIII,0000,1,1
408,biased,0.09,0000,IIIII,IIIII,IIIII,0000,1,1
409,biased,0.09,0000,IIIII,IIIII,IIIII,0000,1,1
410,biased,0.09,0000,IIIII,IIIII,IIIII,0000,1,1
411,biased,0.09,0000,IIIII,IIIII,IIIII,0000,1,1
412,biased,0.09,1111,IIIYI,IZIII,IZIYI,1010,-1,0
413,biased,0.09,0000,IIIII,IIIII,IIIII,0000,1,1
414,biased,0.09,0000,IIIII,IIIII,IIIII,0000,1,1
415,biased,0.09,0000,IIIII,IIIII,IIIII,0000,1,1
416,biased,0.09,0000,IIIII,IIIII,IIIII,0000,1,1
417,biased,0.09,0000,IIIII,IIIII,IIIII,0000,1,1
418,biased,0.09,1111,IIIYI,IZIII,IZIYI,1010,-1,0
419,biased,0.09,0101,IZIII,ZIIII,ZZIII,1111,-1,0
420,biased,0.09,1101,IYIII,IZIII,IXIII,1000,-1,0
421,biased,0.09,0000,IIIII,IIIII,IIIII,0000,1,1
422,biased,0.09,0000,IIIII,IIIII,IIIII,0000,1,1
423,biased,0.09,1110,IIYII,IYIII,IYYII,0011,-1,0
424,biased,0.09,0000,IIIII,IIIII,IIIII,0000,1,1
425,biased,0.09,0000,IIIII,IIIII,IIIII,0000,1,1
426,biased,0.09,0000,IIIII,IIIII,IIIII,0000,1,1
427,biased,0.09,0000,IIIII,IIIII,IIIII,0000,1,1
428,biased,0.09,0000,IIIII,IIIII,IIIII,0000,1,1
429,biased,0.09,0000,IIIII,IIIII,IIIII,0000,1,1
430,biased,0.09,0000,IIIII,IIIII,IIIII,0000,1,1
431,biased,0.09,0000,IIIII,IIIII,IIIII,0000,1,1
432,biased,0.09,0000,IIIII,IIIII,IIIII,0000,1,1
433,biased,0.09,0000,IIIII,IIIII,IIIII,0000,1,1
434,biased,0.09,0000,IIIII,IIIII,IIIII,0000,1,1
435,biased,0.09,0011,IIIIX,IIIIX,IIIII,0000,1,1
436,biased,0.09,0000,IIIII,IIIII,IIIII,0000,1,1
437,biased,0.09,0100,IIIIZ,IZIII,IZIIZ,0001,-1,0
438,biased,0.09,1101,IIIZZ,IZIII,IZIZZ,1000,-1,0
439,biased,0.09,0000,IIIII,IIIII,IIIII,0000,1,1
440,biased,0.09,1111,IIIYI,IZIII,IZIYI,1010,-1,0
441,biased,0.09,0111,IIIIY,IXIII,IXIIY,1111,-1,0
442,biased,0.09,0000,IIIII,IIIII,IIIII,0000,1,1
443,biased,0.09,0000,IIIII,IIIII,IIIII,0000,1,1
444,biased,0.09,0000,IIIII,IIIII,IIIII,0000,1,1
445,biased,0.09,0000,IIIII,IIIII,IIIII,0000,1,1
446,biased,0.09,1101,ZZZII,IZIII,ZIZII,1000,-1,0
447,biased,0.09,0000,IIIII,IIIII,IIIII,0000,1,1
448,biased,0.09,0000,IIIII,IIIII,IIIII,0000,1,1
449,biased,0.09,1010,ZIIII,ZIIII,IIIII,0000,1,1
450,biased,0.09,0000,IIIII,IIIII,IIIII,0000,1,1
451,biased,0.09,0000,IIIII,IIIII,IIIII,0000,1,1
452,biased,0.09,0000,IIIII,IIIII,IIIII,0000,1,1
453,biased,0.09,1110,IIYII,IYIII,IYYII,0011,-1,0
454,biased,0.09,1110,IIYII,IYIII,IYYII,0011,-1,0
455,biased,0.09,0000,IIIII,IIIII,IIIII,0000,1,1
456,biased,0.09,0000,IIIII,IIIII,IIIII,0000,1,1
457,biased,0.09,0000,IIIII,IIIII,IIIII,0000,1,1
458,biased,0.09,1000,XIIZI,IXIII,XXIZI,0000,-1,0
459,biased,0.09,0000,IIIII,IIIII,IIIII,0000,1,1
460,biased,0.09,1010,ZIIII,ZIIII,IIIII,0000,1,1
461,biased,0.09,0000,IIIII,IIIII,IIIII,0000,1,1
462,biased,0.09,0010,IIZII,IXIII,IXZII,1010,-1,0
463,biased,0.09,0000,IIIII,IIIII,IIIII,0000,1,1
464,biased,0.09,0110,IIIXI,IIYII,IIYXI,1000,-1,0
465,biased,0.09,0000,IIIII,IIIII,IIIII,0000,1,1
466,biased,0.09,0111,IIIIY,IXIII,IXIIY,1111,-1,0
467,biased,0.09,1110,IIYII,IYIII,IYYII,0011,-1,0
468,biased,0.09,1001,IIIZI,YIIII,YIIZI,0010,-1,0
469,biased,0.09,0000,IIIII,IIIII,IIIII,0000,1,1
470,biased,0.09,0000,IIIII,IIIII,IIIII,0000,1,1
471,biased,0.09,1011,IZYII,XIIII,XZYII,1010,-1,0
472,biased,0.09,0000,IIIII,IIIII,IIIII,0000,1,1
473,biased,0.09,0111,IIIIY,IXIII,IXIIY,1111,-1,0
474,biased,0.09,1000,IXIII,IXIII,IIIII,0000,1,1
475,biased,0.09,0000,IIIII,IIIII,IIIII,0000,1,1
476,biased,0.09,0000,IIIII,IIIII,IIIII,0000,1,1
477,biased,0.09,0000,IIIII,IIIII,IIIII,0000,1,1
478,biased,0.09,1011,YIIII,XIIII,ZIIII,1010,-1,0
479,biased,0.09,0000,IIIII,IIIII,IIIII,0000,1,1
480,biased,0.09,0000,IIIII,IIIII,IIIII,0000,1,1
481,biased,0.09,0000,IIIII,IIIII,IIIII,0000,1,1
482,biased,0.09,0000,IIIII,IIIII,IIIII,0000,1,1
483,biased,0.09,0000,IIIII,IIIII,IIIII,0000,1,1
484,biased,0.09,0000,IIIII,IIIII,IIIII,0000,1,1
485,biased,0.09,0000,IIIII,IIIII,IIIII,0000,1,1
486,biased,0.09,1001,IZXII,YIIII,YZXII,0010,-1,0
487,biased,0.09,0011,IIIIX,IIIIX,IIIII,0000,1,1
488,biased,0.09,1110,IIYII,IYIII,IYYII,0011,-1,0
489,biased,0.09,1111,IIIYI,IZIII,IZIYI,1010,-1,0
490,biased,0.09,0000,IIIII,IIIII,IIIII,0000,1,1
491,biased,0.09,1110,IIYII,IYIII,IYYII,0011,-1,0
492,biased,0.09,0000,IIIII,IIIII,IIIII,0000,1,1
493,biased,0.09,0110,YYIII,IIYII,YYYII,1000,-1,0
494,biased,0.09,0000,IIIII,IIIII,IIIII,0000,1,1
495,biased,0.09,0010,IIZII,IXIII,IXZII,1010,-1,0
496,biased,0.09,1011,YIIII,XIIII,ZIIII,1010,-1,0
497,biased,0.09,1010,ZIIII,ZIIII,IIIII,0000,1,1
498,biased,0.09,0000,IIIII,IIIII,IIIII,0000,1,1
499,biased,0.09,0000,IIIII,IIIII,IIIII,0000,1,1
500,biased,0.09,1011,YIIII,XIIII,ZIIII,1010,-1,0
501,biased,0.09,0000,IIIII,IIIII,IIIII,0000,1,1
502,biased,0.09,0000,IIIII,IIIII,IIIII,0000,1,1
503,biased,0.09,1100,IIXII,IIIYI,IIXYI,0011,-1,0
504,biased,0.09,0000,IIIII,IIIII,IIIII,0000,1,1
505,biased,0.09,0011,IYYII,IIIIX,IYYIX,0000,-1,0
506,biased,0.09,1001,IIIZI,YIIII,YIIZI,0010,-1,0
507,biased,0.09,0000,IIIII,IIIII,IIIII,0000,1,1
508,biased,0.09,0000,IIIII,IIIII,IIIII,0000,1,1
509,biased,0.09,0000,IIIII,IIIII,IIIII,0000,1,1
510,biased,0.09,0000,IIIII,IIIII,IIIII,0000,1,1
511,biased,0.09,0110,IIIXI,IIYII,IIYXI,1000,-1,0
512,biased,0.09,0000,IIIII,IIIII,IIIII,0000,1,1
513,biased,0.09,0000,IIIII,IIIII,IIIII,0000,1,1
514,biased,0.09,0101,IZIII,ZIIII,ZZIII,1111,-1,0
515,biased,0.09,0000,IIIII,IIIII,IIIII,0000,1,1
516,biased,0.09,0000,IIIII,IIIII,IIIII,0000,1,1
517,biased,0.09,1111,IIIYI,IZIII,IZIYI,1010,-1,0
518,biased,0.09,0000,IIIII,IIIII,IIIII,0000,1,1
519,biased,0.09,0000,IIIII,IIIII,IIIII,0000,1,1
520,biased,0.09,0000,IIIII,IIIII,IIIII,0000,1,1
521,biased,0.09,0000,IIIII,IIIII,IIIII,0000,1,1
522,biased,0.09,0000,IIIII,IIIII,IIIII,0000,1,1
523,biased,0.09,1100,XIYIX,IIIYI,XIYYX,0011,-1,0
524,biased,0.09,0111,IIIIY,IXIII,IXIIY,1111,-1,0
525,biased,0.09,0000,IIIII,IIIII,IIIII,0000,1,1
526,biased,0.09,0000,IIIII,IIIII,IIIII,0000,1,1
527,biased,0.09,1010,ZIIII,ZIIII,IIIII,0000,1,1
528,biased,0.09,0000,IIIII,IIIII,IIIII,0000,1,1
529,biased,0.09,0000,IIIII,IIIII,IIIII,0000,1,1
530,biased,0.09,0000,IIIII,IIIII,IIIII,0000,1,1
531,biased,0.09,0001,XIIII,XIIII,IIIII,0000,1,1
532,biased,0.09,1111,IXIIY,IZIII,IYIIY,1010,-1,0
533,biased,0.09,0000,IIIII,IIIII,IIIII,0000,1,1
534,biased,0.09,0000,IIIII,IIIII,IIIII,0000,1,1
535,biased,0.09,0010,IIZII,IXIII,IXZII,1010,-1,0
536,biased,0.09,0000,IIIII,IIIII,IIIII,0000,1,1
537,biased,0.09,0101,IZIII,ZIIII,ZZIII,1111,-1,0
538,biased,0.09,0001,XIIII,XIIII,IIIII,0000,1,1
539,biased,0.09,0001,XIIII,XIIII,IIIII,0000,1,1
540,biased,0.09,0000,IIIII,IIIII,IIIII,0000,1,1
541,biased,0.09,0000,IIIII,IIIII,IIIII,0000,1,1
542,biased,0.09,0000,IIIII,IIIII,IIIII,0000,1,1
543,biased,0.09,1010,ZIIII,ZIIII,IIIII,0000,1,1
544,biased,0.09,1111,ZZIII,IZIII,ZIIII,1010,-1,0
545,biased,0.09,0000,IIIII,IIIII,IIIII,0000,1,1
546,biased,0.09,1101,IYIII,IZIII,IXIII,1000,-1,0
547,biased,0.09,1000,IXIII,IXIII,IIIII,0000,1,1
548,biased,0.09,1110,IIYII,IYIII,IYYII,0011,-1,0
549,biased,0.09,1101,IYIII,IZIII,IXIII,1000,-1,0
550,biased,0.09,0000,IIIII,IIIII,IIIII,0000,1,1
551,biased,0.09,0111,YZIZI,IXIII,YYIZI,1111,-1,0
552,biased,0.09,1100,IIXII,IIIYI,IIXYI,0011,-1,0
553,biased,0.09,1000,IIIYY,IXIII,IXIYY,0000,-1,0
554,biased,0.09,0101,IZIII,ZIIII,ZZIII,1111,-1,0
555,biased,0.09,1101,XIXII,IZIII,XZXII,1000,-1,0
556,biased,0.09,0000,IIIII,IIIII,IIIII,0000,1,1
557,biased,0.09,0001,XIIII,XIIII,IIIII,0000,1,1
558,biased,0.09,0000,IIIII,IIIII,IIIII,0000,1,1
559,biased,0.09,0000,IIIII,IIIII,IIIII,0000,1,1
560,biased,0.09,0000,IIIII,IIIII,IIIII,0000,1,1
561,biased,0.09,0000,IIIII,IIIII,IIIII,0000,1,1
562,biased,0.09,0000,IIIII,IIIII,IIIII,0000,1,1
563,biased,0.09,1111,IIIYI,IZIII,IZIYI,1010,-1,0
564,biased,0.09,0110,IIIXI,IIYII,IIYXI,1000,-1,0
565,biased,0.09,0000,IIIII,IIIII,IIIII,0000,1,1
566,biased,0.09,1010,ZIIII,ZIIII,IIIII,0000,1,1
567,biased,0.09,0000,IIIII,IIIII,IIIII,0000,1,1
568,biased,0.09,0101,IIXZI,ZIIII,ZIXZI,1111,-1,0
569,biased,0.09,0100,IIIIZ,IZIII,IZIIZ,0001,-1,0
570,biased,0.09,0000,IIIII,IIIII,IIIII,0000,1,1
571,biased,0.09,0000,IIIII,IIIII,IIIII,0000,1,1
572,biased,0.09,0111,IIIIY,IXIII,IXIIY,1111,-1,0
573,biased,0.09,1011,YIIII,XIIII,ZIIII,1010,-1,0
574,biased,0.09,1110,IIIZY,IYIII,IYIZY,0011,-1,0
575,biased,0.09,0000,IIIII,IIIII,IIIII,0000,1,1
576,biased,0.09,0000,IIIII,IIIII,IIIII,0000,1,1
577,biased,0.09,0000,IIIII,IIIII,IIIII,0000,1,1
578,biased,0.09,1001,IIIZI,YIIII,YIIZI,0010,-1,0
579,biased,0.09,0000,IIIII,IIIII,IIIII,0000,1,1
580,biased,0.09,0000,IIIII,IIIII,IIIII,0000,1,1
581,biased,0.09,0000,IIIII,IIIII,IIIII,0000,1,1
582,biased,0.09,1010,YIZIX,ZIIII,XIZIX,0000,-1,0
583,biased,0.09,0000,IIIII,IIIII,IIIII,0000,1,1
584,biased,0.09,1000,IIYXI,IXIII,IXYXI,0000,-1,0
585,biased,0.09,0011,IIXYI,IIIIX,IIXYX,0000,-1,0
586,biased,0.09,0000,IIIII,IIIII,IIIII,0000,1,1
587,biased,0.09,1101,IYIII,IZIII,IXIII,1000,-1,0
588,biased,0.09,0000,IIIII,IIIII,IIIII,0000,1,1
589,biased,0.09,1011,YIIII,XIIII,ZIIII,1010,-1,0
590,biased,0.09,1010,ZIIII,ZIIII,IIIII,0000,1,1
591,biased,0.09,0000,IIIII,IIIII,IIIII,0000,1,1
592,biased,0.09,0000,IIIII,IIIII,IIIII,0000,1,1
593,biased,0.09,0000,IIIII,IIIII,IIIII,0000,1,1
594,biased,0.09,0000,IIIII,IIIII,IIIII,0000,1,1
595,biased,0.09,0000,IIIII,IIIII,IIIII,0000,1,1
596,biased,0.09,0000,IIIII,IIIII,IIIII,0000,1,1
597,biased,0.09,0000,IIIII,IIIII,IIIII,0000,1,1
598,biased,0.09,0000,IIIII,IIIII,IIIII,0000,1,1
599,biased,0.09,0000,IIIII,IIIII,IIIII,0000,1,1
600,biased,0.09,0011,IIIIX,IIIIX,IIIII,0000,1,1
601,biased,0.09,0000,IIIII,IIIII,IIIII,0000,1,1
602,biased,0.09,1110,IIYII,IYIII,IYYII,0011,-1,0
603,biased,0.09,0000,IIIII,IIIII,IIIII,0000,1,1
604,biased,0.09,0000,IIIII,IIIII,IIIII,0000,1,1
605,biased,0.09,1001,IIIZI,YIIII,YIIZI,0010,-1,0
606,biased,0.09,0110,IIIXI,IIYII,IIYXI,1000,-1,0
607,biased,0.09,0111,IIIIY,IXIII,IXIIY,1111,-1,0
608,biased,0.09,0000,IIIII,IIIII,IIIII,0000,1,1
609,biased,0.09,0000,IIIII,IIIII,IIIII,0000,1,1
610,biased,0.09,0000,IIIII,IIIII,IIIII,0000,1,1
611,biased,0.09,1001,IIIZI,YIIII,YIIZI,0010,-1,0
612,biased,0.09,0111,IZZII,IXIII,IYZII,1111,-1,0
613,biased,0.09,0000,IIIII,IIIII,IIIII,0000,1,1
614,biased,0.09,0000,IIIII,IIIII,IIIII,0000,1,1
615,biased,0.09,0000,IIIII,IIIII,IIIII,0000,1,1
616,biased,0.09,0100,IIIIZ,IZIII,IZIIZ,0001,-1,0
617,biased,0.09,0000,IIIII,IIIII,IIIII,0000,1,1
618,biased,0.09,1101,IYIII,IZIII,IXIII,1000,-1,0
619,biased,0.09,1101,IYIII,IZIII,IXIII,1000,-1,0
620,biased,0.09,0000,IIIII,IIIII,IIIII,0000,1,1
621,biased,0.09,1010,ZIIII,ZIIII,IIIII,0000,1,1
622,biased,0.09,1100,IIXII,IIIYI,IIXYI,0011,-1,0
623,biased,0.09,0000,IIIII,IIIII,IIIII,0000,1,1
624,biased,0.09,1100,IIXII,IIIYI,IIXYI,0011,-1,0
625,biased,0.09,0000,IIIII,IIIII,IIIII,0000,1,1
626,biased,0.09,1110,IIYII,IYIII,IYYII,0011,-1,0
627,biased,0.09,0000,IIIII,IIIII,IIIII,0000,1,1
628,biased,0.09,0011,IIIIX,IIIIX,IIIII,0000,1,1
629,biased,0.09,0000,IIIII,IIIII,IIIII,0000,1,1
630,biased,0.09,0000,IIIII,IIIII,IIIII,0000,1,1
631,biased,0.09,0000,IIIII,IIIII,IIIII,0000,1,1
632,biased,0.09,0111,XIIXI,IXIII,XXIXI,1111,-1,0
633,biased,0.09,0000,IIIII,IIIII,IIIII,0000,1,1
634,biased,0.09,0110,IIIXI,IIYII,IIYXI,1000,-1,0
635,biased,0.09,0000,IIIII,IIIII,IIIII,0000,1,1
636,biased,0.09,0000,IIIII,IIIII,IIIII,0000,1,1
637,biased,0.09,0000,IIIII,IIIII,IIIII,0000,1,1
638,biased,0.09,0000,IIIII,IIIII,IIIII,0000,1,1
639,biased,0.09,1001,IIIZI,YIIII,YIIZI,0010,-1,0
640,biased,0.09,0000,IIIII,IIIII,IIIII,0000,1,1
641,biased,0.09,0000,IIIII,IIIII,IIIII,0000,1,1
642,biased,0.09,1100,IIXII,IIIYI,IIXYI,0011,-1,0
643,biased,0.09,0000,IIIII,IIIII,IIIII,0000,1,1
644,biased,0.09,0000,IIIII,IIIII,IIIII,0000,1,1
645,biased,0.09,0100,IIIIZ,IZIII,IZIIZ,0001,-1,0
646,biased,0.09,0111,IIIIY,IXIII,IXIIY,1111,-1,0
647,biased,0.09,1110,IIYII,IYIII,IYYII,0011,-1,0
648,biased,0.09,0101,IZIII,ZIIII,ZZIII,1111,-1,0
649,biased,0.09,1001,IIIZI,YIIII,YIIZI,0010,-1,0
650,biased,0.09,1111,XIYII,IZIII,XZYII,1010,-1,0
651,biased,0.09,0000,IIIII,IIIII,IIIII,0000,1,1
652,biased,0.09,0110,IIIXI,IIYII,IIYXI,1000,-1,0
653,biased,0.09,0000,IIIII,IIIII,IIIII,0000,1,1
654,biased,0.09,0000,IIIII,IIIII,IIIII,0000,1,1
655,biased,0.09,0000,IIIII,IIIII,IIIII,0000,1,1
656,biased,0.09,0000,IIIII,IIIII,IIIII,0000,1,1
657,biased,0.09,1110,IIYII,IYIII,IYYII,0011,-1,0
658,biased,0.09,1101,IYIII,IZIII,IXIII,1000,-1,0
659,biased,0.09,0000,IIIII,IIIII,IIIII,0000,1,1
660,biased,0.09,0000,IIIII,IIIII,IIIII,0000,1,1
661,biased,0.09,0000,IIIII,IIIII,IIIII,0000,1,1
662,biased,0.09,0110,YYIII,IIYII,YYYII,1000,-1,0
663,biased,0.09,0000,IIIII,IIIII,IIIII,0000,1,1
664,biased,0.09,0000,IIIII,IIIII,IIIII,0000,1,1
665,biased,0.09,0000,IIIII,IIIII,IIIII,0000,1,1
666,biased,0.09,0000,IIIII,IIIII,IIIII,0000,1,1
667,biased,0.09,0000,IIIII,IIIII,IIIII,0000,1,1
668,biased,0.09,0011,IZIXI,IIIIX,IZIXX,0000,-1,0
669,biased,0.09,0000,IIIII,IIIII,IIIII,0000,1,1
670,biased,0.09,0000,IIIII,IIIII,IIIII,0000,1,1
671,biased,0.09,0000,IIIII,IIIII,IIIII,0000,1,1
672,biased,0.09,1110,ZIIIZ,IYIII,ZYIIZ,0011,-1,0
673,biased,0.09,1110,IIYII,IYIII,IYYII,0011,-1,0
674,biased,0.09,1010,ZIIII,ZIIII,IIIII,0000,1,1
675,biased,0.09,0010,IIZII,IXIII,IXZII,1010,-1,0
676,biased,0.09,1010,ZIIII,ZIIII,IIIII,0000,1,1
677,biased,0.09,0101,IZIII,ZIIII,ZZIII,1111,-1,0
678,biased,0.09,0000,IIIII,IIIII,IIIII,0000,1,1
679,biased,0.09,0000,IIIII,IIIII,IIIII,0000,1,1
680,biased,0.09,1000,IXIII,IXIII,IIIII,0000,1,1
681,biased,0.09,0000,IIIII,IIIII,IIIII,0000,1,1
682,biased,0.09,0000,IIIII,IIIII,IIIII,0000,1,1
683,biased,0.09,1010,ZIIII,ZIIII,IIIII,0000,1,1
684,biased,0.09,1010,ZIIII,ZIIII,IIIII,0000,1,1
685,biased,0.09,0000,IIIII,IIIII,IIIII,0000,1,1
686,biased,0.09,0000,IIIII,IIIII,IIIII,0000,1,1
687,biased,0.09,0000,IIIII,IIIII,IIIII,0000,1,1
688,biased,0.09,1101,IYIII,IZIII,IXIII,1000,-1,0
689,biased,0.09,0011,IIIIX,IIIIX,IIIII,0000,1,1
690,biased,0.09,0000,IIIII,IIIII,IIIII,0000,1,1
691,biased,0.09,0000,IIIII,IIIII,IIIII,0000,1,1
692,biased,0.09,0001,XIIII,XIIII,IIIII,0000,1,1
693,biased,0.09,1010,IZIYI,ZIIII,ZZIYI,0000,-1,0
694,biased,0.09,0011,IIIIX,IIIIX,IIIII,0000,1,1
695,biased,0.09,0000,IIIII,IIIII,IIIII,0000,1,1
696,biased,0.09,0010,IIZII,IXIII,IXZII,1010,-1,0
697,biased,0.09,0000,IIIII,IIIII,IIIII,0000,1,1
698,biased,0.09,0001,XIIII,XIIII,IIIII,0000,1,1
699,biased,0.09,0000,IIIII,IIIII,IIIII,0000,1,1
700,biased,0.09,0101,IIXZI,ZIIII,ZIXZI,1111,-1,0
701,biased,0.09,0000,IIIII,IIIII,IIIII,0000,1,1
702,biased,0.09,0000,IIIII,IIIII,IIIII,0000,1,1
703,biased,0.09,1011,YIIII,XIIII,ZIIII,1010,-1,0
704,biased,0.09,0010,IIYYX,IXIII,IXYYX,1010,-1,0
705,biased,0.09,0000,IIIII,IIIII,IIIII,0000,1,1
706,biased,0.09,1110,IIYII,IYIII,IYYII,0011,-1,0
707,biased,0.09,0000,IIIII,IIIII,IIIII,0000,1,1
708,biased,0.09,0000,IIIII,IIIII,IIIII,0000,1,1
709,biased,0.09,0000,IIIII,IIIII,IIIII,0000,1,1
710,biased,0.09,1100,IIXII,IIIYI,IIXYI,0011,-1,0
711,biased,0.09,0000,IIIII,IIIII,IIIII,0000,1,1
712,biased,0.09,0000,IIIII,IIIII,IIIII,0000,1,1
713,biased,0.09,0000,IIIII,IIIII,IIIII,0000,1,1
714,biased,0.09,0000,IIIII,IIIII,IIIII,0000,1,1
715,biased,0.09,0000,IIIII,IIIII,IIIII,0000,1,1
716,biased,0.09,1010,ZIIII,ZIIII,IIIII,0000,1,1
717,biased,0.09,0101,IZIII,ZIIII,ZZIII,1111,-1,0
718,biased,0.09,0000,IIIII,IIIII,IIIII,0000,1,1
719,biased,0.09,0100,IIIIZ,IZIII,IZIIZ,0001,-1,0
720,biased,0.09,0000,IIIII,IIIII,IIIII,0000,1,1
721,biased,0.09,0000,IIIII,IIIII,IIIII,0000,1,1
722,biased,0.09,1001,IIIZI,YIIII,YIIZI,0010,-1,0
723,biased,0.09,1011,YIIII,XIIII,ZIIII,1010,-1,0
724,biased,0.09,0000,IIIII,IIIII,IIIII,0000,1,1
725,biased,0.09,0001,XIIII,XIIII,IIIII,0000,1,1
726,biased,0.09,0000,IIIII,IIIII,IIIII,0000,1,1
727,biased,0.09,0000,IIIII,IIIII,IIIII,0000,1,1
728,biased,0.09,0000,IIIII,IIIII,IIIII,0000,1,1
729,biased,0.09,0000,IIIII,IIIII,IIIII,0000,1,1
730,biased,0.09,0000,IIIII,IIIII,IIIII,0000,1,1
731,biased,0.09,0000,IIIII,IIIII,IIIII,0000,1,1
732,biased,0.09,0000,IIIII,IIIII,IIIII,0000,1,1
733,biased,0.09,1111,IIIYI,IZIII,IZIYI,1010,-1,0
734,biased,0.09,0111,IIIIY,IXIII,IXIIY,1111,-1,0
735,biased,0.09,0000,IIIII,IIIII,IIIII,0000,1,1
736,biased,0.09,0000,IIIII,IIIII,IIIII,0000,1,1
737,biased,0.09,0000,IIIII,IIIII,IIIII,0000,1,1
738,biased,0.09,0000,IIIII,IIIII,IIIII,0000,1,1
739,biased,0.09,0000,IIIII,IIIII,IIIII,0000,1,1
740,biased,0.09,0000,IIIII,IIIII,IIIII,0000,1,1
741,biased,0.09,0000,IIIII,IIIII,IIIII,0000,1,1
742,biased,0.09,0110,IZIIX,IIYII,IZYIX,1000,-1,0
743,biased,0.09,0110,IIIXI,IIYII,IIYXI,1000,-1,0
744,biased,0.09,0000,IIIII,IIIII,IIIII,0000,1,1
745,biased,0.09,0000,IIIII,IIIII,IIIII,0000,1,1
746,biased,0.09,1011,IYIXI,XIIII,XYIXI,1010,-1,0
747,biased,0.09,0101,IZIII,ZIIII,ZZIII,1111,-1,0
748,biased,0.09,0110,IIIXI,IIYII,IIYXI,1000,-1,0
749,biased,0.09,0101,IZIII,ZIIII,ZZIII,1111,-1,0
750,biased,0.09,0000,IIIII,IIIII,IIIII,0000,1,1
751,biased,0.09,0000,IIIII,IIIII,IIIII,0000,1,1
752,biased,0.09,0000,IIIII,IIIII,IIIII,0000,1,1
753,biased,0.09,0000,IIIII,IIIII,IIIII,0000,1,1
754,biased,0.09,0000,IIIII,IIIII,IIIII,0000,1,1
755,biased,0.09,0000,IIIII,IIIII,IIIII,0000,1,1
756,biased,0.09,0110,IIIXI,IIYII,IIYXI,1000,-1,0
757,biased,0.09,0000,IIIII,IIIII,IIIII,0000,1,1
758,biased,0.09,1010,ZIIII,ZIIII,IIIII,0000,1,1
759,biased,0.09,0001,IIIXY,XIIII,XIIXY,0000,-1,0
760,biased,0.09,1101,IYIII,IZIII,IXIII,1000,-1,0
761,biased,0.09,1110,IIYII,IYIII,IYYII,0011,-1,0
762,biased,0.09,0000,IIIII,IIIII,IIIII,0000,1,1
763,biased,0.09,0000,IIIII,IIIII,IIIII,0000,1,1
764,biased,0.09,0000,IIIII,IIIII,IIIII,0000,1,1
765,biased,0.09,0000,IIIII,IIIII,IIIII,0000,1,1
766,biased,0.09,0110,IIIXI,IIYII,IIYXI,1000,-1,0
767,biased,0.09,0000,IIIII,IIIII,IIIII,0000,1,1
768,biased,0.09,0000,IIIII,IIIII,IIIII,0000,1,1
769,biased,0.09,0000,IIIII,IIIII,IIIII,0000,1,1
770,biased,0.09,0000,IIIII,IIIII,IIIII,0000,1,1
771,biased,0.09,0000,IIIII,IIIII,IIIII,0000,1,1
772,biased,0.09,0000,IIIII,IIIII,IIIII,0000,1,1
773,biased,0.09,0000,IIIII,IIIII,IIIII,0000,1,1
774,biased,0.09,0000,IIIII,IIIII,IIIII,0000,1,1
775,biased,0.09,1001,IIIZI,YIIII,YIIZI,0010,-1,0
776,biased,0.09,0000,IIIII,IIIII,IIIII,0000,1,1
777,biased,0.09,0000,IIIII,IIIII,IIIII,0000,1,1
778,biased,0.09,0011,IIIIX,IIIIX,IIIII,0000,1,1
779,biased,0.09,0000,IIIII,IIIII,IIIII,0000,1,1
780,biased,0.09,0000,IIIII,IIIII,IIIII,0000,1,1
781,biased,0.09,0100,IIIIZ,IZIII,IZIIZ,0001,-1,0
782,biased,0.09,1110,IIYII,IYIII,IYYII,0011,-1,0
783,biased,0.09,1101,IYIII,IZIII,IXIII,1000,-1,0
784,biased,0.09,0000,IIIII,IIIII,IIIII,0000,1,1
785,biased,0.09,1110,IXIXI,IYIII,IZIXI,0011,-1,0
786,biased,0.09,0000,IIIII,IIIII,IIIII,0000,1,1
787,biased,0.09,0000,IIIII,IIIII,IIIII,0000,1,1
788,biased,0.09,0000,IIIII,IIIII,IIIII,0000,1,1
789,biased,0.09,0000,IIIII,IIIII,IIIII,0000,1,1
790,biased,0.09,0000,IIIII,IIIII,IIIII,0000,1,1
791,biased,0.09,0000,IIIII,IIIII,IIIII,0000,1,1
792,biased,0.09,0001,XIIII,XIIII,IIIII,0000,1,1
793,biased,0.09,0001,XIIII,XIIII,IIIII,0000,1,1
794,biased,0.09,0000,IIIII,IIIII,IIIII,0000,1,1
795,biased,0.09,0000,IIIII,IIIII,IIIII,0000,1,1
796,biased,0.09,0000,IIIII,IIIII,IIIII,0000,1,1
797,biased,0.09,0110,IIIXI,IIYII,IIYXI,1000,-1,0
798,biased,0.09,0000,IIIII,IIIII,IIIII,0000,1,1
799,biased,0.09,1111,IIIYI,IZIII,IZIYI,1010,-1,0
800,biased,0.09,0000,IIIII,IIIII,IIIII,0000,1,1
801,biased,0.09,0000,IIIII,IIIII,IIIII,0000,1,1
802,biased,0.09,0110,IIIXI,IIYII,IIYXI,1000,-1,0
803,biased,0.09,0001,XIIII,XIIII,IIIII,0000,1,1
804,biased,0.09,0000,IIIII,IIIII,IIIII,0000,1,1
805,biased,0.09,0000,IIIII,IIIII,IIIII,0000,1,1
806,biased,0.09,1111,IIIYI,IZIII,IZIYI,1010,-1,0
807,biased,0.09,0000,IIIII,IIIII,IIIII,0000,1,1
808,biased,0.09,0000,IIIII,IIIII,IIIII,0000,1,1
809,biased,0.09,0000,IIIII,IIIII,IIIII,0000,1,1
810,biased,0.09,0110,IIIXI,IIYII,IIYXI,1000,-1,0
811,biased,0.09,0000,IIIII,IIIII,IIIII,0000,1,1
812,biased,0.09,1011,YIIII,XIIII,ZIIII,1010,-1,0
813,biased,0.09,0000,IIIII,IIIII,IIIII,0000,1,1
814,biased,0.09,0000,IIIII,IIIII,IIIII,0000,1,1
815,biased,0.09,1001,IIIZI,YIIII,YIIZI,0010,-1,0
816,biased,0.09,0000,IIIII,IIIII,IIIII,0000,1,1
817,biased,0.09,0000,IIIII,IIIII,IIIII,0000,1,1
818,biased,0.09,1000,IXIII,IXIII,IIIII,0000,1,1
819,biased,0.09,0000,IIIII,IIIII,IIIII,0000,1,1
820,biased,0.09,0000,IIIII,IIIII,IIIII,0000,1,1
821,biased,0.09,0000,IIIII,IIIII,IIIII,0000,1,1
822,biased,0.09,0101,IZIII,ZIIII,ZZIII,1111,-1,0
823,biased,0.09,0011,IZIXI,IIIIX,IZIXX,0000,-1,0
824,biased,0.09,0000,IIIII,IIIII,IIIII,0000,1,1
825,biased,0.09,0000,IIIII,IIIII,IIIII,0000,1,1
826,biased,0.09,0000,IIIII,IIIII,IIIII,0000,1,1
827,biased,0.09,0000,IIIII,IIIII,IIIII,0000,1,1
828,biased,0.09,0000,IIIII,IIIII,IIIII,0000,1,1
829,biased,0.09,0000,IIIII,IIIII,IIIII,0000,1,1
830,biased,0.09,0000,IIIII,IIIII,IIIII,0000,1,1
831,biased,0.09,0110,IIIXI,IIYII,IIYXI,1000,-1,0
832,biased,0.09,1110,IIYII,IYIII,IYYII,0011,-1,0
833,biased,0.09,1111,IIIYI,IZIII,IZIYI,1010,-1,0
834,biased,0.09,0000,IIIII,IIIII,IIIII,0000,1,1
835,biased,0.09,0000,IIIII,IIIII,IIIII,0000,1,1
836,biased,0.09,0000,IIIII,IIIII,IIIII,0000,1,1
837,biased,0.09,1001,IIIZI,YIIII,YIIZI,0010,-1,0
838,biased,0.09,0000,IIIII,IIIII,IIIII,0000,1,1
839,biased,0.09,0000,IIIII,IIIII,IIIII,0000,1,1
840,biased,0.09,1001,IIIZI,YIIII,YIIZI,0010,-1,0
841,biased,0.09,0000,IIIII,IIIII,IIIII,0000,1,1
842,biased,0.09,1100,XYIII,IIIYI,XYIYI,0011,-1,0
843,biased,0.09,0000,IIIII,IIIII,IIIII,0000,1,1
844,biased,0.09,1011,YIIII,XIIII,ZIIII,1010,-1,0
845,biased,0.09,0000,IIIII,IIIII,IIIII,0000,1,1
846,biased,0.09,0000,IIIII,IIIII,IIIII,0000,1,1
847,biased,0.09,0000,IIIII,IIIII,IIIII,0000,1,1
848,biased,0.09,1110,XIIYI,IYIII,XYIYI,0011,-1,0
849,biased,0.09,0000,IIIII,IIIII,IIIII,0000,1,1
850,biased,0.09,1001,IIIZI,YIIII,YIIZI,0010,-1,0
851,biased,0.09,0010,YYIIZ,IXIII,YZIIZ,1010,-1,0
852,biased,0.09,0110,IIIXI,IIYII,IIYXI,1000,-1,0
853,biased,0.09,0000,IIIII,IIIII,IIIII,0000,1,1
854,biased,0.09,0100,IIIIZ,IZIII,IZIIZ,0001,-1,0
855,biased,0.09,0000,IIIII,IIIII,IIIII,0000,1,1
856,biased,0.09,0000,IIIII,IIIII,IIIII,0000,1,1
857,biased,0.09,0000,IIIII,IIIII,IIIII,0000,1,1
858,biased,0.09,0000,IIIII,IIIII,IIIII,0000,1,1
859,biased,0.09,0000,IIIII,IIIII,IIIII,0000,1,1
860,biased,0.09,1000,IXIII,IXIII,IIIII,0000,1,1
861,biased,0.09,0000,IIIII,IIIII,IIIII,0000,1,1
862,biased,0.09,1100,IIXII,IIIYI,IIXYI,0011,-1,0
863,biased,0.09,1010,IIYIZ,ZIIII,ZIYIZ,0000,-1,0
864,biased,0.09,0000,IIIII,IIIII,IIIII,0000,1,1
865,biased,0.09,0000,IIIII,IIIII,IIIII,0000,1,1
866,biased,0.09,0000,IIIII,IIIII,IIIII,0000,1,1
867,biased,0.09,0000,IIIII,IIIII,IIIII,0000,1,1
868,biased,0.09,0000,IIIII,IIIII,IIIII,0000,1,1
869,biased,0.09,1101,IYIII,IZIII,IXIII,1000,-1,0
870,biased,0.09,0000,IIIII,IIIII,IIIII,0000,1,1
871,biased,0.09,0000,IIIII,IIIII,IIIII,0000,1,1
872,biased,0.09,0000,IIIII,IIIII,IIIII,0000,1,1
873,biased,0.09,0000,IIIII,IIIII,IIIII,0000,1,1
874,biased,0.09,0000,IIIII,IIIII,IIIII,0000,1,1
875,biased,0.09,0000,IIIII,IIIII,IIIII,0000,1,1
876,biased,0.09,0000,IIIII,IIIII,IIIII,0000,1,1
877,biased,0.09,0000,IIIII,IIIII,IIIII,0000,1,1
878,biased,0.09,0000,IIIII,IIIII,IIIII,0000,1,1
879,biased,0.09,0111,IIIIY,IXIII,IXIIY,1111,-1,0
880,biased,0.09,0000,IIIII,IIIII,IIIII,0000,1,1
881,biased,0.09,0000,IIIII,IIIII,IIIII,0000,1,1
882,biased,0.09,1110,IIYII,IYIII,IYYII,0011,-1,0
883,biased,0.09,0000,IIIII,IIIII,IIIII,0000,1,1
884,biased,0.09,1011,YIIII,XIIII,ZIIII,1010,-1,0
885,biased,0.09,0000,IIIII,IIIII,IIIII,0000,1,1
886,biased,0.09,1101,IYIII,IZIII,IXIII,1000,-1,0
887,biased,0.09,1010,ZIIII,ZIIII,IIIII,0000,1,1
888,biased,0.09,0000,IIIII,IIIII,IIIII,0000,1,1
889,biased,0.09,0000,IIIII,IIIII,IIIII,0000,1,1
890,biased,0.09,0000,IIIII,IIIII,IIIII,0000,1,1
891,biased,0.09,0000,IIIII,IIIII,IIIII,0000,1,1
892,biased,0.09,0000,IIIII,IIIII,IIIII,0000,1,1
893,biased,0.09,0111,IIIIY,IXIII,IXIIY,1111,-1,0
894,biased,0.09,0000,IIIII,IIIII,IIIII,0000,1,1
895,biased,0.09,0101,IIZIY,ZIIII,ZIZIY,1111,-1,0
896,biased,0.09,0000,IIIII,IIIII,IIIII,0000,1,1
897,biased,0.09,1101,XIXII,IZIII,XZXII,1000,-1,0
898,biased,0.09,0000,IIIII,IIIII,IIIII,0000,1,1
899,biased,0.09,0011,IIIIX,IIIIX,IIIII,0000,1,1
900,biased,0.09,1100,ZZIIX,IIIYI,ZZIYX,0011,-1,0
901,biased,0.09,0000,IIIII,IIIII,IIIII,0000,1,1
902,biased,0.09,0000,IIIII,IIIII,IIIII,0000,1,1
903,biased,0.09,0000,IIIII,IIIII,IIIII,0000,1,1
904,biased,0.09,0000,IIIII,IIIII,IIIII,0000,1,1
905,biased,0.09,0000,IIIII,IIIII,IIIII,0000,1,1
906,biased,0.09,0111,IIIIY,IXIII,IXIIY,1111,-1,0
907,biased,0.09,0000,IIIII,IIIII,IIIII,0000,1,1
908,biased,0.09,0111,ZYIII,IXIII,ZZIII,1111,-1,0
909,biased,0.09,0000,IIIII,IIIII,IIIII,0000,1,1
910,biased,0.09,0110,IIIXI,IIYII,IIYXI,1000,-1,0
911,biased,0.09,0000,IIIII,IIIII,IIIII,0000,1,1
912,biased,0.09,0000,IIIII,IIIII,IIIII,0000,1,1
913,biased,0.09,0000,IIIII,IIIII,IIIII,0000,1,1
914,biased,0.09,1101,IYIII,IZIII,IXIII,1000,-1,0
915,biased,0.09,0000,IIIII,IIIII,IIIII,0000,1,1
916,biased,0.09,0000,IIIII,IIIII,IIIII,0000,1,1
917,biased,0.09,0000,IIIII,IIIII,IIIII,0000,1,1
918,biased,0.09,0000,IIIII,IIIII,IIIII,0000,1,1
919,biased,0.09,0001,XIIII,XIIII,IIIII,0000,1,1
920,biased,0.09,0000,IIIII,IIIII,IIIII,0000,1,1
921,biased,0.09,0010,IIIXZ,IXIII,IXIXZ,1010,-1,0
922,biased,0.09,0000,IIIII,IIIII,IIIII,0000,1,1
923,biased,0.09,0000,IIIII,IIIII,IIIII,0000,1,1
924,biased,0.09,0000,IIIII,IIIII,IIIII,0000,1,1
925,biased,0.09,0000,IIIII,IIIII,IIIII,0000,1,1
926,biased,0.09,0100,IIIIZ,IZIII,IZIIZ,0001,-1,0
927,biased,0.09,0000,IIIII,IIIII,IIIII,0000,1,1
928,biased,0.09,0000,IIIII,IIIII,IIIII,0000,1,1
929,biased,0.09,0000,IIIII,IIIII,IIIII,0000,1,1
930,biased,0.09,0001,IIZIX,XIIII,XIZIX,0000,-1,0
931,biased,0.09,0000,IIIII,IIIII,IIIII,0000,1,1
932,biased,0.09,1101,IYIII,IZIII,IXIII,1000,-1,0
933,biased,0.09,0000,IIIII,IIIII,IIIII,0000,1,1
934,biased,0.09,0000,IIIII,IIIII,IIIII,0000,1,1
935,biased,0.09,1111,IIIYI,IZIII,IZIYI,1010,-1,0
936,biased,0.09,0000,IIIII,IIIII,IIIII,0000,1,1
937,biased,0.09,0000,IIIII,IIIII,IIIII,0000,1,1
938,biased,0.09,0000,IIIII,IIIII,IIIII,0000,1,1
939,biased,0.09,1001,IZXII,YIIII,YZXII,0010,-1,0
940,biased,0.09,1111,IIIYI,IZIII,IZIYI,1010,-1,0
941,biased,0.09,0000,IIIII,IIIII,IIIII,0000,1,1
942,biased,0.09,0000,IIIII,IIIII,IIIII,0000,1,1
943,biased,0.09,1111,IIIYI,IZIII,IZIYI,1010,-1,0
944,biased,0.09,0000,IIIII,IIIII,IIIII,0000,1,1
945,biased,0.09,0010,IIZII,IXIII,IXZII,1010,-1,0
946,biased,0.09,0000,IIIII,IIIII,IIIII,0000,1,1
947,biased,0.09,0000,IIIII,IIIII,IIIII,0000,1,1
948,biased,0.09,0000,IIIII,IIIII,IIIII,0000,1,1
949,biased,0.09,0000,IIIII,IIIII,IIIII,0000,1,1
950,biased,0.09,0000,IIIII,IIIII,IIIII,0000,1,1
951,biased,0.09,0000,IIIII,IIIII,IIIII,0000,1,1
952,biased,0.09,0111,IIIIY,IXIII,IXIIY,1111,-1,0
953,biased,0.09,0000,IIIII,IIIII,IIIII,0000,1,1
954,biased,0.09,0000,IIIII,IIIII,IIIII,0000,1,1
955,biased,0.09,1101,IYIII,IZIII,IXIII,1000,-1,0
956,biased,0.09,0000,IIIII,IIIII,IIIII,0000,1,1
957,biased,0.09,1001,IIIZI,YIIII,YIIZI,0010,-1,0
958,biased,0.09,0000,IIIII,IIIII,IIIII,0000,1,1
959,biased,0.09,1001,IIIZI,YIIII,YIIZI,0010,-1,0
960,biased,0.09,0000,IIIII,IIIII,IIIII,0000,1,1
961,biased,0.09,0000,IIIII,IIIII,IIIII,0000,1,1
962,biased,0.09,0000,IIIII,IIIII,IIIII,0000,1,1
963,biased,0.09,0000,IIIII,IIIII,IIIII,0000,1,1
964,biased,0.09,0010,IIZII,IXIII,IXZII,1010,-1,0
965,biased,0.09,0000,IIIII,IIIII,IIIII,0000,1,1
966,biased,0.09,0000,IIIII,IIIII,IIIII,0000,1,1
967,biased,0.09,0011,IIIIX,IIIIX,IIIII,0000,1,1
968,biased,0.09,0000,IIIII,IIIII,IIIII,0000,1,1
969,biased,0.09,0000,IIIII,IIIII,IIIII,0000,1,1
970,biased,0.09,0000,IIIII,IIIII,IIIII,0000,1,1
971,biased,0.09,0000,IIIII,IIIII,IIIII,0000,1,1
972,biased,0.09,0010,IIZII,IXIII,IXZII,1010,-1,0
973,biased,0.09,0000,IIIII,IIIII,IIIII,0000,1,1
974,biased,0.09,0000,IIIII,IIIII,IIIII,0000,1,1
975,biased,0.09,1101,IYIII,IZIII,IXIII,1000,-1,0
976,biased,0.09,0000,IIIII,IIIII,IIIII,0000,1,1
977,biased,0.09,0000,IIIII,IIIII,IIIII,0000,1,1
978,biased,0.09,0000,IIIII,IIIII,IIIII,0000,1,1
979,biased,0.09,0000,IIIII,IIIII,IIIII,0000,1,1
980,biased,0.09,0000,IIIII,IIIII,IIIII,0000,1,1
981,biased,0.09,0010,IIZII,IXIII,IXZII,1010,-1,0
982,biased,0.09,0000,IIIII,IIIII,IIIII,0000,1,1
983,biased,0.09,0100,IIIIZ,IZIII,IZIIZ,0001,-1,0
984,biased,0.09,0000,IIIII,IIIII,IIIII,0000,1,1
985,biased,0.09,0000,IIIII,IIIII,IIIII,0000,1,1
986,biased,0.09,0000,IIIII,IIIII,IIIII,0000,1,1
987,biased,0.09,0000,IIIII,IIIII,IIIII,0000,1,1
988,biased,0.09,0000,IIIII,IIIII,IIIII,0000,1,1
989,biased,0.09,0000,IIIII,IIIII,IIIII,0000,1,1
990,biased,0.09,0000,IIIII,IIIII,IIIII,0000,1,1
991,biased,0.09,0011,IIIIX,IIIIX,IIIII,0000,1,1
992,biased,0.09,0000,IIIII,IIIII,IIIII,0000,1,1
993,biased,0.09,0000,IIIII,IIIII,IIIII,0000,1,1
994,biased,0.09,1111,IIIYI,IZIII,IZIYI,1010,-1,0
995,biased,0.09,0000,IIIII,IIIII,IIIII,0000,1,1
996,biased,0.09,0000,IIIII,IIIII,IIIII,0000,1,1
997,biased,0.09,0000,IIIII,IIIII,IIIII,0000,1,1
998,biased,0.09,0000,IIIII,IIIII,IIIII,0000,1,1
999,biased,0.09,0111,IIIIY,IXIII,IXIIY,1111,-1,0
1000,biased,0.09,0010,IYIYI,IXIII,IZIYI,1010,-1,0
1001,biased,0.09,0000,IIIII,IIIII,IIIII,0000,1,1
1002,biased,0.09,0000,IIIII,IIIII,IIIII,0000,1,1
1003,biased,0.09,1011,YIIII,XIIII,ZIIII,1010,-1,0
1004,biased,0.09,0000,IIIII,IIIII,IIIII,0000,1,1
1005,biased,0.09,0000,IIIII,IIIII,IIIII,0000,1,1
1006,biased,0.09,0000,IIIII,IIIII,IIIII,0000,1,1
1007,biased,0.09,0000,IIIII,IIIII,IIIII,0000,1,1
1008,biased,0.09,0000,IIIII,IIIII,IIIII,0000,1,1
1009,biased,0.09,0000,IIIII,IIIII,IIIII,0000,1,1
1010,biased,0.09,0000,IIIII,IIIII,IIIII,0000,1,1
1011,biased,0.09,0110,IIIXI,IIYII,IIYXI,1000,-1,0
1012,biased,0.09,0000,IIIII,IIIII,IIIII,0000,1,1
1013,biased,0.09,0000,IIIII,IIIII,IIIII,0000,1,1
1014,biased,0.09,0000,IIIII,IIIII,IIIII,0000,1,1
1015,biased,0.09,1000,IXIII,IXIII,IIIII,0000,1,1
1016,biased,0.09,1111,IIIYI,IZIII,IZIYI,1010,-1,0
1017,biased,0.09,0000,IIIII,IIIII,IIIII,0000,1,1
1018,biased,0.09,0101,IZIII,ZIIII,ZZIII,1111,-1,0
1019,biased,0.09,0000,IIIII,IIIII,IIIII,0000,1,1
1020,biased,0.09,0000,IIIII,IIIII,IIIII,0000,1,1
1021,biased,0.09,1101,IYIII,IZIII,IXIII,1000,-1,0
1022,biased,0.09,1101,IYIII,IZIII,IXIII,1000,-1,0
1023,biased,0.09,0000,IIIII,IIIII,IIIII,0000,1,1
1024,biased,0.09,1110,IIYII,IYIII,IYYII,0011,-1,0
1025,biased,0.09,1011,YIIII,XIIII,ZIIII,1010,-1,0
1026,biased,0.09,0001,XIIII,XIIII,IIIII,0000,1,1
1027,biased,0.09,0100,IIIIZ,IZIII,IZIIZ,0001,-1,0
1028,biased,0.09,0010,IIIXZ,IXIII,IXIXZ,1010,-1,0
1029,biased,0.09,0000,IIIII,IIIII,IIIII,0000,1,1
1030,biased,0.09,1111,IIIYI,IZIII,IZIYI,1010,-1,0
1031,biased,0.09,0000,IIIII,IIIII,IIIII,0000,1,1
1032,biased,0.09,1000,IIIYY,IXIII,IXIYY,0000,-1,0
1033,biased,0.09,0000,IIIII,IIIII,IIIII,0000,1,1
1034,biased,0.09,0000,IIIII,IIIII,IIIII,0000,1,1
1035,biased,0.09,1001,IIIZI,YIIII,YIIZI,0010,-1,0
1036,biased,0.09,0000,IIIII,IIIII,IIIII,0000,1,1
1037,biased,0.09,0111,IIIIY,IXIII,IXIIY,1111,-1,0
1038,biased,0.09,0000,IIIII,IIIII,IIIII,0000,1,1
1039,biased,0.09,0000,IIIII,IIIII,IIIII,0000,1,1
1040,biased,0.09,0000,IIIII,IIIII,IIIII,0000,1,1
1041,biased,0.09,1000,IXIII,IXIII,IIIII,0000,1,1
1042,biased,0.09,0000,IIIII,IIIII,IIIII,0000,1,1
1043,biased,0.09,0000,IIIII,IIIII,IIIII,0000,1,1
1044,biased,0.09,1011,YIIII,XIIII,ZIIII,1010,-1,0
1045,biased,0.09,0000,IIIII,IIIII,IIIII,0000,1,1
1046,biased,0.09,1011,YIIII,XIIII,ZIIII,1010,-1,0
1047,biased,0.09,0100,IIIIZ,IZIII,IZIIZ,0001,-1,0
1048,biased,0.09,0000,IIIII,IIIII,IIIII,0000,1,1
1049,biased,0.09,0111,IIIIY,IXIII,IXIIY,1111,-1,0
1050,biased,0.09,0011,IIIIX,IIIIX,IIIII,0000,1,1
1051,biased,0.09,0000,IIIII,IIIII,IIIII,0000,1,1
1052,biased,0.09,0000,IIIII,IIIII,IIIII,0000,1,1
1053,biased,0.09,0000,IIIII,IIIII,IIIII,0000,1,1
1054,biased,0.09,0000,IIIII,IIIII,IIIII,0000,1,1
1055,biased,0.09,0011,IIIIX,IIIIX,IIIII,0000,1,1
1056,biased,0.09,0000,IIIII,IIIII,IIIII,0000,1,1
1057,biased,0.09,0101,IZIII,ZIIII,ZZIII,1111,-1,0
1058,biased,0.09,0000,IIIII,IIIII,IIIII,0000,1,1
1059,biased,0.09,1001,IIIZI,YIIII,YIIZI,0010,-1,0
1060,biased,0.09,0000,IIIII,IIIII,IIIII,0000,1,1
1061,biased,0.09,1001,IIIZI,YIIII,YIIZI,0010,-1,0
1062,biased,0.09,0100,IIZXI,IZIII,IZZXI,0001,-1,0
1063,biased,0.09,0000,IIIII,IIIII,IIIII,0000,1,1
1064,biased,0.09,0000,IIIII,IIIII,IIIII,0000,1,1
1065,biased,0.09,0000,IIIII,IIIII,IIIII,0000,1,1
1066,biased,0.09,0000,IIIII,IIIII,IIIII,0000,1,1
1067,biased,0.09,0000,IIIII,IIIII,IIIII,0000,1,1
1068,biased,0.09,0000,IIIII,IIIII,IIIII,0000,1,1
1069,biased,0.09,0100,IIIIZ,IZIII,IZIIZ,0001,-1,0
1070,biased,0.09,0000,IIIII,IIIII,IIIII,0000,1,1
1071,biased,0.09,0000,IIIII,IIIII,IIIII,0000,1,1
1072,biased,0.09,0000,IIIII,IIIII,IIIII,0000,1,1
1073,biased,0.09,0000,IIIII,IIIII,IIIII,0000,1,1
1074,biased,0.09,0000,IIIII,IIIII,IIIII,0000,1,1
1075,biased,0.09,0111,IIIIY,IXIII,IXIIY,1111,-1,0
1076,biased,0.09,0000,IIIII,IIIII,IIIII,0000,1,1
1077,biased,0.09,1010,ZIIII,ZIIII,IIIII,0000,1,1
1078,biased,0.09,0000,IIIII,IIIII,IIIII,0000,1,1
1079,biased,0.09,0000,IIIII,IIIII,IIIII,0000,1,1
1080,biased,0.09,0111,IIIIY,IXIII,IXIIY,1111,-1,0
1081,biased,0.09,0000,IIIII,IIIII,IIIII,0000,1,1
1082,biased,0.09,1110,ZIIIZ,IYIII,ZYIIZ,0011,-1,0
1083,biased,0.09,0000,IIIII,IIIII,IIIII,0000,1,1
1084,biased,0.09,0000,IIIII,IIIII,IIIII,0000,1,1
1085,biased,0.09,0000,IIIII,IIIII,IIIII,0000,1,1
1086,biased,0.09,1001,IIIZI,YIIII,YIIZI,0010,-1,0
1087,biased,0.09,0000,IIIII,IIIII,IIIII,0000,1,1
1088,biased,0.09,0000,IIIII,IIIII,IIIII,0000,1,1
1089,biased,0.09,1111,XIYII,IZIII,XZYII,1010,-1,0
1090,biased,0.09,0010,IIZII,IXIII,IXZII,1010,-1,0
1091,biased,0.09,1010,ZIIII,ZIIII,IIIII,0000,1,1
1092,biased,0.09,1101,XIXII,IZIII,XZXII,1000,-1,0
1093,biased,0.09,0000,IIIII,IIIII,IIIII,0000,1,1
1094,biased,0.09,0000,IIIII,IIIII,IIIII,0000,1,1
1095,biased,0.09,0000,IIIII,IIIII,IIIII,0000,1,1
1096,biased,0.09,0000,IIIII,IIIII,IIIII,0000,1,1
1097,biased,0.09,0000,IIIII,IIIII,IIIII,0000,1,1
1098,biased,0.09,0000,IIIII,IIIII,IIIII,0000,1,1
1099,biased,0.09,0110,IIZIZ,IIYII,IIXIZ,1000,-1,0
1100,biased,0.09,0000,IIIII,IIIII,IIIII,0000,1,1
1101,biased,0.09,0000,IIIII,IIIII,IIIII,0000,1,1
1102,biased,0.09,0000,IIIII,IIIII,IIIII,0000,1,1
1103,biased,0.09,0000,IIIII,IIIII,IIIII,0000,1,1
1104,biased,0.09,0000,IIIII,IIIII,IIIII,0000,1,1
1105,biased,0.09,1010,ZIIII,ZIIII,IIIII,0000,1,1
1106,biased,0.09,0000,IIIII,IIIII,IIIII,0000,1,1
1107,biased,0.09,0000,IIIII,IIIII,IIIII,0000,1,1
1108,biased,0.09,0000,IIIII,IIIII,IIIII,0000,1,1
1109,biased,0.09,0001,XIIII,XIIII,IIIII,0000,1,1
1110,biased,0.09,0000,IIIII,IIIII,IIIII,0000,1,1
1111,biased,0.09,0000,IIIII,IIIII,IIIII,0000,1,1
1112,biased,0.09,0000,IIIII,IIIII,IIIII,0000,1,1
1113,biased,0.09,0000,IIIII,IIIII,IIIII,0000,1,1
1114,biased,0.09,1101,IYIII,IZIII,IXIII,1000,-1,0
1115,biased,0.09,0000,IIIII,IIIII,IIIII,0000,1,1
1116,biased,0.09,0000,IIIII,IIIII,IIIII,0000,1,1
1117,biased,0.09,0000,IIIII,IIIII,IIIII,0000,1,1
1118,biased,0.09,0010,IZIIY,IXIII,IYIIY,1010,-1,0
1119,biased,0.09,1001,IIIZI,YIIII,YIIZI,0010,-1,0
1120,biased,0.09,0111,XIIXI,IXIII,XXIXI,1111,-1,0
1121,biased,0.09,0000,IIIII,IIIII,IIIII,0000,1,1
1122,biased,0.09,0000,IIIII,IIIII,IIIII,0000,1,1
1123,biased,0.09,0110,IIIXI,IIYII,IIYXI,1000,-1,0
1124,biased,0.09,0111,IIYZI,IXIII,IXYZI,1111,-1,0
1125,biased,0.09,0001,XIIII,XIIII,IIIII,0000,1,1
1126,biased,0.09,0111,IIIIY,IXIII,IXIIY,1111,-1,0
1127,biased,0.09,0000,IIIII,IIIII,IIIII,0000,1,1
1128,biased,0.09,0000,IIIII,IIIII,IIIII,0000,1,1
1129,biased,0.09,0000,IIIII,IIIII,IIIII,0000,1,1
1130,biased,0.09,0000,IIIII,IIIII,IIIII,0000,1,1
1131,biased,0.09,0110,IIIXI,IIYII,IIYXI,1000,-1,0
1132,biased,0.09,0010,IYIYI,IXIII,IZIYI,1010,-1,0
1133,biased,0.09,0000,IIIII,IIIII,IIIII,0000,1,1
1134,biased,0.09,0001,XIIII,XIIII,IIIII,0000,1,1
1135,biased,0.09,0111,ZYIII,IXIII,ZZIII,1111,-1,0
1136,biased,0.09,0000,IIIII,IIIII,IIIII,0000,1,1
1137,biased,0.09,0000,IIIII,IIIII,IIIII,0000,1,1
1138,biased,0.09,0000,IIIII,IIIII,IIIII,0000,1,1
1139,biased,0.09,0000,IXXIZ,IIIII,IXXIZ,0000,-1,0
1140,biased,0.09,0000,IIIII,IIIII,IIIII,0000,1,1
1141,biased,0.09,0000,IIIII,IIIII,IIIII,0000,1,1
1142,biased,0.09,0000,IIIII,IIIII,IIIII,0000,1,1
1143,biased,0.09,0000,IIIII,IIIII,IIIII,0000,1,1
1144,biased,0.09,0110,IIIXI,IIYII,IIYXI,1000,-1,0
1145,biased,0.09,0000,IIIII,IIIII,IIIII,0000,1,1
1146,biased,0.09,0000,IIIII,IIIII,IIIII,0000,1,1
1147,biased,0.09,0000,IIIII,IIIII,IIIII,0000,1,1
1148,biased,0.09,0000,IIIII,IIIII,IIIII,0000,1,1
1149,biased,0.09,0000,IIIII,IIIII,IIIII,0000,1,1
1150,biased,0.09,0000,IIIII,IIIII,IIIII,0000,1,1
1151,biased,0.09,0000,IIIII,IIIII,IIIII,0000,1,1
1152,biased,0.09,0011,IIIIX,IIIIX,IIIII,0000,1,1
1153,biased,0.09,0000,IIIII,IIIII,IIIII,0000,1,1
1154,biased,0.09,1101,YIIXI,IZIII,YZIXI,1000,-1,0
1155,biased,0.09,1011,YIIII,XIIII,ZIIII,1010,-1,0
1156,biased,0.09,0111,IIIIY,IXIII,IXIIY,1111,-1,0
1157,biased,0.09,1011,YIIII,XIIII,ZIIII,1010,-1,0
1158,biased,0.09,0000,IIIII,IIIII,IIIII,0000,1,1
1159,biased,0.09,1110,IIYII,IYIII,IYYII,0011,-1,0
1160,biased,0.09,0000,IIIII,IIIII,IIIII,0000,1,1
1161,biased,0.09,0000,IIIII,IIIII,IIIII,0000,1,1
1162,biased,0.09,0000,IIIII,IIIII,IIIII,0000,1,1
1163,biased,0.09,0000,IIIII,IIIII,IIIII,0000,1,1
1164,biased,0.09,1111,IYZII,IZIII,IXZII,1010,-1,0
1165,biased,0.09,0000,IIIII,IIIII,IIIII,0000,1,1
1166,biased,0.09,0000,IIIII,IIIII,IIIII,0000,1,1
1167,biased,0.09,0000,IIIII,IIIII,IIIII,0000,1,1
1168,biased,0.09,0000,IIIII,IIIII,IIIII,0000,1,1
1169,biased,0.09,0000,IIIII,IIIII,IIIII,0000,1,1
1170,biased,0.09,0000,IIIII,IIIII,IIIII,0000,1,1
1171,biased,0.09,1001,IIIZI,YIIII,YIIZI,0010,-1,0
1172,biased,0.09,0000,IIIII,IIIII,IIIII,0000,1,1
1173,biased,0.09,0000,IIIII,IIIII,IIIII,0000,1,1
1174,biased,0.09,1001,IIIZI,YIIII,YIIZI,0010,-1,0
1175,biased,0.09,0000,IIIII,IIIII,IIIII,0000,1,1
1176,biased,0.09,0000,IIIII,IIIII,IIIII,0000,1,1
1177,biased,0.09,0000,IIIII,IIIII,IIIII,0000,1,1
1178,biased,0.09,0000,IIIII,IIIII,IIIII,0000,1,1
1179,biased,0.09,0000,IIIII,IIIII,IIIII,0000,1,1
1180,biased,0.09,0110,IIIXI,IIYII,IIYXI,1000,-1,0
1181,biased,0.09,0000,IIIII,IIIII,IIIII,0000,1,1
1182,biased,0.09,0000,IIIII,IIIII,IIIII,0000,1,1
1183,biased,0.09,0000,IIIII,IIIII,IIIII,0000,1,1
1184,biased,0.09,0000,IIIII,IIIII,IIIII,0000,1,1
1185,biased,0.09,0000,IIIII,IIIII,IIIII,0000,1,1
1186,biased,0.09,0000,IIIII,IIIII,IIIII,0000,1,1
1187,biased,0.09,1001,IIIZI,YIIII,YIIZI,0010,-1,0
1188,biased,0.09,0000,IIIII,IIIII,IIIII,0000,1,1
1189,biased,0.09,0011,IIIIX,IIIIX,IIIII,0000,1,1
1190,biased,0.09,0000,IIIII,IIIII,IIIII,0000,1,1
1191,biased,0.09,0000,IIIII,IIIII,IIIII,0000,1,1
1192,biased,0.09,0000,IIIII,IIIII,IIIII,0000,1,1
1193,biased,0.09,0101,IZIII,ZIIII,ZZIII,1111,-1,0
1194,biased,0.09,1010,ZIIII,ZIIII,IIIII,0000,1,1
1195,biased,0.09,0001,XIIII,XIIII,IIIII,0000,1,1
1196,biased,0.09,0000,IIIII,IIIII,IIIII,0000,1,1
1197,biased,0.09,0000,IIIII,IIIII,IIIII,0000,1,1
1198,biased,0.09,0000,IIIII,IIIII,IIIII,0000,1,1
1199,biased,0.09,1101,IYIII,IZIII,IXIII,1000,-1,0
1200,biased,0.09,1001,IIIZI,YIIII,YIIZI,0010,-1,0
1201,biased,0.09,0000,IIIII,IIIII,IIIII,0000,1,1
1202,biased,0.09,0000,IIIII,IIIII,IIIII,0000,1,1
1203,biased,0.09,1100,IIXII,IIIYI,IIXYI,0011,-1,0
1204,biased,0.09,0000,IIIII,IIIII,IIIII,0000,1,1
1205,biased,0.09,0000,IIIII,IIIII,IIIII,0000,1,1
1206,biased,0.09,0000,IIIII,IIIII,IIIII,0000,1,1
1207,biased,0.09,0000,IIIII,IIIII,IIIII,0000,1,1
1208,biased,0.09,1000,IXIII,IXIII,IIIII,0000,1,1
1209,biased,0.09,0000,IIIII,IIIII,IIIII,0000,1,1
1210,biased,0.09,0000,IIIII,IIIII,IIIII,0000,1,1
1211,biased,0.09,0000,IIIII,IIIII,IIIII,0000,1,1
1212,biased,0.09,0000,IIIII,IIIII,IIIII,0000,1,1
1213,biased,0.09,1010,ZIIII,ZIIII,IIIII,0000,1,1
1214,biased,0.09,1100,IIXII,IIIYI,IIXYI,0011,-1,0
1215,biased,0.09,1000,IXIII,IXIII,IIIII,0000,1,1
1216,biased,0.09,0000,IIIII,IIIII,IIIII,0000,1,1
1217,biased,0.09,0000,IIIII,IIIII,IIIII,0000,1,1
1218,biased,0.09,0111,IYIZX,IXIII,IZIZX,1111,-1,0
1219,biased,0.09,0000,IIIII,IIIII,IIIII,0000,1,1
1220,biased,0.09,1110,IIYII,IYIII,IYYII,0011,-1,0
1221,biased,0.09,1101,IIYIX,IZIII,IZYIX,1000,-1,0
1222,biased,0.09,0000,IIIII,IIIII,IIIII,0000,1,1
1223,biased,0.09,0000,IIIII,IIIII,IIIII,0000,1,1
1224,biased,0.09,0000,IIIII,IIIII,IIIII,0000,1,1
1225,biased,0.09,0000,IIIII,IIIII,IIIII,0000,1,1
1226,biased,0.09,0110,IIIXI,IIYII,IIYXI,1000,-1,0
1227,biased,0.09,0000,IIIII,IIIII,IIIII,0000,1,1
1228,biased,0.09,1011,YIIII,XIIII,ZIIII,1010,-1,0
1229,biased,0.09,0101,XYIZI,ZIIII,YYIZI,1111,-1,0
1230,biased,0.09,0000,IIIII,IIIII,IIIII,0000,1,1
1231,biased,0.09,1001,IIIZI,YIIII,YIIZI,0010,-1,0
1232,biased,0.09,0111,IIIIY,IXIII,IXIIY,1111,-1,0
1233,biased,0.09,0000,IIIII,IIIII,IIIII,0000,1,1
1234,biased,0.09,0000,IIIII,IIIII,IIIII,0000,1,1
1235,biased,0.09,0000,IIIII,IIIII,IIIII,0000,1,1
1236,biased,0.09,0000,IIIII,IIIII,IIIII,0000,1,1
1237,biased,0.09,1110,IIYII,IYIII,IYYII,0011,-1,0
1238,biased,0.09,0000,IIIII,IIIII,IIIII,0000,1,1
1239,biased,0.09,0000,IIIII,IIIII,IIIII,0000,1,1
1240,biased,0.09,0000,IIIII,IIIII,IIIII,0000,1,1
1241,biased,0.09,0000,IIIII,IIIII,IIIII,0000,1,1
1242,biased,0.09,0000,IIIII,IIIII,IIIII,0000,1,1
1243,biased,0.09,0101,IZIII,ZIIII,ZZIII,1111,-1,0
1244,biased,0.09,0000,IIIII,IIIII,IIIII,0000,1,1
1245,biased,0.09,0000,IIIII,IIIII,IIIII,0000,1,1
1246,biased,0.09,0000,IIIII,IIIII,IIIII,0000,1,1
1247,biased,0.09,0000,IIIII,IIIII,IIIII,0000,1,1
1248,biased,0.09,0000,IIIII,IIIII,IIIII,0000,1,1
1249,biased,0.09,1010,ZIIII,ZIIII,IIIII,0000,1,1
1250,biased,0.09,0000,IIIII,IIIII,IIIII,0000,1,1
1251,biased,0.09,0000,IIIII,IIIII,IIIII,0000,1,1
1252,biased,0.09,1011,YIIII,XIIII,ZIIII,1010,-1,0
1253,biased,0.09,0000,IIIII,IIIII,IIIII,0000,1,1
1254,biased,0.09,1111,IIIYI,IZIII,IZIYI,1010,-1,0
1255,biased,0.09,0011,IIIIX,IIIIX,IIIII,0000,1,1
1256,biased,0.09,0000,IIIII,IIIII,IIIII,0000,1,1
1257,biased,0.09,0000,IIIII,IIIII,IIIII,0000,1,1
1258,biased,0.09,0000,IIIII,IIIII,IIIII,0000,1,1
1259,biased,0.09,0100,XIZIY,IZIII,XZZIY,0001,-1,0
1260,biased,0.09,0000,IIIII,IIIII,IIIII,0000,1,1
1261,biased,0.09,0000,IIIII,IIIII,IIIII,0000,1,1
1262,biased,0.09,0000,IIIII,IIIII,IIIII,0000,1,1
1263,biased,0.09,0000,IIIII,IIIII,IIIII,0000,1,1
1264,biased,0.09,1001,IIIZI,YIIII,YIIZI,0010,-1,0
1265,biased,0.09,0000,IIIII,IIIII,IIIII,0000,1,1
1266,biased,0.09,0000,IIIII,IIIII,IIIII,0000,1,1
1267,biased,0.09,0000,IIIII,IIIII,IIIII,0000,1,1
1268,biased,0.09,0000,IIIII,IIIII,IIIII,0000,1,1
1269,biased,0.09,0000,IIIII,IIIII,IIIII,0000,1,1
1270,biased,0.09,1100,IIXII,IIIYI,IIXYI,0011,-1,0
1271,biased,0.09,0011,IZIXI,IIIIX,IZIXX,0000,-1,0
1272,biased,0.09,0001,XIIII,XIIII,IIIII,0000,1,1
1273,biased,0.09,0000,IIIII,IIIII,IIIII,0000,1,1
1274,biased,0.09,0000,IIIII,IIIII,IIIII,0000,1,1
1275,biased,0.09,1010,ZIIII,ZIIII,IIIII,0000,1,1
1276,biased,0.09,0000,IIIII,IIIII,IIIII,0000,1,1
1277,biased,0.09,0000,IIIII,IIIII,IIIII,0000,1,1
1278,biased,0.09,0101,IZIII,ZIIII,ZZIII,1111,-1,0
1279,biased,0.09,0000,IIIII,IIIII,IIIII,0000,1,1
1280,biased,0.09,0000,IIIII,IIIII,IIIII,0000,1,1
1281,biased,0.09,0000,IIIII,IIIII,IIIII,0000,1,1
1282,biased,0.09,0000,IIIII,IIIII,IIIII,0000,1,1
1283,biased,0.09,1011,YIIII,XIIII,ZIIII,1010,-1,0
1284,biased,0.09,1010,ZIIII,ZIIII,IIIII,0000,1,1
1285,biased,0.09,0111,IIIIY,IXIII,IXIIY,1111,-1,0
1286,biased,0.09,1100,IIXII,IIIYI,IIXYI,0011,-1,0
1287,biased,0.09,0000,IIIII,IIIII,IIIII,0000,1,1
1288,biased,0.09,0101,IZIII,ZIIII,ZZIII,1111,-1,0
1289,biased,0.09,0000,IIIII,IIIII,IIIII,0000,1,1
1290,biased,0.09,0000,IIIII,IIIII,IIIII,0000,1,1
1291,biased,0.09,0000,IIIII,IIIII,IIIII,0000,1,1
1292,biased,0.09,0000,IIIII,IIIII,IIIII,0000,1,1
1293,biased,0.09,0000,IIIII,IIIII,IIIII,0000,1,1
1294,biased,0.09,0000,IIIII,IIIII,IIIII,0000,1,1
1295,biased,0.09,1110,IIYII,IYIII,IYYII,0011,-1,0
1296,biased,0.09,0000,IIIII,IIIII,IIIII,0000,1,1
1297,biased,0.09,0010,IYIYI,IXIII,IZIYI,1010,-1,0
1298,biased,0.09,0000,IIIII,IIIII,IIIII,0000,1,1
1299,biased,0.09,0000,IIIII,IIIII,IIIII,0000,1,1
1300,biased,0.09,0111,IIIIY,IXIII,IXIIY,1111,-1,0
1301,biased,0.09,1100,IIXII,IIIYI,IIXYI,0011,-1,0
1302,biased,0.09,1000,IXIII,IXIII,IIIII,0000,1,1
1303,biased,0.09,1111,IIIYI,IZIII,IZIYI,1010,-1,0
1304,biased,0.09,0000,IIIII,IIIII,IIIII,0000,1,1
1305,biased,0.09,0000,IIIII,IIIII,IIIII,0000,1,1
1306,biased,0.09,0001,XIIII,XIIII,IIIII,0000,1,1
1307,biased,0.09,0001,XIIII,XIIII,IIIII,0000,1,1
1308,biased,0.09,1111,IIIYI,IZIII,IZIYI,1010,-1,0
1309,biased,0.09,0000,IIIII,IIIII,IIIII,0000,1,1
1310,biased,0.09,0001,XIIII,XIIII,IIIII,0000,1,1
1311,biased,0.09,0000,IIIII,IIIII,IIIII,0000,1,1
1312,biased,0.09,0000,IIIII,IIIII,IIIII,0000,1,1
1313,biased,0.09,1010,ZIIII,ZIIII,IIIII,0000,1,1
1314,biased,0.09,0000,IIIII,IIIII,IIIII,0000,1,1
1315,biased,0.09,0000,IIIII,IIIII,IIIII,0000,1,1
1316,biased,0.09,1010,ZIIII,ZIIII,IIIII,0000,1,1
1317,biased,0.09,0000,IIIII,IIIII,IIIII,0000,1,1
1318,biased,0.09,0000,IIIII,IIIII,IIIII,0000,1,1
1319,biased,0.09,1000,IXIII,IXIII,IIIII,0000,1,1
1320,biased,0.09,0011,IIIIX,IIIIX,IIIII,0000,1,1
1321,biased,0.09,0110,ZIXII,IIYII,ZIZII,1000,-1,0
1322,biased,0.09,1111,IYZII,IZIII,IXZII,1010,-1,0
1323,biased,0.09,0000,IIIII,IIIII,IIIII,0000,1,1
1324,biased,0.09,1001,IIIZI,YIIII,YIIZI,0010,-1,0
1325,biased,0.09,1010,ZIIII,ZIIII,IIIII,0000,1,1
1326,biased,0.09,0000,IIIII,IIIII,IIIII,0000,1,1
1327,biased,0.09,0101,IZIII,ZIIII,ZZIII,1111,-1,0
1328,biased,0.09,0111,IIIIY,IXIII,IXIIY,1111,-1,0
1329,biased,0.09,0000,IIIII,IIIII,IIIII,0000,1,1
1330,biased,0.09,0000,IIIII,IIIII,IIIII,0000,1,1
1331,biased,0.09,1110,IIYII,IYIII,IYYII,0011,-1,0
1332,biased,0.09,1110,IIYII,IYIII,IYYII,0011,-1,0
1333,biased,0.09,0000,IIIII,IIIII,IIIII,0000,1,1
1334,biased,0.09,0000,IIIII,IIIII,IIIII,0000,1,1
1335,biased,0.09,1110,IIYII,IYIII,IYYII,0011,-1,0
1336,biased,0.09,1010,ZIIII,ZIIII,IIIII,0000,1,1
1337,biased,0.09,0000,IIIII,IIIII,IIIII,0000,1,1
1338,biased,0.09,0000,IIIII,IIIII,IIIII,0000,1,1
1339,biased,0.09,0000,IIIII,IIIII,IIIII,0000,1,1
1340,biased,0.09,0000,IIIII,IIIII,IIIII,0000,1,1
1341,biased,0.09,0000,IIIII,IIIII,IIIII,0000,1,1
1342,biased,0.09,0000,IIIII,IIIII,IIIII,0000,1,1
1343,biased,0.09,0000,IIIII,IIIII,IIIII,0000,1,1
1344,biased,0.09,0000,IIIII,IIIII,IIIII,0000,1,1
1345,biased,0.09,0000,IIIII,IIIII,IIIII,0000,1,1
1346,biased,0.09,0000,IIIII,IIIII,IIIII,0000,1,1
1347,biased,0.09,0000,IIIII,IIIII,IIIII,0000,1,1
1348,biased,0.09,0000,IIIII,IIIII,IIIII,0000,1,1
1349,biased,0.09,0100,ZIYII,IZIII,ZZYII,0001,-1,0
1350,biased,0.09,0000,IIIII,IIIII,IIIII,0000,1,1
1351,biased,0.09,0111,IIIIY,IXIII,IXIIY,1111,-1,0
1352,biased,0.09,0000,IIIII,IIIII,IIIII,0000,1,1
1353,biased,0.09,0000,IIIII,IIIII,IIIII,0000,1,1
1354,biased,0.09,0000,IIIII,IIIII,IIIII,0000,1,1
1355,biased,0.09,1010,ZIIII,ZIIII,IIIII,0000,1,1
1356,biased,0.09,0000,IIIII,IIIII,IIIII,0000,1,1
1357,biased,0.09,0000,IIIII,IIIII,IIIII,0000,1,1
1358,biased,0.09,0000,IIIII,IIIII,IIIII,0000,1,1
1359,biased,0.09,0100,IIIIZ,IZIII,IZIIZ,0001,-1,0
1360,biased,0.09,0000,IIIII,IIIII,IIIII,0000,1,1
1361,biased,0.09,0000,IIIII,IIIII,IIIII,0000,1,1
1362,biased,0.09,0000,IIIII,IIIII,IIIII,0000,1,1
1363,biased,0.09,0101,IIXZI,ZIIII,ZIXZI,1111,-1,0
1364,biased,0.09,0000,IIIII,IIIII,IIIII,0000,1,1
1365,biased,0.09,0000,IIIII,IIIII,IIIII,0000,1,1
1366,biased,0.09,0000,IIIII,IIIII,IIIII,0000,1,1
1367,biased,0.09,0000,IIIII,IIIII,IIIII,0000,1,1
1368,biased,0.09,0000,IIIII,IIIII,IIIII,0000,1,1
1369,biased,0.09,0000,IIIII,IIIII,IIIII,0000,1,1
1370,biased,0.09,0000,IIIII,IIIII,IIIII,0000,1,1
1371,biased,0.09,1101,IYIII,IZIII,IXIII,1000,-1,0
1372,biased,0.09,1110,IIYII,IYIII,IYYII,0011,-1,0
1373,biased,0.09,0000,IIIII,IIIII,IIIII,0000,1,1
1374,biased,0.09,1111,YIIIZ,IZIII,YZIIZ,1010,-1,0
1375,biased,0.09,0000,IIIII,IIIII,IIIII,0000,1,1
1376,biased,0.09,0000,IIIII,IIIII,IIIII,0000,1,1
1377,biased,0.09,0010,IIZII,IXIII,IXZII,1010,-1,0
1378,biased,0.09,0000,IIIII,IIIII,IIIII,0000,1,1
1379,biased,0.09,1110,IIYII,IYIII,IYYII,0011,-1,0
1380,biased,0.09,0000,IIIII,IIIII,IIIII,0000,1,1
1381,biased,0.09,0000,IIIII,IIIII,IIIII,0000,1,1
1382,biased,0.09,0000,IIIII,IIIII,IIIII,0000,1,1
1383,biased,0.09,0000,IIIII,IIIII,IIIII,0000,1,1
1384,biased,0.09,0000,IIIII,IIIII,IIIII,0000,1,1
1385,biased,0.09,0000,IIIII,IIIII,IIIII,0000,1,1
1386,biased,0.09,1100,IIXII,IIIYI,IIXYI,0011,-1,0
1387,biased,0.09,1101,IYIII,IZIII,IXIII,1000,-1,0
1388,biased,0.09,0000,IIIII,IIIII,IIIII,0000,1,1
1389,biased,0.09,0000,IIIII,IIIII,IIIII,0000,1,1
1390,biased,0.09,0011,IIIIX,IIIIX,IIIII,0000,1,1
1391,biased,0.09,0000,IIIII,IIIII,IIIII,0000,1,1
1392,biased,0.09,0101,IIXZI,ZIIII,ZIXZI,1111,-1,0
1393,biased,0.09,1101,IYIII,IZIII,IXIII,1000,-1,0
1394,biased,0.09,0000,IIIII,IIIII,IIIII,0000,1,1
1395,biased,0.09,0000,IIIII,IIIII,IIIII,0000,1,1
1396,biased,0.09,0000,IIIII,IIIII,IIIII,0000,1,1
1397,biased,0.09,0000,IIIII,IIIII,IIIII,0000,1,1
1398,biased,0.09,1110,IYIIX,IYIII,IIIIX,0011,-1,0
1399,biased,0.09,0000,IIIII,IIIII,IIIII,0000,1,1
1400,biased,0.09,0000,IIIII,IIIII,IIIII,0000,1,1
1401,biased,0.09,0000,IIIII,IIIII,IIIII,0000,1,1
1402,biased,0.09,0000,IIIII,IIIII,IIIII,0000,1,1
1403,biased,0.09,0000,IIIII,IIIII,IIIII,0000,1,1
1404,biased,0.09,0110,IXYII,IIYII,IXIII,1000,-1,0
1405,biased,0.09,0000,IIIII,IIIII,IIIII,0000,1,1
1406,biased,0.09,0000,IIIII,IIIII,IIIII,0000,1,1
1407,biased,0.09,1101,IYIII,IZIII,IXIII,1000,-1,0
1408,biased,0.09,0000,IIIII,IIIII,IIIII,0000,1,1
1409,biased,0.09,0000,IIIII,IIIII,IIIII,0000,1,1
1410,biased,0.09,0011,IIIIX,IIIIX,IIIII,0000,1,1
1411,biased,0.09,0000,IIIII,IIIII,IIIII,0000,1,1
1412,biased,0.09,0000,IIIII,IIIII,IIIII,0000,1,1
1413,biased,0.09,0100,IIIIZ,IZIII,IZIIZ,0001,-1,0
1414,biased,0.09,0000,IIIII,IIIII,IIIII,0000,1,1
1415,biased,0.09,0000,IIIII,IIIII,IIIII,0000,1,1
1416,biased,0.09,0000,IIIII,IIIII,IIIII,0000,1,1
1417,biased,0.09,0000,IIIII,IIIII,IIIII,0000,1,1
1418,biased,0.09,0000,IIIII,IIIII,IIIII,0000,1,1
1419,biased,0.09,0000,IIIII,IIIII,IIIII,0000,1,1
1420,biased,0.09,0000,IIIII,IIIII,IIIII,0000,1,1
1421,biased,0.09,0000,IIIII,IIIII,IIIII,0000,1,1
1422,biased,0.09,0011,IIIIX,IIIIX,IIIII,0000,1,1
1423,biased,0.09,1101,IYIII,IZIII,IXIII,1000,-1,0
1424,biased,0.09,0000,IIIII,IIIII,IIIII,0000,1,1
1425,biased,0.09,0000,IIIII,IIIII,IIIII,0000,1,1
1426,biased,0.09,0010,IIZII,IXIII,IXZII,1010,-1,0
1427,biased,0.09,0001,XIIII,XIIII,IIIII,0000,1,1
1428,biased,0.09,0000,IIIII,IIIII,IIIII,0000,1,1
1429,biased,0.09,0111,YIXII,IXIII,YXXII,1111,-1,0
1430,biased,0.09,0000,IIIII,IIIII,IIIII,0000,1,1
1431,biased,0.09,1001,IIIZI,YIIII,YIIZI,0010,-1,0
1432,biased,0.09,0000,IIIII,IIIII,IIIII,0000,1,1
1433,biased,0.09,0000,IIIII,IIIII,IIIII,0000,1,1
1434,biased,0.09,0000,IIIII,IIIII,IIIII,0000,1,1
1435,biased,0.09,0000,IIIII,IIIII,IIIII,0000,1,1
1436,biased,0.09,1101,IYIII,IZIII,IXIII,1000,-1,0
1437,biased,0.09,0000,IIIII,IIIII,IIIII,0000,1,1
1438,biased,0.09,0011,IIIIX,IIIIX,IIIII,0000,1,1
1439,biased,0.09,0000,IIIII,IIIII,IIIII,0000,1,1
1440,biased,0.09,0000,IIIII,IIIII,IIIII,0000,1,1
1441,biased,0.09,0000,IIIII,IIIII,IIIII,0000,1,1
1442,biased,0.09,0101,IZIII,ZIIII,ZZIII,1111,-1,0
1443,biased,0.09,0000,IIIII,IIIII,IIIII,0000,1,1
1444,biased,0.09,0000,IIIII,IIIII,IIIII,0000,1,1
1445,biased,0.09,0100,IIIIZ,IZIII,IZIIZ,0001,-1,0
1446,biased,0.09,0000,IIIII,IIIII,IIIII,0000,1,1
1447,biased,0.09,0000,IIIII,IIIII,IIIII,0000,1,1
1448,biased,0.09,1000,IIYXI,IXIII,IXYXI,0000,-1,0
1449,biased,0.09,0000,IIIII,IIIII,IIIII,0000,1,1
1450,biased,0.09,0000,IIIII,IIIII,IIIII,0000,1,1
1451,biased,0.09,0000,IIIII,IIIII,IIIII,0000,1,1
1452,biased,0.09,1000,IXIII,IXIII,IIIII,0000,1,1
1453,biased,0.09,0000,IIIII,IIIII,IIIII,0000,1,1
1454,biased,0.09,0000,IIIII,IIIII,IIIII,0000,1,1
1455,biased,0.09,0001,XIIII,XIIII,IIIII,0000,1,1
1456,biased,0.09,0001,XIIII,XIIII,IIIII,0000,1,1
1457,biased,0.09,0010,ZXIII,IXIII,ZIIII,1010,-1,0
1458,biased,0.09,0000,IIIII,IIIII,IIIII,0000,1,1
1459,biased,0.09,1001,IIIZI,YIIII,YIIZI,0010,-1,0
1460,biased,0.09,0110,IIIXI,IIYII,IIYXI,1000,-1,0
1461,biased,0.09,0000,IIIII,IIIII,IIIII,0000,1,1
1462,biased,0.09,0000,IIIII,IIIII,IIIII,0000,1,1
1463,biased,0.09,0000,IIIII,IIIII,IIIII,0000,1,1
1464,biased,0.09,0000,IIIII,IIIII,IIIII,0000,1,1
1465,biased,0.09,1101,IYIII,IZIII,IXIII,1000,-1,0
1466,biased,0.09,0110,IIIXI,IIYII,IIYXI,1000,-1,0
1467,biased,0.09,0000,IIIII,IIIII,IIIII,0000,1,1
1468,biased,0.09,0000,IIIII,IIIII,IIIII,0000,1,1
1469,biased,0.09,0000,IIIII,IIIII,IIIII,0000,1,1
1470,biased,0.09,0000,IIIII,IIIII,IIIII,0000,1,1
1471,biased,0.09,0000,IIIII,IIIII,IIIII,0000,1,1
1472,biased,0.09,0000,IIIII,IIIII,IIIII,0000,1,1
1473,biased,0.09,1011,XIIZX,XIIII,IIIZX,1010,-1,0
1474,biased,0.09,0011,XIZII,IIIIX,XIZIX,0000,-1,0
1475,biased,0.09,0000,IIIII,IIIII,IIIII,0000,1,1
1476,biased,0.09,0000,IIIII,IIIII,IIIII,0000,1,1
1477,biased,0.09,0000,IIIII,IIIII,IIIII,0000,1,1
1478,biased,0.09,1111,IIIYI,IZIII,IZIYI,1010,-1,0
1479,biased,0.09,0000,IIIII,IIIII,IIIII,0000,1,1
1480,biased,0.09,0000,IIIII,IIIII,IIIII,0000,1,1
1481,biased,0.09,0000,IIIII,IIIII,IIIII,0000,1,1
1482,biased,0.09,0000,IIIII,IIIII,IIIII,0000,1,1
1483,biased,0.09,0000,IIIII,IIIII,IIIII,0000,1,1
1484,biased,0.09,0000,IIIII,IIIII,IIIII,0000,1,1
1485,biased,0.09,1011,YIIII,XIIII,ZIIII,1010,-1,0
1486,biased,0.09,0000,IIIII,IIIII,IIIII,0000,1,1
1487,biased,0.09,0010,IIZII,IXIII,IXZII,1010,-1,0
1488,biased,0.09,1100,IIXII,IIIYI,IIXYI,0011,-1,0
1489,biased,0.09,0011,IIIIX,IIIIX,IIIII,0000,1,1
1490,biased,0.09,0000,IIIII,IIIII,IIIII,0000,1,1
1491,biased,0.09,1100,IIXII,IIIYI,IIXYI,0011,-1,0
1492,biased,0.09,0000,IIIII,IIIII,IIIII,0000,1,1
1493,biased,0.09,1110,IIYII,IYIII,IYYII,0011,-1,0
1494,biased,0.09,0000,IIIII,IIIII,IIIII,0000,1,1
1495,biased,0.09,0000,IIIII,IIIII,IIIII,0000,1,1
1496,biased,0.09,0011,IIIIX,IIIIX,IIIII,0000,1,1
1497,biased,0.09,1101,IYIII,IZIII,IXIII,1000,-1,0
1498,biased,0.09,0000,IIIII,IIIII,IIIII,0000,1,1
1499,biased,0.09,0000,IIIII,IIIII,IIIII,0000,1,1
1500,biased,0.09,0000,IIIII,IIIII,IIIII,0000,1,1
1501,biased,0.09,0110,IIIXI,IIYII,IIYXI,1000,-1,0
1502,biased,0.09,0000,IIIII,IIIII,IIIII,0000,1,1
1503,biased,0.09,1110,IIYII,IYIII,IYYII,0011,-1,0
1504,biased,0.09,0000,IIIII,IIIII,IIIII,0000,1,1
1505,biased,0.09,0000,IIIII,IIIII,IIIII,0000,1,1
1506,biased,0.09,0000,IIIII,IIIII,IIIII,0000,1,1
1507,biased,0.09,0000,IIIII,IIIII,IIIII,0000,1,1
1508,biased,0.09,0000,IIIII,IIIII,IIIII,0000,1,1
1509,biased,0.09,0011,YXIII,IIIIX,YXIIX,0000,-1,0
1510,biased,0.09,0000,IIIII,IIIII,IIIII,0000,1,1
1511,biased,0.09,0011,IIIIX,IIIIX,IIIII,0000,1,1
1512,biased,0.09,0000,IIIII,IIIII,IIIII,0000,1,1
1513,biased,0.09,0000,IIIII,IIIII,IIIII,0000,1,1
1514,biased,0.09,1110,IIIZY,IYIII,IYIZY,0011,-1,0
1515,biased,0.09,0000,IIIII,IIIII,IIIII,0000,1,1
1516,biased,0.09,0000,IIIII,IIIII,IIIII,0000,1,1
1517,biased,0.09,1110,IIYII,IYIII,IYYII,0011,-1,0
1518,biased,0.09,0000,IIIII,IIIII,IIIII,0000,1,1
1519,biased,0.09,0011,IIIIX,IIIIX,IIIII,0000,1,1
1520,biased,0.09,1000,IXIII,IXIII,IIIII,0000,1,1
1521,biased,0.09,0000,IIIII,IIIII,IIIII,0000,1,1
1522,biased,0.09,0000,IIIII,IIIII,IIIII,0000,1,1
1523,biased,0.09,0110,IIIXI,IIYII,IIYXI,1000,-1,0
1524,biased,0.09,0101,YIYII,ZIIII,XIYII,1111,-1,0
1525,biased,0.09,0000,IIIII,IIIII,IIIII,0000,1,1
1526,biased,0.09,0000,IIIII,IIIII,IIIII,0000,1,1
1527,biased,0.09,0000,IIIII,IIIII,IIIII,0000,1,1
1528,biased,0.09,0000,IIIII,IIIII,IIIII,0000,1,1
1529,biased,0.09,0111,XIIXI,IXIII,XXIXI,1111,-1,0
1530,biased,0.09,0110,IXYII,IIYII,IXIII,1000,-1,0
1531,biased,0.09,0000,IIIII,IIIII,IIIII,0000,1,1
1532,biased,0.09,1111,IIIYI,IZIII,IZIYI,1010,-1,0
1533,biased,0.09,0000,IIIII,IIIII,IIIII,0000,1,1
1534,biased,0.09,0000,IIIII,IIIII,IIIII,0000,1,1
1535,biased,0.09,1010,ZIIII,ZIIII,IIIII,0000,1,1
1536,biased,0.09,0000,IIIII,IIIII,IIIII,0000,1,1
1537,biased,0.09,0000,IIIII,IIIII,IIIII,0000,1,1
1538,biased,0.09,0000,IIIII,IIIII,IIIII,0000,1,1
1539,biased,0.09,0000,IIIII,IIIII,IIIII,0000,1,1
1540,biased,0.09,0000,IIIII,IIIII,IIIII,0000,1,1
1541,biased,0.09,0000,IIIII,IIIII,IIIII,0000,1,1
1542,biased,0.09,0000,IIIII,IIIII,IIIII,0000,1,1
1543,biased,0.09,0000,IIIII,IIIII,IIIII,0000,1,1
1544,biased,0.09,0000,IIIII,IIIII,IIIII,0000,1,1
1545,biased,0.09,0000,IIIII,IIIII,IIIII,0000,1,1
1546,biased,0.09,1110,IIYII,IYIII,IYYII,0011,-1,0
1547,biased,0.09,1100,IIXII,IIIYI,IIXYI,0011,-1,0
1548,biased,0.09,0000,IIIII,IIIII,IIIII,0000,1,1
1549,biased,0.09,1011,YIIII,XIIII,ZIIII,1010,-1,0
1550,biased,0.09,0000,IIIII,IIIII,IIIII,0000,1,1
1551,biased,0.09,0000,IIIII,IIIII,IIIII,0000,1,1
1552,biased,0.09,1100,IIXII,IIIYI,IIXYI,0011,-1,0
1553,biased,0.09,0000,IIIII,IIIII,IIIII,0000,1,1
1554,biased,0.09,0000,IIIII,IIIII,IIIII,0000,1,1
1555,biased,0.09,0000,IIIII,IIIII,IIIII,0000,1,1
1556,biased,0.09,0000,IIIII,IIIII,IIIII,0000,1,1
1557,biased,0.09,0000,IIIII,IIIII,IIIII,0000,1,1
1558,biased,0.09,0000,IIIII,IIIII,IIIII,0000,1,1
1559,biased,0.09,0000,IIIII,IIIII,IIIII,0000,1,1
1560,biased,0.09,0111,IIIIY,IXIII,IXIIY,1111,-1,0
1561,biased,0.09,0000,IIIII,IIIII,IIIII,0000,1,1
1562,biased,0.09,1101,YIIXI,IZIII,YZIXI,1000,-1,0
1563,biased,0.09,0000,IIIII,IIIII,IIIII,0000,1,1
1564,biased,0.09,0000,IIIII,IIIII,IIIII,0000,1,1
1565,biased,0.09,1111,IIIYI,IZIII,IZIYI,1010,-1,0
1566,biased,0.09,1010,ZIIII,ZIIII,IIIII,0000,1,1
1567,biased,0.09,1011,YIIII,XIIII,ZIIII,1010,-1,0
1568,biased,0.09,1001,IIIZI,YIIII,YIIZI,0010,-1,0
1569,biased,0.09,1011,ZIZIX,XIIII,YIZIX,1010,-1,0
1570,biased,0.09,0000,IIIII,IIIII,IIIII,0000,1,1
1571,biased,0.09,0000,IIIII,IIIII,IIIII,0000,1,1
1572,biased,0.09,0000,IIIII,IIIII,IIIII,0000,1,1
1573,biased,0.09,0000,IIIII,IIIII,IIIII,0000,1,1
1574,biased,0.09,1001,IIIZI,YIIII,YIIZI,0010,-1,0
1575,biased,0.09,0000,IIIII,IIIII,IIIII,0000,1,1
1576,biased,0.09,0000,IIIII,IIIII,IIIII,0000,1,1
1577,biased,0.09,0000,IIIII,IIIII,IIIII,0000,1,1
1578,biased,0.09,0000,IIIII,IIIII,IIIII,0000,1,1
1579,biased,0.09,1101,IYIII,IZIII,IXIII,1000,-1,0
1580,biased,0.09,0001,XIIII,XIIII,IIIII,0000,1,1
1581,biased,0.09,0000,IIIII,IIIII,IIIII,0000,1,1
1582,biased,0.09,0110,IIIXI,IIYII,IIYXI,1000,-1,0
1583,biased,0.09,1010,ZIIII,ZIIII,IIIII,0000,1,1
1584,biased,0.09,0000,IIIII,IIIII,IIIII,0000,1,1
1585,biased,0.09,0000,IIIII,IIIII,IIIII,0000,1,1
1586,biased,0.09,0000,IIIII,IIIII,IIIII,0000,1,1
1587,biased,0.09,0000,IIIII,IIIII,IIIII,0000,1,1
1588,biased,0.09,0000,IIIII,IIIII,IIIII,0000,1,1
1589,biased,0.09,1000,IXIII,IXIII,IIIII,0000,1,1
1590,biased,0.09,0000,IIIII,IIIII,IIIII,0000,1,1
1591,biased,0.09,0000,IIIII,IIIII,IIIII,0000,1,1
1592,biased,0.09,0000,IIIII,IIIII,IIIII,0000,1,1
1593,biased,0.09,0000,IIIII,IIIII,IIIII,0000,1,1
1594,biased,0.09,0000,IIIII,IIIII,IIIII,0000,1,1
1595,biased,0.09,0100,IIIIZ,IZIII,IZIIZ,0001,-1,0
1596,biased,0.09,0000,IIIII,IIIII,IIIII,0000,1,1
1597,biased,0.09,0111,IIIIY,IXIII,IXIIY,1111,-1,0
1598,biased,0.09,0000,IIIII,IIIII,IIIII,0000,1,1
1599,biased,0.09,0010,IIZII,IXIII,IXZII,1010,-1,0
1600,biased,0.09,0000,IIIII,IIIII,IIIII,0000,1,1
1601,biased,0.09,0010,IIZII,IXIII,IXZII,1010,-1,0
1602,biased,0.09,1011,YIIII,XIIII,ZIIII,1010,-1,0
1603,biased,0.09,0000,IIIII,IIIII,IIIII,0000,1,1
1604,biased,0.09,1001,IIIZI,YIIII,YIIZI,0010,-1,0
1605,biased,0.09,0010,IIZII,IXIII,IXZII,1010,-1,0
1606,biased,0.09,0000,IIIII,IIIII,IIIII,0000,1,1
1607,biased,0.09,0000,IIIII,IIIII,IIIII,0000,1,1
1608,biased,0.09,0000,IIIII,IIIII,IIIII,0000,1,1
1609,biased,0.09,0000,IIIII,IIIII,IIIII,0000,1,1
1610,biased,0.09,0000,IIIII,IIIII,IIIII,0000,1,1
1611,biased,0.09,0000,IIIII,IIIII,IIIII,0000,1,1
1612,biased,0.09,0000,IIIII,IIIII,IIIII,0000,1,1
1613,biased,0.09,1100,IIXII,IIIYI,IIXYI,0011,-1,0
1614,biased,0.09,0000,IIIII,IIIII,IIIII,0000,1,1
1615,biased,0.09,0000,IIIII,IIIII,IIIII,0000,1,1
1616,biased,0.09,0000,IIIII,IIIII,IIIII,0000,1,1
1617,biased,0.09,0000,IIIII,IIIII,IIIII,0000,1,1
1618,biased,0.09,0000,IIIII,IIIII,IIIII,0000,1,1
1619,biased,0.09,0000,IIIII,IIIII,IIIII,0000,1,1
1620,biased,0.09,0000,IIIII,IIIII,IIIII,0000,1,1
1621,biased,0.09,0000,IIIII,IIIII,IIIII,0000,1,1
1622,biased,0.09,0000,IIIII,IIIII,IIIII,0000,1,1
1623,biased,0.09,0000,IIIII,IIIII,IIIII,0000,1,1
1624,biased,0.09,0000,IIIII,IIIII,IIIII,0000,1,1
1625,biased,0.09,0000,IIIII,IIIII,IIIII,0000,1,1
1626,biased,0.09,0001,IIIXY,XIIII,XIIXY,0000,-1,0
1627,biased,0.09,0000,IIIII,IIIII,IIIII,0000,1,1
1628,biased,0.09,1000,IXIII,IXIII,IIIII,0000,1,1
1629,biased,0.09,0000,IIIII,IIIII,IIIII,0000,1,1
1630,biased,0.09,0000,IIIII,IIIII,IIIII,0000,1,1
1631,biased,0.09,0000,IIIII,IIIII,IIIII,0000,1,1
1632,biased,0.09,0000,IIIII,IIIII,IIIII,0000,1,1
1633,biased,0.09,0000,IIIII,IIIII,IIIII,0000,1,1
1634,biased,0.09,1101,IYIII,IZIII,IXIII,1000,-1,0
1635,biased,0.09,0001,XIIII,XIIII,IIIII,0000,1,1
1636,biased,0.09,0000,IIIII,IIIII,IIIII,0000,1,1
1637,biased,0.09,0000,IIIII,IIIII,IIIII,0000,1,1
1638,biased,0.09,0000,IIIII,IIIII,IIIII,0000,1,1
1639,biased,0.09,0000,IIIII,IIIII,IIIII,0000,1,1
1640,biased,0.09,0000,IIIII,IIIII,IIIII,0000,1,1
1641,biased,0.09,1001,IIIZI,YIIII,YIIZI,0010,-1,0
1642,biased,0.09,0000,IIIII,IIIII,IIIII,0000,1,1
1643,biased,0.09,0000,IIIII,IIIII,IIIII,0000,1,1
1644,biased,0.09,0000,IIIII,IIIII,IIIII,0000,1,1
1645,biased,0.09,0000,IIIII,IIIII,IIIII,0000,1,1
1646,biased,0.09,0000,IIIII,IIIII,IIIII,0000,1,1
1647,biased,0.09,0000,IIIII,IIIII,IIIII,0000,1,1
1648,biased,0.09,0000,IIIII,IIIII,IIIII,0000,1,1
1649,biased,0.09,0000,IIIII,IIIII,IIIII,0000,1,1
1650,biased,0.09,1010,ZIIII,ZIIII,IIIII,0000,1,1
1651,biased,0.09,0000,IIIII,IIIII,IIIII,0000,1,1
1652,biased,0.09,0000,IIIII,IIIII,IIIII,0000,1,1
1653,biased,0.09,0000,IIIII,IIIII,IIIII,0000,1,1
1654,biased,0.09,1111,IIIYI,IZIII,IZIYI,1010,-1,0
1655,biased,0.09,0000,IIIII,IIIII,IIIII,0000,1,1
1656,biased,0.09,1000,IIYXI,IXIII,IXYXI,0000,-1,0
1657,biased,0.09,0000,IIIII,IIIII,IIIII,0000,1,1
1658,biased,0.09,0000,IIIII,IIIII,IIIII,0000,1,1
1659,biased,0.09,1001,IIIZI,YIIII,YIIZI,0010,-1,0
1660,biased,0.09,0000,IIIII,IIIII,IIIII,0000,1,1
1661,biased,0.09,0000,IIIII,IIIII,IIIII,0000,1,1
1662,biased,0.09,0000,IIIII,IIIII,IIIII,0000,1,1
1663,biased,0.09,0000,IIIII,IIIII,IIIII,0000,1,1
1664,biased,0.09,0011,IIXYI,IIIIX,IIXYX,0000,-1,0
1665,biased,0.09,0000,IIIII,IIIII,IIIII,0000,1,1
1666,biased,0.09,0000,IIIII,IIIII,IIIII,0000,1,1
1667,biased,0.09,0010,IIZII,IXIII,IXZII,1010,-1,0
1668,biased,0.09,0000,IIIII,IIIII,IIIII,0000,1,1
1669,biased,0.09,0000,IIIII,IIIII,IIIII,0000,1,1
1670,biased,0.09,0000,IIIII,IIIII,IIIII,0000,1,1
1671,biased,0.09,0011,IIIIX,IIIIX,IIIII,0000,1,1
1672,biased,0.09,1101,IYIII,IZIII,IXIII,1000,-1,0
1673,biased,0.09,0011,XIZII,IIIIX,XIZIX,0000,-1,0
1674,biased,0.09,1011,YIIII,XIIII,ZIIII,1010,-1,0
1675,biased,0.09,0001,XIIII,XIIII,IIIII,0000,1,1
1676,biased,0.09,0000,IIIII,IIIII,IIIII,0000,1,1
1677,biased,0.09,0000,IIIII,IIIII,IIIII,0000,1,1
1678,biased,0.09,0101,IZIII,ZIIII,ZZIII,1111,-1,0
1679,biased,0.09,0000,IIIII,IIIII,IIIII,0000,1,1
1680,biased,0.09,0000,IIIII,IIIII,IIIII,0000,1,1
1681,biased,0.09,1000,IIYXI,IXIII,IXYXI,0000,-1,0
1682,biased,0.09,0000,IIIII,IIIII,IIIII,0000,1,1
1683,biased,0.09,0000,IIIII,IIIII,IIIII,0000,1,1
1684,biased,0.09,0000,IIIII,IIIII,IIIII,0000,1,1
1685,biased,0.09,0000,IIIII,IIIII,IIIII,0000,1,1
1686,biased,0.09,0000,IIIII,IIIII,IIIII,0000,1,1
1687,biased,0.09,1000,IXIII,IXIII,IIIII,0000,1,1
1688,biased,0.09,0110,IIIXI,IIYII,IIYXI,1000,-1,0
1689,biased,0.09,1111,IIIYI,IZIII,IZIYI,1010,-1,0
1690,biased,0.09,0000,IIIII,IIIII,IIIII,0000,1,1
1691,biased,0.09,0000,IIIII,IIIII,IIIII,0000,1,1
1692,biased,0.09,0000,IIIII,IIIII,IIIII,0000,1,1
1693,biased,0.09,0001,IZZXI,XIIII,XZZXI,0000,-1,0
1694,biased,0.09,0000,IIIII,IIIII,IIIII,0000,1,1
1695,biased,0.09,0000,IIIII,IIIII,IIIII,0000,1,1
1696,biased,0.09,1010,ZIIII,ZIIII,IIIII,0000,1,1
1697,biased,0.09,0000,IIIII,IIIII,IIIII,0000,1,1
1698,biased,0.09,1101,IYIII,IZIII,IXIII,1000,-1,0
1699,biased,0.09,0000,IIIII,IIIII,IIIII,0000,1,1
1700,biased,0.09,0000,IIIII,IIIII,IIIII,0000,1,1
1701,biased,0.09,0000,IIIII,IIIII,IIIII,0000,1,1
1702,biased,0.09,0000,IIIII,IIIII,IIIII,0000,1,1
1703,biased,0.09,0000,IIIII,IIIII,IIIII,0000,1,1
1704,biased,0.09,0110,IIIXI,IIYII,IIYXI,1000,-1,0
1705,biased,0.09,0000,IIIII,IIIII,IIIII,0000,1,1
1706,biased,0.09,0000,IIIII,IIIII,IIIII,0000,1,1
1707,biased,0.09,0000,IIIII,IIIII,IIIII,0000,1,1
1708,biased,0.09,1100,IIXII,IIIYI,IIXYI,0011,-1,0
1709,biased,0.09,1101,IIIZZ,IZIII,IZIZZ,1000,-1,0
1710,biased,0.09,1011,YIIII,XIIII,ZIIII,1010,-1,0
1711,biased,0.09,1111,XIYII,IZIII,XZYII,1010,-1,0
1712,biased,0.09,1110,IIYII,IYIII,IYYII,0011,-1,0
1713,biased,0.09,0000,IIIII,IIIII,IIIII,0000,1,1
1714,biased,0.09,0000,IIIII,IIIII,IIIII,0000,1,1
1715,biased,0.09,0000,IIIII,IIIII,IIIII,0000,1,1
1716,biased,0.09,0000,IIIII,IIIII,IIIII,0000,1,1
1717,biased,0.09,0000,IIIII,IIIII,IIIII,0000,1,1
1718,biased,0.09,1001,IIIZI,YIIII,YIIZI,0010,-1,0
1719,biased,0.09,0000,IIIII,IIIII,IIIII,0000,1,1
1720,biased,0.09,0000,IIIII,IIIII,IIIII,0000,1,1
1721,biased,0.09,0000,IIIII,IIIII,IIIII,0000,1,1
1722,biased,0.09,1000,IXIII,IXIII,IIIII,0000,1,1
1723,biased,0.09,1000,IXIII,IXIII,IIIII,0000,1,1
1724,biased,0.09,0000,IIIII,IIIII,IIIII,0000,1,1
1725,biased,0.09,0000,IIIII,IIIII,IIIII,0000,1,1
1726,biased,0.09,0000,IIIII,IIIII,IIIII,0000,1,1
1727,biased,0.09,0000,IIIII,IIIII,IIIII,0000,1,1
1728,biased,0.09,1001,IIIZI,YIIII,YIIZI,0010,-1,0
1729,biased,0.09,1011,YIIII,XIIII,ZIIII,1010,-1,0
1730,biased,0.09,0000,IIIII,IIIII,IIIII,0000,1,1
1731,biased,0.09,0000,IIIII,IIIII,IIIII,0000,1,1
1732,biased,0.09,0000,IIIII,IIIII,IIIII,0000,1,1
1733,biased,0.09,1011,YIIII,XIIII,ZIIII,1010,-1,0
1734,biased,0.09,0000,IIIII,IIIII,IIIII,0000,1,1
1735,biased,0.09,0000,IIIII,IIIII,IIIII,0000,1,1
1736,biased,0.09,0101,IZIII,ZIIII,ZZIII,1111,-1,0
1737,biased,0.09,0000,IIIII,IIIII,IIIII,0000,1,1
1738,biased,0.09,0000,IIIII,IIIII,IIIII,0000,1,1
1739,biased,0.09,0000,IIIII,IIIII,IIIII,0000,1,1
1740,biased,0.09,1100,IIXII,IIIYI,IIXYI,0011,-1,0
1741,biased,0.09,0000,IIIII,IIIII,IIIII,0000,1,1
1742,biased,0.09,1000,IXIII,IXIII,IIIII,0000,1,1
1743,biased,0.09,0000,IIIII,IIIII,IIIII,0000,1,1
1744,biased,0.09,0000,IIIII,IIIII,IIIII,0000,1,1
1745,biased,0.09,0000,IIIII,IIIII,IIIII,0000,1,1
1746,biased,0.09,1011,IIIYZ,XIIII,XIIYZ,1010,-1,0
1747,biased,0.09,0000,IIIII,IIIII,IIIII,0000,1,1
1748,biased,0.09,1101,IIYIX,IZIII,IZYIX,1000,-1,0
1749,biased,0.09,0000,IIIII,IIIII,IIIII,0000,1,1
1750,biased,0.09,1110,IIYII,IYIII,IYYII,0011,-1,0
1751,biased,0.09,1001,IIIZI,YIIII,YIIZI,0010,-1,0
1752,biased,0.09,1010,ZIIII,ZIIII,IIIII,0000,1,1
1753,biased,0.09,0100,IIIIZ,IZIII,IZIIZ,0001,-1,0
1754,biased,0.09,0000,IIIII,IIIII,IIIII,0000,1,1
1755,biased,0.09,0000,IIIII,IIIII,IIIII,0000,1,1
1756,biased,0.09,0000,IIIII,IIIII,IIIII,0000,1,1
1757,biased,0.09,0001,XIIII,XIIII,IIIII,0000,1,1
1758,biased,0.09,0000,IIIII,IIIII,IIIII,0000,1,1
1759,biased,0.09,0000,IIIII,IIIII,IIIII,0000,1,1
1760,biased,0.09,0000,IIIII,IIIII,IIIII,0000,1,1
1761,biased,0.09,0000,IIIII,IIIII,IIIII,0000,1,1
1762,biased,0.09,0000,IIIII,IIIII,IIIII,0000,1,1
1763,biased,0.09,0000,IIIII,IIIII,IIIII,0000,1,1
1764,biased,0.09,0000,IIIII,IIIII,IIIII,0000,1,1
1765,biased,0.09,0000,IIIII,IIIII,IIIII,0000,1,1
1766,biased,0.09,0111,IIIIY,IXIII,IXIIY,1111,-1,0
1767,biased,0.09,0000,IIIII,IIIII,IIIII,0000,1,1
1768,biased,0.09,0000,IIIII,IIIII,IIIII,0000,1,1
1769,biased,0.09,0000,IIIII,IIIII,IIIII,0000,1,1
1770,biased,0.09,1001,IIIZI,YIIII,YIIZI,0010,-1,0
1771,biased,0.09,0000,IIIII,IIIII,IIIII,0000,1,1
1772,biased,0.09,0000,IIIII,IIIII,IIIII,0000,1,1
1773,biased,0.09,0000,IIIII,IIIII,IIIII,0000,1,1
1774,biased,0.09,0000,IIIII,IIIII,IIIII,0000,1,1
1775,biased,0.09,0000,IIIII,IIIII,IIIII,0000,1,1
1776,biased,0.09,1010,ZIIII,ZIIII,IIIII,0000,1,1
1777,biased,0.09,1101,IYIII,IZIII,IXIII,1000,-1,0
1778,biased,0.09,0000,IIIII,IIIII,IIIII,0000,1,1
1779,biased,0.09,1110,IIYII,IYIII,IYYII,0011,-1,0
1780,biased,0.09,0000,IIIII,IIIII,IIIII,0000,1,1
1781,biased,0.09,0000,IIIII,IIIII,IIIII,0000,1,1
1782,biased,0.09,1010,ZIIII,ZIIII,IIIII,0000,1,1
1783,biased,0.09,0000,IIIII,IIIII,IIIII,0000,1,1
1784,biased,0.09,0010,IIIXZ,IXIII,IXIXZ,1010,-1,0
1785,biased,0.09,1101,IYIII,IZIII,IXIII,1000,-1,0
1786,biased,0.09,0000,IIIII,IIIII,IIIII,0000,1,1
1787,biased,0.09,0000,IIIII,IIIII,IIIII,0000,1,1
1788,biased,0.09,1000,YXIYZ,IXIII,YIIYZ,0000,-1,0
1789,biased,0.09,0111,IIIIY,IXIII,IXIIY,1111,-1,0
1790,biased,0.09,0000,IIIII,IIIII,IIIII,0000,1,1
1791,biased,0.09,1010,ZIIII,ZIIII,IIIII,0000,1,1
1792,biased,0.09,0000,IIIII,IIIII,IIIII,0000,1,1
1793,biased,0.09,0000,IIIII,IIIII,IIIII,0000,1,1
1794,biased,0.09,0110,IIIXI,IIYII,IIYXI,1000,-1,0
1795,biased,0.09,0000,IIIII,IIIII,IIIII,0000,1,1
1796,biased,0.09,0000,IIIII,IIIII,IIIII,0000,1,1
1797,biased,0.09,0000,IIIII,IIIII,IIIII,0000,1,1
1798,biased,0.09,0000,IIIII,IIIII,IIIII,0000,1,1
1799,biased,0.09,1101,IYIII,IZIII,IXIII,1000,-1,0
1800,biased,0.09,0000,IIIII,IIIII,IIIII,0000,1,1
1801,biased,0.09,0000,IIIII,IIIII,IIIII,0000,1,1
1802,biased,0.09,0000,IIIII,IIIII,IIIII,0000,1,1
1803,biased,0.09,0100,ZIYII,IZIII,ZZYII,0001,-1,0
1804,biased,0.09,0000,IIIII,IIIII,IIIII,0000,1,1
1805,biased,0.09,1111,IIIYI,IZIII,IZIYI,1010,-1,0
1806,biased,0.09,0000,IIIII,IIIII,IIIII,0000,1,1
1807,biased,0.09,0000,IIIII,IIIII,IIIII,0000,1,1
1808,biased,0.09,0100,IIIIZ,IZIII,IZIIZ,0001,-1,0
1809,biased,0.09,0101,XIIIZ,ZIIII,YIIIZ,1111,-1,0
1810,biased,0.09,0000,IIIII,IIIII,IIIII,0000,1,1
1811,biased,0.09,1100,IIXII,IIIYI,IIXYI,0011,-1,0
1812,biased,0.09,0000,IIIII,IIIII,IIIII,0000,1,1
1813,biased,0.09,0101,IZIII,ZIIII,ZZIII,1111,-1,0
1814,biased,0.09,0010,IIZII,IXIII,IXZII,1010,-1,0
1815,biased,0.09,0001,XIIII,XIIII,IIIII,0000,1,1
1816,biased,0.09,0000,IIIII,IIIII,IIIII,0000,1,1
1817,biased,0.09,0000,IIIII,IIIII,IIIII,0000,1,1
1818,biased,0.09,1111,IIXIX,IZIII,IZXIX,1010,-1,0
1819,biased,0.09,0000,IIIII,IIIII,IIIII,0000,1,1
1820,biased,0.09,0000,IIIII,IIIII,IIIII,0000,1,1
1821,biased,0.09,0000,IIIII,IIIII,IIIII,0000,1,1
1822,biased,0.09,0000,IIIII,IIIII,IIIII,0000,1,1
1823,biased,0.09,0000,IIIII,IIIII,IIIII,0000,1,1
1824,biased,0.09,0000,IIIII,IIIII,IIIII,0000,1,1
1825,biased,0.09,0000,IIIII,IIIII,IIIII,0000,1,1
1826,biased,0.09,1010,ZIIII,ZIIII,IIIII,0000,1,1
1827,biased,0.09,0000,IIIII,IIIII,IIIII,0000,1,1
1828,biased,0.09,0000,IIIII,IIIII,IIIII,0000,1,1
1829,biased,0.09,0000,IIIII,IIIII,IIIII,0000,1,1
1830,biased,0.09,1001,XXIII,YIIII,ZXIII,0010,-1,0
1831,biased,0.09,0000,IIIII,IIIII,IIIII,0000,1,1
1832,biased,0.09,0000,IIIII,IIIII,IIIII,0000,1,1
1833,biased,0.09,0000,IIIII,IIIII,IIIII,0000,1,1
1834,biased,0.09,1010,ZIIII,ZIIII,IIIII,0000,1,1
1835,biased,0.09,0000,IIIII,IIIII,IIIII,0000,1,1
1836,biased,0.09,0000,IIIII,IIIII,IIIII,0000,1,1
1837,biased,0.09,0000,IIIII,IIIII,IIIII,0000,1,1
1838,biased,0.09,0000,IIIII,IIIII,IIIII,0000,1,1
1839,biased,0.09,1101,IYIII,IZIII,IXIII,1000,-1,0
1840,biased,0.09,1000,IIXIZ,IXIII,IXXIZ,0000,-1,0
1841,biased,0.09,0000,IIIII,IIIII,IIIII,0000,1,1
1842,biased,0.09,0000,IIIII,IIIII,IIIII,0000,1,1
1843,biased,0.09,0000,IIIII,IIIII,IIIII,0000,1,1
1844,biased,0.09,0001,XIIII,XIIII,IIIII,0000,1,1
1845,biased,0.09,0000,IIIII,IIIII,IIIII,0000,1,1
1846,biased,0.09,0000,IIIII,IIIII,IIIII,0000,1,1
1847,biased,0.09,0000,IIIII,IIIII,IIIII,0000,1,1
1848,biased,0.09,0000,IIIII,IIIII,IIIII,0000,1,1
1849,biased,0.09,0100,IIIIZ,IZIII,IZIIZ,0001,-1,0
1850,biased,0.09,0110,IIIXI,IIYII,IIYXI,1000,-1,0
1851,biased,0.09,0111,IIYZI,IXIII,IXYZI,1111,-1,0
1852,biased,0.09,0101,IZIII,ZIIII,ZZIII,1111,-1,0
1853,biased,0.09,0000,IIIII,IIIII,IIIII,0000,1,1
1854,biased,0.09,0000,IIIII,IIIII,IIIII,0000,1,1
1855,biased,0.09,0000,IIIII,IIIII,IIIII,0000,1,1
1856,biased,0.09,0000,IIIII,IIIII,IIIII,0000,1,1
1857,biased,0.09,1101,IYIII,IZIII,IXIII,1000,-1,0
1858,biased,0.09,0000,IIIII,IIIII,IIIII,0000,1,1
1859,biased,0.09,0000,IIIII,IIIII,IIIII,0000,1,1
1860,biased,0.09,0000,IIIII,IIIII,IIIII,0000,1,1
1861,biased,0.09,0000,IIIII,IIIII,IIIII,0000,1,1
1862,biased,0.09,0000,IIIII,IIIII,IIIII,0000,1,1
1863,biased,0.09,0000,IIIII,IIIII,IIIII,0000,1,1
1864,biased,0.09,0000,IIIII,IIIII,IIIII,0000,1,1
1865,biased,0.09,0000,IIIII,IIIII,IIIII,0000,1,1
1866,biased,0.09,0000,IIIII,IIIII,IIIII,0000,1,1
1867,biased,0.09,0000,IIIII,IIIII,IIIII,0000,1,1
1868,biased,0.09,1110,IIYII,IYIII,IYYII,0011,-1,0
1869,biased,0.09,0011,IIIIX,IIIIX,IIIII,0000,1,1
1870,biased,0.09,0000,IIIII,IIIII,IIIII,0000,1,1
1871,biased,0.09,0000,IIIII,IIIII,IIIII,0000,1,1
1872,biased,0.09,0000,IIIII,IIIII,IIIII,0000,1,1
1873,biased,0.09,1000,IXIII,IXIII,IIIII,0000,1,1
1874,biased,0.09,0000,IIIII,IIIII,IIIII,0000,1,1
1875,biased,0.09,0000,IIIII,IIIII,IIIII,0000,1,1
1876,biased,0.09,0000,IIIII,IIIII,IIIII,0000,1,1
1877,biased,0.09,0000,IIIII,IIIII,IIIII,0000,1,1
1878,biased,0.09,0000,IIIII,IIIII,IIIII,0000,1,1
1879,biased,0.09,0000,IIIII,IIIII,IIIII,0000,1,1
1880,biased,0.09,0000,IIIII,IIIII,IIIII,0000,1,1
1881,biased,0.09,0000,IIIII,IIIII,IIIII,0000,1,1
1882,biased,0.09,0000,IIIII,IIIII,IIIII,0000,1,1
1883,biased,0.09,0000,IIIII,IIIII,IIIII,0000,1,1
1884,biased,0.09,1001,ZIIIX,YIIII,XIIIX,0010,-1,0
1885,biased,0.09,0000,IIIII,IIIII,IIIII,0000,1,1
1886,biased,0.09,0000,IIIII,IIIII,IIIII,0000,1,1
1887,biased,0.09,0001,XIIII,XIIII,IIIII,0000,1,1
1888,biased,0.09,0000,IIIII,IIIII,IIIII,0000,1,1
1889,biased,0.09,0000,IIIII,IIIII,IIIII,0000,1,1
1890,biased,0.09,0000,IIIII,IIIII,IIIII,0000,1,1
1891,biased,0.09,0000,IIIII,IIIII,IIIII,0000,1,1
1892,biased,0.09,0000,IIIII,IIIII,IIIII,0000,1,1
1893,biased,0.09,0000,IIIII,IIIII,IIIII,0000,1,1
1894,biased,0.09,0111,IIIIY,IXIII,IXIIY,1111,-1,0
1895,biased,0.09,0000,IIIII,IIIII,IIIII,0000,1,1
1896,biased,0.09,0000,IIIII,IIIII,IIIII,0000,1,1
1897,biased,0.09,0000,IIIII,IIIII,IIIII,0000,1,1
1898,biased,0.09,0000,IIIII,IIIII,IIIII,0000,1,1
1899,biased,0.09,0111,IIIIY,IXIII,IXIIY,1111,-1,0
1900,biased,0.09,0111,IXIYI,IXIII,IIIYI,1111,-1,0
1901,biased,0.09,0011,ZIIZI,IIIIX,ZIIZX,0000,-1,0
1902,biased,0.09,0000,IIIII,IIIII,IIIII,0000,1,1
1903,biased,0.09,0000,IIIII,IIIII,IIIII,0000,1,1
1904,biased,0.09,0000,IIIII,IIIII,IIIII,0000,1,1
1905,biased,0.09,0001,XIIII,XIIII,IIIII,0000,1,1
1906,biased,0.09,0000,IIIII,IIIII,IIIII,0000,1,1
1907,biased,0.09,0000,IIIII,IIIII,IIIII,0000,1,1
1908,biased,0.09,0000,IIIII,IIIII,IIIII,0000,1,1
1909,biased,0.09,0000,IIIII,IIIII,IIIII,0000,1,1
1910,biased,0.09,0000,IIIII,IIIII,IIIII,0000,1,1
1911,biased,0.09,0000,IIIII,IIIII,IIIII,0000,1,1
1912,biased,0.09,1011,IIZZI,XIIII,XIZZI,1010,-1,0
1913,biased,0.09,1010,ZIIII,ZIIII,IIIII,0000,1,1
1914,biased,0.09,0110,IIIXI,IIYII,IIYXI,1000,-1,0
1915,biased,0.09,0000,IIIII,IIIII,IIIII,0000,1,1
1916,biased,0.09,1001,IIIZI,YIIII,YIIZI,0010,-1,0
1917,biased,0.09,0000,IIIII,IIIII,IIIII,0000,1,1
1918,biased,0.09,0000,IIIII,IIIII,IIIII,0000,1,1
1919,biased,0.09,0010,XIIIX,IXIII,XXIIX,1010,-1,0
1920,biased,0.09,0000,IIIII,IIIII,IIIII,0000,1,1
1921,biased,0.09,0000,IIIII,IIIII,IIIII,0000,1,1
1922,biased,0.09,0000,IIIII,IIIII,IIIII,0000,1,1
1923,biased,0.09,0010,IZIIY,IXIII,IYIIY,1010,-1,0
1924,biased,0.09,0000,IIIII,IIIII,IIIII,0000,1,1
1925,biased,0.09,0000,IIIII,IIIII,IIIII,0000,1,1
1926,biased,0.09,0000,IIIII,IIIII,IIIII,0000,1,1
1927,biased,0.09,0000,IIIII,IIIII,IIIII,0000,1,1
1928,biased,0.09,0000,IIIII,IIIII,IIIII,0000,1,1
1929,biased,0.09,0000,IIIII,IIIII,IIIII,0000,1,1
1930,biased,0.09,1001,IIIZI,YIIII,YIIZI,0010,-1,0
1931,biased,0.09,0000,IIIII,IIIII,IIIII,0000,1,1
1932,biased,0.09,0000,IIIII,IIIII,IIIII,0000,1,1
1933,biased,0.09,0000,IIIII,IIIII,IIIII,0000,1,1
1934,biased,0.09,0000,IIIII,IIIII,IIIII,0000,1,1
1935,biased,0.09,0000,IIIII,IIIII,IIIII,0000,1,1
1936,biased,0.09,0010,IIZII,IXIII,IXZII,1010,-1,0
1937,biased,0.09,0011,IIIIX,IIIIX,IIIII,0000,1,1
1938,biased,0.09,0000,IIIII,IIIII,IIIII,0000,1,1
1939,biased,0.09,0000,IIIII,IIIII,IIIII,0000,1,1
1940,biased,0.09,0100,IIIIZ,IZIII,IZIIZ,0001,-1,0
1941,biased,0.09,0000,IIIII,IIIII,IIIII,0000,1,1
1942,biased,0.09,0000,IIIII,IIIII,IIIII,0000,1,1
1943,biased,0.09,0000,IIIII,IIIII,IIIII,0000,1,1
1944,biased,0.09,0000,IIIII,IIIII,IIIII,0000,1,1
1945,biased,0.09,0000,IIIII,IIIII,IIIII,0000,1,1
1946,biased,0.09,0000,IIIII,IIIII,IIIII,0000,1,1
1947,biased,0.09,0011,IIIIX,IIIIX,IIIII,0000,1,1
1948,biased,0.09,0000,IIIII,IIIII,IIIII,0000,1,1
1949,biased,0.09,0001,XIIII,XIIII,IIIII,0000,1,1
1950,biased,0.09,0000,IIIII,IIIII,IIIII,0000,1,1
1951,biased,0.09,0000,IIIII,IIIII,IIIII,0000,1,1
1952,biased,0.09,0000,IIIII,IIIII,IIIII,0000,1,1
1953,biased,0.09,0000,IIIII,IIIII,IIIII,0000,1,1
1954,biased,0.09,0000,IIIII,IIIII,IIIII,0000,1,1
1955,biased,0.09,1001,IIYIY,YIIII,YIYIY,0010,-1,0
1956,biased,0.09,0100,IIIIZ,IZIII,IZIIZ,0001,-1,0
1957,biased,0.09,1110,IIYII,IYIII,IYYII,0011,-1,0
1958,biased,0.09,0000,IIIII,IIIII,IIIII,0000,1,1
1959,biased,0.09,0000,IIIII,IIIII,IIIII,0000,1,1
1960,biased,0.09,0000,IIIII,IIIII,IIIII,0000,1,1
1961,biased,0.09,1100,IIXII,IIIYI,IIXYI,0011,-1,0
1962,biased,0.09,0000,IIIII,IIIII,IIIII,0000,1,1
1963,biased,0.09,1010,ZIIII,ZIIII,IIIII,0000,1,1
1964,biased,0.09,0000,IIIII,IIIII,IIIII,0000,1,1
1965,biased,0.09,1011,YIIII,XIIII,ZIIII,1010,-1,0
1966,biased,0.09,0000,IIIII,IIIII,IIIII,0000,1,1
1967,biased,0.09,1100,IZIZI,IIIYI,IZIXI,0011,-1,0
1968,biased,0.09,1101,IYIII,IZIII,IXIII,1000,-1,0
1969,biased,0.09,0000,IIIII,IIIII,IIIII,0000,1,1
1970,biased,0.09,0000,IIIII,IIIII,IIIII,0000,1,1
1971,biased,0.09,1101,IYIII,IZIII,IXIII,1000,-1,0
1972,biased,0.09,0000,IIIII,IIIII,IIIII,0000,1,1
1973,biased,0.09,1100,IXIIZ,IIIYI,IXIYZ,0011,-1,0
1974,biased,0.09,1100,IIXII,IIIYI,IIXYI,0011,-1,0
1975,biased,0.09,0000,IIIII,IIIII,IIIII,0000,1,1
1976,biased,0.09,0000,IIIII,IIIII,IIIII,0000,1,1
1977,biased,0.09,0111,IIIIY,IXIII,IXIIY,1111,-1,0
1978,biased,0.09,0000,IIIII,IIIII,IIIII,0000,1,1
1979,biased,0.09,0000,IIIII,IIIII,IIIII,0000,1,1
1980,biased,0.09,0000,IIIII,IIIII,IIIII,0000,1,1
1981,biased,0.09,0000,IIIII,IIIII,IIIII,0000,1,1
1982,biased,0.09,0000,IIIII,IIIII,IIIII,0000,1,1
1983,biased,0.09,0000,IIIII,IIIII,IIIII,0000,1,1
1984,biased,0.09,0000,IIIII,IIIII,IIIII,0000,1,1
1985,biased,0.09,0000,IIIII,IIIII,IIIII,0000,1,1
1986,biased,0.09,1101,IYIII,IZIII,IXIII,1000,-1,0
1987,biased,0.09,1110,ZIIIZ,IYIII,ZYIIZ,0011,-1,0
1988,biased,0.09,0000,IIIII,IIIII,IIIII,0000,1,1
1989,biased,0.09,0000,IIIII,IIIII,IIIII,0000,1,1
1990,biased,0.09,0000,IIIII,IIIII,IIIII,0000,1,1
1991,biased,0.09,0101,IZIII,ZIIII,ZZIII,1111,-1,0
1992,biased,0.09,0000,IIIII,IIIII,IIIII,0000,1,1
1993,biased,0.09,0101,IIXZI,ZIIII,ZIXZI,1111,-1,0
1994,biased,0.09,0001,XIIII,XIIII,IIIII,0000,1,1
1995,biased,0.09,0000,IIIII,IIIII,IIIII,0000,1,1
1996,biased,0.09,0000,IIIII,IIIII,IIIII,0000,1,1
1997,biased,0.09,0000,IIIII,IIIII,IIIII,0000,1,1
1998,biased,0.09,0000,IIIII,IIIII,IIIII,0000,1,1
1999,biased,0.09,1111,IIIYI,IZIII,IZIYI,1010,-1,0
2000,biased,0.09,0000,IIIII,IIIII,IIIII,0000,1,1
2001,biased,0.09,0000,IIIII,IIIII,IIIII,0000,1,1
2002,biased,0.09,0000,IIIII,IIIII,IIIII,0000,1,1
2003,biased,0.09,1011,YIIII,XIIII,ZIIII,1010,-1,0
2004,biased,0.09,0000,IIIII,IIIII,IIIII,0000,1,1
2005,biased,0.09,0000,IIIII,IIIII,IIIII,0000,1,1
2006,biased,0.09,0000,IIIII,IIIII,IIIII,0000,1,1
2007,biased,0.09,1110,IIYII,IYIII,IYYII,0011,-1,0
2008,biased,0.09,0100,IIIIZ,IZIII,IZIIZ,0001,-1,0
2009,biased,0.09,0000,IIIII,IIIII,IIIII,0000,1,1
2010,biased,0.09,0000,IIIII,IIIII,IIIII,0000,1,1
2011,biased,0.09,1100,IIXII,IIIYI,IIXYI,0011,-1,0
2012,biased,0.09,0011,IIIIX,IIIIX,IIIII,0000,1,1
2013,biased,0.09,0000,IIIII,IIIII,IIIII,0000,1,1
2014,biased,0.09,1001,IIIZI,YIIII,YIIZI,0010,-1,0
2015,biased,0.09,0000,IIIII,IIIII,IIIII,0000,1,1
2016,biased,0.09,0011,IIIIX,IIIIX,IIIII,0000,1,1
2017,biased,0.09,1010,ZIIII,ZIIII,IIIII,0000,1,1
2018,biased,0.09,0000,IIIII,IIIII,IIIII,0000,1,1
2019,biased,0.09,0000,IIIII,IIIII,IIIII,0000,1,1
2020,biased,0.09,0000,IIIII,IIIII,IIIII,0000,1,1
2021,biased,0.09,0000,IIIII,IIIII,IIIII,0000,1,1
2022,biased,0.09,0000,IIIII,IIIII,IIIII,0000,1,1
2023,biased,0.09,0100,IIIIZ,IZIII,IZIIZ,0001,-1,0
2024,biased,0.09,0000,IIIII,IIIII,IIIII,0000,1,1
2025,biased,0.09,0000,IIIII,IIIII,IIIII,0000,1,1
2026,biased,0.09,0001,XIIII,XIIII,IIIII,0000,1,1
2027,biased,0.09,1110,IIYII,IYIII,IYYII,0011,-1,0
2028,biased,0.09,0000,IIIII,IIIII,IIIII,0000,1,1
2029,biased,0.09,0000,IIIII,IIIII,IIIII,0000,1,1
2030,biased,0.09,0011,IIIIX,IIIIX,IIIII,0000,1,1
2031,biased,0.09,0111,IIIIY,IXIII,IXIIY,1111,-1,0
2032,biased,0.09,1000,YIIIX,IXIII,YXIIX,0000,-1,0
2033,biased,0.09,0000,IIIII,IIIII,IIIII,0000,1,1
2034,biased,0.09,1110,IIYII,IYIII,IYYII,0011,-1,0
2035,biased,0.09,0000,IIIII,IIIII,IIIII,0000,1,1
2036,biased,0.09,0100,IIIIZ,IZIII,IZIIZ,0001,-1,0
2037,biased,0.09,0100,IIZXI,IZIII,IZZXI,0001,-1,0
2038,biased,0.09,0000,IIIII,IIIII,IIIII,0000,1,1
2039,biased,0.09,0000,IIIII,IIIII,IIIII,0000,1,1
2040,biased,0.09,1011,YIIII,XIIII,ZIIII,1010,-1,0
2041,biased,0.09,0000,IIIII,IIIII,IIIII,0000,1,1
2042,biased,0.09,0000,IIIII,IIIII,IIIII,0000,1,1
2043,biased,0.09,0000,IIIII,IIIII,IIIII,0000,1,1
2044,biased,0.09,0000,IIIII,IIIII,IIIII,0000,1,1
2045,biased,0.09,1010,ZIIII,ZIIII,IIIII,0000,1,1
2046,biased,0.09,0000,IIIII,IIIII,IIIII,0000,1,1
2047,biased,0.09,0111,IIIIY,IXIII,IXIIY,1111,-1,0
2048,biased,0.09,0000,IIIII,IIIII,IIIII,0000,1,1
2049,biased,0.09,0001,XIIII,XIIII,IIIII,0000,1,1
2050,biased,0.09,0000,IIIII,IIIII,IIIII,0000,1,1
2051,biased,0.09,0000,IIIII,IIIII,IIIII,0000,1,1
2052,biased,0.09,0000,IIIII,IIIII,IIIII,0000,1,1
2053,biased,0.09,1100,IIXII,IIIYI,IIXYI,0011,-1,0
2054,biased,0.09,0000,IIIII,IIIII,IIIII,0000,1,1
2055,biased,0.09,1101,ZIIIY,IZIII,ZZIIY,1000,-1,0
2056,biased,0.09,1100,IIXII,IIIYI,IIXYI,0011,-1,0
2057,biased,0.09,0000,IIIII,IIIII,IIIII,0000,1,1
2058,biased,0.09,0110,YYIII,IIYII,YYYII,1000,-1,0
2059,biased,0.09,0000,IIIII,IIIII,IIIII,0000,1,1
2060,biased,0.09,1011,IIIYZ,XIIII,XIIYZ,1010,-1,0
2061,biased,0.09,0000,IIIII,IIIII,IIIII,0000,1,1
2062,biased,0.09,0010,YIIZI,IXIII,YXIZI,1010,-1,0
2063,biased,0.09,1001,IIIZI,YIIII,YIIZI,0010,-1,0
2064,biased,0.09,0000,IIIII,IIIII,IIIII,0000,1,1
2065,biased,0.09,0000,IIIII,IIIII,IIIII,0000,1,1
2066,biased,0.09,1100,YIIIY,IIIYI,YIIYY,0011,-1,0
2067,biased,0.09,0000,IIIII,IIIII,IIIII,0000,1,1
2068,biased,0.09,0000,IIIII,IIIII,IIIII,0000,1,1
2069,biased,0.09,0000,IIIII,IIIII,IIIII,0000,1,1
2070,biased,0.09,1010,ZIIII,ZIIII,IIIII,0000,1,1
2071,biased,0.09,0000,IIIII,IIIII,IIIII,0000,1,1
2072,biased,0.09,1011,ZYXII,XIIII,YYXII,1010,-1,0
2073,biased,0.09,1010,ZIIII,ZIIII,IIIII,0000,1,1
2074,biased,0.09,0000,IIIII,IIIII,IIIII,0000,1,1
2075,biased,0.09,1111,IIIYI,IZIII,IZIYI,1010,-1,0
2076,biased,0.09,1100,IIXII,IIIYI,IIXYI,0011,-1,0
2077,biased,0.09,0101,XIZXI,ZIIII,YIZXI,1111,-1,0
2078,biased,0.09,0001,XIIII,XIIII,IIIII,0000,1,1
2079,biased,0.09,0101,IZIII,ZIIII,ZZIII,1111,-1,0
2080,biased,0.09,0000,IIIII,IIIII,IIIII,0000,1,1
2081,biased,0.09,1010,ZIIII,ZIIII,IIIII,0000,1,1
2082,biased,0.09,0000,IIIII,IIIII,IIIII,0000,1,1
2083,biased,0.09,0000,IIIII,IIIII,IIIII,0000,1,1
2084,biased,0.09,0000,IIIII,IIIII,IIIII,0000,1,1
2085,biased,0.09,0000,IIIII,IIIII,IIIII,0000,1,1
2086,biased,0.09,1011,YIIII,XIIII,ZIIII,1010,-1,0
2087,biased,0.09,0000,IIIII,IIIII,IIIII,0000,1,1
2088,biased,0.09,0101,IZIII,ZIIII,ZZIII,1111,-1,0
2089,biased,0.09,1011,YIIII,XIIII,ZIIII,1010,-1,0
2090,biased,0.09,0000,IIIII,IIIII,IIIII,0000,1,1
2091,biased,0.09,0000,IIIII,IIIII,IIIII,0000,1,1
2092,biased,0.09,1100,IIXII,IIIYI,IIXYI,0011,-1,0
2093,biased,0.09,0000,IIIII,IIIII,IIIII,0000,1,1
2094,biased,0.09,0000,IIIII,IIIII,IIIII,0000,1,1
2095,biased,0.09,1100,IIXII,IIIYI,IIXYI,0011,-1,0
2096,biased,0.09,0000,IIIII,IIIII,IIIII,0000,1,1
2097,biased,0.09,0000,IIIII,IIIII,IIIII,0000,1,1
2098,biased,0.09,0000,IIIII,IIIII,IIIII,0000,1,1
2099,biased,0.09,0000,IIIII,IIIII,IIIII,0000,1,1
2100,biased,0.09,0000,IIIII,IIIII,IIIII,0000,1,1
2101,biased,0.09,0000,IIIII,IIIII,IIIII,0000,1,1
2102,biased,0.09,0000,IIIII,IIIII,IIIII,0000,1,1
2103,biased,0.09,0000,IIIII,IIIII,IIIII,0000,1,1
2104,biased,0.09,0000,IIIII,IIIII,IIIII,0000,1,1
2105,biased,0.09,0000,IIIII,IIIII,IIIII,0000,1,1
2106,biased,0.09,0000,IIIII,IIIII,IIIII,0000,1,1
2107,biased,0.09,0000,IIIII,IIIII,IIIII,0000,1,1
2108,biased,0.09,1010,IIXXI,ZIIII,ZIXXI,0000,-1,0
2109,biased,0.09,0000,IIIII,IIIII,IIIII,0000,1,1
2110,biased,0.09,0000,IIIII,IIIII,IIIII,0000,1,1
2111,biased,0.09,0101,IIIXX,ZIIII,ZIIXX,1111,-1,0
2112,biased,0.09,1000,IXIII,IXIII,IIIII,0000,1,1
2113,biased,0.09,0000,IIIII,IIIII,IIIII,0000,1,1
2114,biased,0.09,0100,IYIZI,IZIII,IXIZI,0001,-1,0
2115,biased,0.09,1111,IIIYI,IZIII,IZIYI,1010,-1,0
2116,biased,0.09,0000,IIIII,IIIII,IIIII,0000,1,1
2117,biased,0.09,0011,IIIIX,IIIIX,IIIII,0000,1,1
2118,biased,0.09,0000,IIIII,IIIII,IIIII,0000,1,1
2119,biased,0.09,0000,IIIII,IIIII,IIIII,0000,1,1
2120,biased,0.09,0000,IIIII,IIIII,IIIII,0000,1,1
2121,biased,0.09,0000,IIIII,IIIII,IIIII,0000,1,1
2122,biased,0.09,0000,IIIII,IIIII,IIIII,0000,1,1
2123,biased,0.09,0000,IIIII,IIIII,IIIII,0000,1,1
2124,biased,0.09,0000,IIIII,IIIII,IIIII,0000,1,1
2125,biased,0.09,0000,IIIII,IIIII,IIIII,0000,1,1
2126,biased,0.09,0000,IIIII,IIIII,IIIII,0000,1,1
2127,biased,0.09,1111,IIIYI,IZIII,IZIYI,1010,-1,0
2128,biased,0.09,1110,IIYII,IYIII,IYYII,0011,-1,0
2129,biased,0.09,0000,IIIII,IIIII,IIIII,0000,1,1
2130,biased,0.09,0000,IIIII,IIIII,IIIII,0000,1,1
2131,biased,0.09,0000,IIIII,IIIII,IIIII,0000,1,1
2132,biased,0.09,0000,IIIII,IIIII,IIIII,0000,1,1
2133,biased,0.09,0000,IIIII,IIIII,IIIII,0000,1,1
2134,biased,0.09,0000,IIIII,IIIII,IIIII,0000,1,1
2135,biased,0.09,0000,IIIII,IIIII,IIIII,0000,1,1
2136,biased,0.09,0000,IIIII,IIIII,IIIII,0000,1,1
2137,biased,0.09,1101,IYIII,IZIII,IXIII,1000,-1,0
2138,biased,0.09,0100,YIIYI,IZIII,YZIYI,0001,-1,0
2139,biased,0.09,0000,IIIII,IIIII,IIIII,0000,1,1
2140,biased,0.09,1010,ZIIII,ZIIII,IIIII,0000,1,1
2141,biased,0.09,0000,IIIII,IIIII,IIIII,0000,1,1
2142,biased,0.09,0000,IIIII,IIIII,IIIII,0000,1,1
2143,biased,0.09,0000,IIIII,IIIII,IIIII,0000,1,1
2144,biased,0.09,0000,IIIII,IIIII,IIIII,0000,1,1
2145,biased,0.09,0010,IIZII,IXIII,IXZII,1010,-1,0
2146,biased,0.09,0001,XIIII,XIIII,IIIII,0000,1,1
2147,biased,0.09,0000,IIIII,IIIII,IIIII,0000,1,1
2148,biased,0.09,1100,IIXII,IIIYI,IIXYI,0011,-1,0
2149,biased,0.09,0000,IIIII,IIIII,IIIII,0000,1,1
2150,biased,0.09,0000,IIIII,IIIII,IIIII,0000,1,1
2151,biased,0.09,0000,IIIII,IIIII,IIIII,0000,1,1
2152,biased,0.09,0110,IIIXI,IIYII,IIYXI,1000,-1,0
2153,biased,0.09,0000,IIIII,IIIII,IIIII,0000,1,1
2154,biased,0.09,1000,IXIII,IXIII,IIIII,0000,1,1
2155,biased,0.09,0110,IZIIX,IIYII,IZYIX,1000,-1,0
2156,biased,0.09,0000,IIIII,IIIII,IIIII,0000,1,1
2157,biased,0.09,0000,IIIII,IIIII,IIIII,0000,1,1
2158,biased,0.09,0000,IIIII,IIIII,IIIII,0000,1,1
2159,biased,0.09,0000,IIIII,IIIII,IIIII,0000,1,1
2160,biased,0.09,0000,IIIII,IIIII,IIIII,0000,1,1
2161,biased,0.09,0000,IIIII,IIIII,IIIII,0000,1,1
2162,biased,0.09,0001,XIIII,XIIII,IIIII,0000,1,1
2163,biased,0.09,0000,IIIII,IIIII,IIIII,0000,1,1
2164,biased,0.09,1010,ZIIII,ZIIII,IIIII,0000,1,1
2165,biased,0.09,0000,IIIII,IIIII,IIIII,0000,1,1
2166,biased,0.09,0000,IIIII,IIIII,IIIII,0000,1,1
2167,biased,0.09,0000,IIIII,IIIII,IIIII,0000,1,1
2168,biased,0.09,0000,IIIII,IIIII,IIIII,0000,1,1
2169,biased,0.09,0000,IIIII,IIIII,IIIII,0000,1,1
2170,biased,0.09,0000,IIIII,IIIII,IIIII,0000,1,1
2171,biased,0.09,0000,IIIII,IIIII,IIIII,0000,1,1
2172,biased,0.09,0000,IIIII,IIIII,IIIII,0000,1,1
2173,biased,0.09,0000,IIIII,IIIII,IIIII,0000,1,1
2174,biased,0.09,1101,IYIII,IZIII,IXIII,1000,-1,0
2175,biased,0.09,1100,XYIII,IIIYI,XYIYI,0011,-1,0
2176,biased,0.09,0000,IIIII,IIIII,IIIII,0000,1,1
2177,biased,0.09,0110,IIIXI,IIYII,IIYXI,1000,-1,0
2178,biased,0.09,0100,ZIYII,IZIII,ZZYII,0001,-1,0
2179,biased,0.09,1101,IYIII,IZIII,IXIII,1000,-1,0
2180,biased,0.09,1010,ZIIII,ZIIII,IIIII,0000,1,1
2181,biased,0.09,0001,XIIII,XIIII,IIIII,0000,1,1
2182,biased,0.09,0000,IIIII,IIIII,IIIII,0000,1,1
2183,biased,0.09,0010,IIZII,IXIII,IXZII,1010,-1,0
2184,biased,0.09,0000,IIIII,IIIII,IIIII,0000,1,1
2185,biased,0.09,0000,IIIII,IIIII,IIIII,0000,1,1
2186,biased,0.09,1000,IXIII,IXIII,IIIII,0000,1,1
2187,biased,0.09,0010,IIZII,IXIII,IXZII,1010,-1,0
2188,biased,0.09,0011,IIIIX,IIIIX,IIIII,0000,1,1
2189,biased,0.09,0000,IIIII,IIIII,IIIII,0000,1,1
2190,biased,0.09,0000,IIIII,IIIII,IIIII,0000,1,1
2191,biased,0.09,1001,IIIZI,YIIII,YIIZI,0010,-1,0
2192,biased,0.09,0000,IIIII,IIIII,IIIII,0000,1,1
2193,biased,0.09,0000,IIIII,IIIII,IIIII,0000,1,1
2194,biased,0.09,0001,XIIII,XIIII,IIIII,0000,1,1
2195,biased,0.09,0000,IIIII,IIIII,IIIII,0000,1,1
2196,biased,0.09,0000,IIIII,IIIII,IIIII,0000,1,1
2197,biased,0.09,1100,YIIIY,IIIYI,YIIYY,0011,-1,0
2198,biased,0.09,0000,IIIII,IIIII,IIIII,0000,1,1
2199,biased,0.09,0011,IIIIX,IIIIX,IIIII,0000,1,1
2200,biased,0.09,0000,IIIII,IIIII,IIIII,0000,1,1
2201,biased,0.09,0000,IIIII,IIIII,IIIII,0000,1,1
2202,biased,0.09,0000,IIIII,IIIII,IIIII,0000,1,1
2203,biased,0.09,0000,IIIII,IIIII,IIIII,0000,1,1
2204,biased,0.09,1000,YIIIX,IXIII,YXIIX,0000,-1,0
2205,biased,0.09,0000,IIIII,IIIII,IIIII,0000,1,1
2206,biased,0.09,0000,IIIII,IIIII,IIIII,0000,1,1
2207,biased,0.09,0000,IIIII,IIIII,IIIII,0000,1,1
2208,biased,0.09,0000,IIIII,IIIII,IIIII,0000,1,1
2209,biased,0.09,0000,IIIII,IIIII,IIIII,0000,1,1
2210,biased,0.09,0000,IIIII,IIIII,IIIII,0000,1,1
2211,biased,0.09,1110,IIYII,IYIII,IYYII,0011,-1,0
2212,biased,0.09,0000,IIIII,IIIII,IIIII,0000,1,1
2213,biased,0.09,0000,IIIII,IIIII,IIIII,0000,1,1
2214,biased,0.09,0000,IIIII,IIIII,IIIII,0000,1,1
2215,biased,0.09,0000,IIIII,IIIII,IIIII,0000,1,1
2216,biased,0.09,0000,IIIII,IIIII,IIIII,0000,1,1
2217,biased,0.09,1000,IXIII,IXIII,IIIII,0000,1,1
2218,biased,0.09,0000,IIIII,IIIII,IIIII,0000,1,1
2219,biased,0.09,1100,IIXII,IIIYI,IIXYI,0011,-1,0
2220,biased,0.09,0000,IIIII,IIIII,IIIII,0000,1,1
2221,biased,0.09,0000,IIIII,IIIII,IIIII,0000,1,1
2222,biased,0.09,1101,IYIII,IZIII,IXIII,1000,-1,0
2223,biased,0.09,1010,IXZII,ZIIII,ZXZII,0000,-1,0
2224,biased,0.09,1110,IIYII,IYIII,IYYII,0011,-1,0
2225,biased,0.09,0000,IIIII,IIIII,IIIII,0000,1,1
2226,biased,0.09,0001,XIIII,XIIII,IIIII,0000,1,1
2227,biased,0.09,0000,IIIII,IIIII,IIIII,0000,1,1
2228,biased,0.09,0011,IZIXI,IIIIX,IZIXX,0000,-1,0
2229,biased,0.09,1000,IXIII,IXIII,IIIII,0000,1,1
2230,biased,0.09,0000,IIIII,IIIII,IIIII,0000,1,1
2231,biased,0.09,0000,IIIII,IIIII,IIIII,0000,1,1
2232,biased,0.09,1110,XIIYI,IYIII,XYIYI,0011,-1,0
2233,biased,0.09,0111,IIIIY,IXIII,IXIIY,1111,-1,0
2234,biased,0.09,0000,IIIII,IIIII,IIIII,0000,1,1
2235,biased,0.09,1100,IIXII,IIIYI,IIXYI,0011,-1,0
2236,biased,0.09,0000,IIIII,IIIII,IIIII,0000,1,1
2237,biased,0.09,0001,XIIII,XIIII,IIIII,0000,1,1
2238,biased,0.09,0000,IIIII,IIIII,IIIII,0000,1,1
2239,biased,0.09,0000,IIIII,IIIII,IIIII,0000,1,1
2240,biased,0.09,0001,XIIII,XIIII,IIIII,0000,1,1
2241,biased,0.09,0000,IIIII,IIIII,IIIII,0000,1,1
2242,biased,0.09,0000,IIIII,IIIII,IIIII,0000,1,1
2243,biased,0.09,1000,IXIII,IXIII,IIIII,0000,1,1
2244,biased,0.09,1111,IIIYI,IZIII,IZIYI,1010,-1,0
2245,biased,0.09,1010,IXZII,ZIIII,ZXZII,0000,-1,0
2246,biased,0.09,0000,IIIII,IIIII,IIIII,0000,1,1
2247,biased,0.09,0000,IIIII,IIIII,IIIII,0000,1,1
2248,biased,0.09,0000,IIIII,IIIII,IIIII,0000,1,1
2249,biased,0.09,0000,IIIII,IIIII,IIIII,0000,1,1
2250,biased,0.09,0000,IIIII,IIIII,IIIII,0000,1,1
2251,biased,0.09,0000,IIIII,IIIII,IIIII,0000,1,1
2252,biased,0.09,0000,IIIII,IIIII,IIIII,0000,1,1
2253,biased,0.09,1011,YIIII,XIIII,ZIIII,1010,-1,0
2254,biased,0.09,0000,IIIII,IIIII,IIIII,0000,1,1
2255,biased,0.09,0101,IZIII,ZIIII,ZZIII,1111,-1,0
2256,biased,0.09,0000,IIIII,IIIII,IIIII,0000,1,1
2257,biased,0.09,0000,IIIII,IIIII,IIIII,0000,1,1
2258,biased,0.09,0000,IIIII,IIIII,IIIII,0000,1,1
2259,biased,0.09,0000,IIIII,IIIII,IIIII,0000,1,1
2260,biased,0.09,0000,IIIII,IIIII,IIIII,0000,1,1
2261,biased,0.09,0000,IIIII,IIIII,IIIII,0000,1,1
2262,biased,0.09,1000,IXIII,IXIII,IIIII,0000,1,1
2263,biased,0.09,0000,IIIII,IIIII,IIIII,0000,1,1
2264,biased,0.09,1110,IIYII,IYIII,IYYII,0011,-1,0
2265,biased,0.09,0000,IIIII,IIIII,IIIII,0000,1,1
2266,biased,0.09,0000,IIIII,IIIII,IIIII,0000,1,1
2267,biased,0.09,0001,XIIII,XIIII,IIIII,0000,1,1
2268,biased,0.09,0000,IIIII,IIIII,IIIII,0000,1,1
2269,biased,0.09,0000,IIIII,IIIII,IIIII,0000,1,1
2270,biased,0.09,1010,ZIIII,ZIIII,IIIII,0000,1,1
2271,biased,0.09,1110,IIYII,IYIII,IYYII,0011,-1,0
2272,biased,0.09,0000,IIIII,IIIII,IIIII,0000,1,1
2273,biased,0.09,0000,IIIII,IIIII,IIIII,0000,1,1
2274,biased,0.09,0111,IIIIY,IXIII,IXIIY,1111,-1,0
2275,biased,0.09,0010,IIZII,IXIII,IXZII,1010,-1,0
2276,biased,0.09,1001,IIIZI,YIIII,YIIZI,0010,-1,0
2277,biased,0.09,0111,IIIIY,IXIII,IXIIY,1111,-1,0
2278,biased,0.09,0000,IIIII,IIIII,IIIII,0000,1,1
2279,biased,0.09,0000,IIIII,IIIII,IIIII,0000,1,1
2280,biased,0.09,0000,IIIII,IIIII,IIIII,0000,1,1
2281,biased,0.09,0000,IIIII,IIIII,IIIII,0000,1,1
2282,biased,0.09,0010,ZIIYY,IXIII,ZXIYY,1010,-1,0
2283,biased,0.09,1100,IIXII,IIIYI,IIXYI,0011,-1,0
2284,biased,0.09,0111,IIIIY,IXIII,IXIIY,1111,-1,0
2285,biased,0.09,0000,IIIII,IIIII,IIIII,0000,1,1
2286,biased,0.09,0000,IIIII,IIIII,IIIII,0000,1,1
2287,biased,0.09,0000,IIIII,IIIII,IIIII,0000,1,1
2288,biased,0.09,0110,IIIXI,IIYII,IIYXI,1000,-1,0
2289,biased,0.09,0000,IIIII,IIIII,IIIII,0000,1,1
2290,biased,0.09,0100,IIIIZ,IZIII,IZIIZ,0001,-1,0
2291,biased,0.09,0000,IIIII,IIIII,IIIII,0000,1,1
2292,biased,0.09,0000,IIIII,IIIII,IIIII,0000,1,1
2293,biased,0.09,0110,XIIIY,IIYII,XIYIY,1000,-1,0
2294,biased,0.09,0010,IIZII,IXIII,IXZII,1010,-1,0
2295,biased,0.09,0000,IIIII,IIIII,IIIII,0000,1,1
2296,biased,0.09,0101,YIYII,ZIIII,XIYII,1111,-1,0
2297,biased,0.09,0000,IIIII,IIIII,IIIII,0000,1,1
2298,biased,0.09,1011,IIZZI,XIIII,XIZZI,1010,-1,0
2299,biased,0.09,0000,IIIII,IIIII,IIIII,0000,1,1
2300,biased,0.09,1000,IXIII,IXIII,IIIII,0000,1,1
2301,biased,0.09,0000,IIIII,IIIII,IIIII,0000,1,1
2302,biased,0.09,1010,IIXXI,ZIIII,ZIXXI,0000,-1,0
2303,biased,0.09,1100,IIXII,IIIYI,IIXYI,0011,-1,0
2304,biased,0.09,0000,IIIII,IIIII,IIIII,0000,1,1
2305,biased,0.09,0000,IIIII,IIIII,IIIII,0000,1,1
2306,biased,0.09,0000,IIIII,IIIII,IIIII,0000,1,1
2307,biased,0.09,0000,IIIII,IIIII,IIIII,0000,1,1
2308,biased,0.09,0000,IIIII,IIIII,IIIII,0000,1,1
2309,biased,0.09,0001,XIIII,XIIII,IIIII,0000,1,1
2310,biased,0.09,0000,IIIII,IIIII,IIIII,0000,1,1
2311,biased,0.09,0000,IIIII,IIIII,IIIII,0000,1,1
2312,biased,0.09,0000,IIIII,IIIII,IIIII,0000,1,1
2313,biased,0.09,0101,IZIII,ZIIII,ZZIII,1111,-1,0
2314,biased,0.09,0000,IIIII,IIIII,IIIII,0000,1,1
2315,biased,0.09,0000,IIIII,IIIII,IIIII,0000,1,1
2316,biased,0.09,0010,IIZII,IXIII,IXZII,1010,-1,0
2317,biased,0.09,1111,IIIYI,IZIII,IZIYI,1010,-1,0
2318,biased,0.09,0000,IIIII,IIIII,IIIII,0000,1,1
2319,biased,0.09,1011,YIIII,XIIII,ZIIII,1010,-1,0
2320,biased,0.09,0000,IIIII,IIIII,IIIII,0000,1,1
2321,biased,0.09,0000,IIIII,IIIII,IIIII,0000,1,1
2322,biased,0.09,0000,IIIII,IIIII,IIIII,0000,1,1
2323,biased,0.09,0000,IIIII,IIIII,IIIII,0000,1,1
2324,biased,0.09,0000,IIIII,IIIII,IIIII,0000,1,1
2325,biased,0.09,0000,IIIII,IIIII,IIIII,0000,1,1
2326,biased,0.09,0011,IIIIX,IIIIX,IIIII,0000,1,1
2327,biased,0.09,0001,XIIII,XIIII,IIIII,0000,1,1
2328,biased,0.09,0000,IIIII,IIIII,IIIII,0000,1,1
2329,biased,0.09,0000,IIIII,IIIII,IIIII,0000,1,1
2330,biased,0.09,0101,IIXZI,ZIIII,ZIXZI,1111,-1,0
2331,biased,0.09,0000,IIIII,IIIII,IIIII,0000,1,1
2332,biased,0.09,0000,IIIII,IIIII,IIIII,0000,1,1
2333,biased,0.09,0000,IIIII,IIIII,IIIII,0000,1,1
2334,biased,0.09,1011,IIIYZ,XIIII,XIIYZ,1010,-1,0
2335,biased,0.09,0000,IIIII,IIIII,IIIII,0000,1,1
2336,biased,0.09,0010,IIZII,IXIII,IXZII,1010,-1,0
2337,biased,0.09,0000,IIIII,IIIII,IIIII,0000,1,1
2338,biased,0.09,0000,IIIII,IIIII,IIIII,0000,1,1
2339,biased,0.09,1101,IYIII,IZIII,IXIII,1000,-1,0
2340,biased,0.09,0010,IIZII,IXIII,IXZII,1010,-1,0
2341,biased,0.09,0000,IIIII,IIIII,IIIII,0000,1,1
2342,biased,0.09,0001,XIIII,XIIII,IIIII,0000,1,1
2343,biased,0.09,0000,IIIII,IIIII,IIIII,0000,1,1
2344,biased,0.09,0000,IIIII,IIIII,IIIII,0000,1,1
2345,biased,0.09,0000,IIIII,IIIII,IIIII,0000,1,1
2346,biased,0.09,1110,IIYII,IYIII,IYYII,0011,-1,0
2347,biased,0.09,1001,IIIZI,YIIII,YIIZI,0010,-1,0
2348,biased,0.09,0000,IIIII,IIIII,IIIII,0000,1,1
2349,biased,0.09,0100,IIIIZ,IZIII,IZIIZ,0001,-1,0
2350,biased,0.09,0000,IIIII,IIIII,IIIII,0000,1,1
2351,biased,0.09,0000,IIIII,IIIII,IIIII,0000,1,1
2352,biased,0.09,0000,IIIII,IIIII,IIIII,0000,1,1
2353,biased,0.09,1011,YIIII,XIIII,ZIIII,1010,-1,0
2354,biased,0.09,1000,IXIII,IXIII,IIIII,0000,1,1
2355,biased,0.09,0000,IIIII,IIIII,IIIII,0000,1,1
2356,biased,0.09,1001,IIIZI,YIIII,YIIZI,0010,-1,0
2357,biased,0.09,1001,IIIZI,YIIII,YIIZI,0010,-1,0
2358,biased,0.09,0000,IIIII,IIIII,IIIII,0000,1,1
2359,biased,0.09,0000,IIIII,IIIII,IIIII,0000,1,1
2360,biased,0.09,1011,YIIII,XIIII,ZIIII,1010,-1,0
2361,biased,0.09,0000,IIIII,IIIII,IIIII,0000,1,1
2362,biased,0.09,0000,IIIII,IIIII,IIIII,0000,1,1
2363,biased,0.09,0000,IIIII,IIIII,IIIII,0000,1,1
2364,biased,0.09,0000,IIIII,IIIII,IIIII,0000,1,1
2365,biased,0.09,0000,IIIII,IIIII,IIIII,0000,1,1
2366,biased,0.09,0000,IIIII,IIIII,IIIII,0000,1,1
2367,biased,0.09,0000,IIIII,IIIII,IIIII,0000,1,1
2368,biased,0.09,0000,IIIII,IIIII,IIIII,0000,1,1
2369,biased,0.09,0101,IIXZI,ZIIII,ZIXZI,1111,-1,0
2370,biased,0.09,0000,IIIII,IIIII,IIIII,0000,1,1
2371,biased,0.09,0000,IIIII,IIIII,IIIII,0000,1,1
2372,biased,0.09,1111,IIXIX,IZIII,IZXIX,1010,-1,0
2373,biased,0.09,0000,IIIII,IIIII,IIIII,0000,1,1
2374,biased,0.09,0000,IIIII,IIIII,IIIII,0000,1,1
2375,biased,0.09,0110,IZIIX,IIYII,IZYIX,1000,-1,0
2376,biased,0.09,0000,IIIII,IIIII,IIIII,0000,1,1
2377,biased,0.09,0110,IIIXI,IIYII,IIYXI,1000,-1,0
2378,biased,0.09,0001,XIIII,XIIII,IIIII,0000,1,1
2379,biased,0.09,0000,IIIII,IIIII,IIIII,0000,1,1
2380,biased,0.09,1011,IYIXI,XIIII,XYIXI,1010,-1,0
2381,biased,0.09,0000,IIIII,IIIII,IIIII,0000,1,1
2382,biased,0.09,1010,ZIIII,ZIIII,IIIII,0000,1,1
2383,biased,0.09,1010,ZIIII,ZIIII,IIIII,0000,1,1
2384,biased,0.09,1011,IYIXI,XIIII,XYIXI,1010,-1,0
2385,biased,0.09,0000,IIIII,IIIII,IIIII,0000,1,1
2386,biased,0.09,0011,IIIIX,IIIIX,IIIII,0000,1,1
2387,biased,0.09,0000,IIIII,IIIII,IIIII,0000,1,1
2388,biased,0.09,0000,IIIII,IIIII,IIIII,0000,1,1
2389,biased,0.09,0000,IIIII,IIIII,IIIII,0000,1,1
2390,biased,0.09,1001,IIIZI,YIIII,YIIZI,0010,-1,0
2391,biased,0.09,0000,IIIII,IIIII,IIIII,0000,1,1
2392,biased,0.09,0000,IIIII,IIIII,IIIII,0000,1,1
2393,biased,0.09,0000,IIIII,IIIII,IIIII,0000,1,1
2394,biased,0.09,0000,IIIII,IIIII,IIIII,0000,1,1
2395,biased,0.09,0000,IIIII,IIIII,IIIII,0000,1,1
2396,biased,0.09,0000,IIIII,IIIII,IIIII,0000,1,1
2397,biased,0.09,0000,IIIII,IIIII,IIIII,0000,1,1
2398,biased,0.09,0000,IIIII,IIIII,IIIII,0000,1,1
2399,biased,0.09,0000,IIIII,IIIII,IIIII,0000,1,1
2400,biased,0.09,0000,IIIII,IIIII,IIIII,0000,1,1
2401,biased,0.09,1001,IIIZI,YIIII,YIIZI,0010,-1,0
2402,biased,0.09,1110,YZIII,IYIII,YXIII,0011,-1,0
2403,biased,0.09,0000,IIIII,IIIII,IIIII,0000,1,1
2404,biased,0.09,0000,IIIII,IIIII,IIIII,0000,1,1
2405,biased,0.09,0000,IIIII,IIIII,IIIII,0000,1,1
2406,biased,0.09,0000,IIIII,IIIII,IIIII,0000,1,1
2407,biased,0.09,0000,IIIII,IIIII,IIIII,0000,1,1
2408,biased,0.09,0000,IIIII,IIIII,IIIII,0000,1,1
2409,biased,0.09,1110,IIYII,IYIII,IYYII,0011,-1,0
2410,biased,0.09,1110,IIYII,IYIII,IYYII,0011,-1,0
2411,biased,0.09,0001,XIIII,XIIII,IIIII,0000,1,1
2412,biased,0.09,0000,IIIII,IIIII,IIIII,0000,1,1
2413,biased,0.09,1110,IYIIX,IYIII,IIIIX,0011,-1,0
2414,biased,0.09,1110,IIYII,IYIII,IYYII,0011,-1,0
2415,biased,0.09,1100,IIXII,IIIYI,IIXYI,0011,-1,0
2416,biased,0.09,0000,IIIII,IIIII,IIIII,0000,1,1
2417,biased,0.09,0000,IIIII,IIIII,IIIII,0000,1,1
2418,biased,0.09,0000,IIIII,IIIII,IIIII,0000,1,1
2419,biased,0.09,0010,IIZII,IXIII,IXZII,1010,-1,0
2420,biased,0.09,0000,IIIII,IIIII,IIIII,0000,1,1
2421,biased,0.09,0000,IIIII,IIIII,IIIII,0000,1,1
2422,biased,0.09,1010,ZIIII,ZIIII,IIIII,0000,1,1
2423,biased,0.09,0000,IIIII,IIIII,IIIII,0000,1,1
2424,biased,0.09,0000,IIIII,IIIII,IIIII,0000,1,1
2425,biased,0.09,1010,ZIIII,ZIIII,IIIII,0000,1,1
2426,biased,0.09,1101,IYIII,IZIII,IXIII,1000,-1,0
2427,biased,0.09,0111,IIIIY,IXIII,IXIIY,1111,-1,0
2428,biased,0.09,0000,IIIII,IIIII,IIIII,0000,1,1
2429,biased,0.09,0000,IIIII,IIIII,IIIII,0000,1,1
2430,biased,0.09,0000,IIIII,IIIII,IIIII,0000,1,1
2431,biased,0.09,0000,IIIII,IIIII,IIIII,0000,1,1
2432,biased,0.09,0110,IIIXI,IIYII,IIYXI,1000,-1,0
2433,biased,0.09,0000,IIIII,IIIII,IIIII,0000,1,1
2434,biased,0.09,0010,YZXII,IXIII,YYXII,1010,-1,0
2435,biased,0.09,0000,IIIII,IIIII,IIIII,0000,1,1
2436,biased,0.09,1111,IYZII,IZIII,IXZII,1010,-1,0
2437,biased,0.09,0000,IIIII,IIIII,IIIII,0000,1,1
2438,biased,0.09,0000,IIIII,IIIII,IIIII,0000,1,1
2439,biased,0.09,1100,IXIIZ,IIIYI,IXIYZ,0011,-1,0
2440,biased,0.09,1001,IIIZI,YIIII,YIIZI,0010,-1,0
2441,biased,0.09,0000,IIIII,IIIII,IIIII,0000,1,1
2442,biased,0.09,1011,YIIII,XIIII,ZIIII,1010,-1,0
2443,biased,0.09,0000,IIIII,IIIII,IIIII,0000,1,1
2444,biased,0.09,0101,IZIII,ZIIII,ZZIII,1111,-1,0
2445,biased,0.09,0000,IIIII,IIIII,IIIII,0000,1,1
2446,biased,0.09,0000,IIIII,IIIII,IIIII,0000,1,1
2447,biased,0.09,0000,IIIII,IIIII,IIIII,0000,1,1
2448,biased,0.09,0000,IIIII,IIIII,IIIII,0000,1,1
2449,biased,0.09,0111,IIIIY,IXIII,IXIIY,1111,-1,0
2450,biased,0.09,0000,IIIII,IIIII,IIIII,0000,1,1
2451,biased,0.09,0011,IIIIX,IIIIX,IIIII,0000,1,1
2452,biased,0.09,1100,IIXII,IIIYI,IIXYI,0011,-1,0
2453,biased,0.09,1010,ZIIII,ZIIII,IIIII,0000,1,1
2454,biased,0.09,0000,IIIII,IIIII,IIIII,0000,1,1
2455,biased,0.09,0111,IIIIY,IXIII,IXIIY,1111,-1,0
2456,biased,0.09,0000,IIIII,IIIII,IIIII,0000,1,1
2457,biased,0.09,0000,IIIII,IIIII,IIIII,0000,1,1
2458,biased,0.09,0000,IIIII,IIIII,IIIII,0000,1,1
2459,biased,0.09,0000,IIIII,IIIII,IIIII,0000,1,1
2460,biased,0.09,0000,IIIII,IIIII,IIIII,0000,1,1
2461,biased,0.09,0111,IIIIY,IXIII,IXIIY,1111,-1,0
2462,biased,0.09,1100,IIXII,IIIYI,IIXYI,0011,-1,0
2463,biased,0.09,0010,IIZII,IXIII,IXZII,1010,-1,0
2464,biased,0.09,0000,IIIII,IIIII,IIIII,0000,1,1
2465,biased,0.09,0000,IIIII,IIIII,IIIII,0000,1,1
2466,biased,0.09,0000,IIIII,IIIII,IIIII,0000,1,1
2467,biased,0.09,0000,IIIII,IIIII,IIIII,0000,1,1
2468,biased,0.09,0000,IIIII,IIIII,IIIII,0000,1,1
2469,biased,0.09,0000,IIIII,IIIII,IIIII,0000,1,1
2470,biased,0.09,0000,IIIII,IIIII,IIIII,0000,1,1
2471,biased,0.09,0000,IIIII,IIIII,IIIII,0000,1,1
2472,biased,0.09,0101,IIIXX,ZIIII,ZIIXX,1111,-1,0
2473,biased,0.09,0000,IIIII,IIIII,IIIII,0000,1,1
2474,biased,0.09,0100,IIIIZ,IZIII,IZIIZ,0001,-1,0
2475,biased,0.09,0000,IIIII,IIIII,IIIII,0000,1,1
2476,biased,0.09,0000,IIIII,IIIII,IIIII,0000,1,1
2477,biased,0.09,0100,IIIIZ,IZIII,IZIIZ,0001,-1,0
2478,biased,0.09,0000,IIIII,IIIII,IIIII,0000,1,1
2479,biased,0.09,1011,YIIII,XIIII,ZIIII,1010,-1,0
2480,biased,0.09,0000,IIIII,IIIII,IIIII,0000,1,1
2481,biased,0.09,0000,IIIII,IIIII,IIIII,0000,1,1
2482,biased,0.09,1111,IIIYI,IZIII,IZIYI,1010,-1,0
2483,biased,0.09,0000,IIIII,IIIII,IIIII,0000,1,1
2484,biased,0.09,1111,IIIYI,IZIII,IZIYI,1010,-1,0
2485,biased,0.09,0000,IIIII,IIIII,IIIII,0000,1,1
2486,biased,0.09,1011,IIZZI,XIIII,XIZZI,1010,-1,0
2487,biased,0.09,0000,IIIII,IIIII,IIIII,0000,1,1
2488,biased,0.09,0000,IIIII,IIIII,IIIII,0000,1,1
2489,biased,0.09,0000,IIIII,IIIII,IIIII,0000,1,1
2490,biased,0.09,0000,IIIII,IIIII,IIIII,0000,1,1
2491,biased,0.09,0000,IIIII,IIIII,IIIII,0000,1,1
2492,biased,0.09,0000,IIIII,IIIII,IIIII,0000,1,1
2493,biased,0.09,0000,IIIII,IIIII,IIIII,0000,1,1
2494,biased,0.09,0000,IIIII,IIIII,IIIII,0000,1,1
2495,biased,0.09,0000,IIIII,IIIII,IIIII,0000,1,1
2496,biased,0.09,0000,IIIII,IIIII,IIIII,0000,1,1
2497,biased,0.09,0100,IXXII,IZIII,IYXII,0001,-1,0
2498,biased,0.09,0010,IIZII,IXIII,IXZII,1010,-1,0
2499,biased,0.09,0000,IIIII,IIIII,IIIII,0000,1,1
2500,biased,0.09,0110,IXYII,IIYII,IXIII,1000,-1,0
2501,biased,0.09,1010,IIIZX,ZIIII,ZIIZX,0000,-1,0
2502,biased,0.09,0000,IIIII,IIIII,IIIII,0000,1,1
2503,biased,0.09,1111,IIIYI,IZIII,IZIYI,1010,-1,0
2504,biased,0.09,0000,IIIII,IIIII,IIIII,0000,1,1
2505,biased,0.09,0111,IIIIY,IXIII,IXIIY,1111,-1,0
2506,biased,0.09,0111,IIIIY,IXIII,IXIIY,1111,-1,0
2507,biased,0.09,0000,IIIII,IIIII,IIIII,0000,1,1
2508,biased,0.09,0000,IIIII,IIIII,IIIII,0000,1,1
2509,biased,0.09,0000,IIIII,IIIII,IIIII,0000,1,1
2510,biased,0.09,0000,IIIII,IIIII,IIIII,0000,1,1
2511,biased,0.09,0000,IIIII,IIIII,IIIII,0000,1,1
2512,biased,0.09,0000,IIIII,IIIII,IIIII,0000,1,1
2513,biased,0.09,0000,IIIII,IIIII,IIIII,0000,1,1
2514,biased,0.09,0000,IIIII,IIIII,IIIII,0000,1,1
2515,biased,0.09,0000,IIIII,IIIII,IIIII,0000,1,1
2516,biased,0.09,0000,IIIII,IIIII,IIIII,0000,1,1
2517,biased,0.09,0000,IIIII,IIIII,IIIII,0000,1,1
2518,biased,0.09,1100,IIXII,IIIYI,IIXYI,0011,-1,0
2519,biased,0.09,0000,IIIII,IIIII,IIIII,0000,1,1
2520,biased,0.09,0000,IIIII,IIIII,IIIII,0000,1,1
2521,biased,0.09,0000,IIIII,IIIII,IIIII,0000,1,1
2522,biased,0.09,0000,IIIII,IIIII,IIIII,0000,1,1
2523,biased,0.09,0000,IIIII,IIIII,IIIII,0000,1,1
2524,biased,0.09,0000,IIIII,IIIII,IIIII,0000,1,1
2525,biased,0.09,0000,IIIII,IIIII,IIIII,0000,1,1
2526,biased,0.09,0000,IIIII,IIIII,IIIII,0000,1,1
2527,biased,0.09,0000,IIIII,IIIII,IIIII,0000,1,1
2528,biased,0.09,0111,YIXII,IXIII,YXXII,1111,-1,0
2529,biased,0.09,0000,IIIII,IIIII,IIIII,0000,1,1
2530,biased,0.09,0110,IIIXI,IIYII,IIYXI,1000,-1,0
2531,biased,0.09,0000,IIIII,IIIII,IIIII,0000,1,1
2532,biased,0.09,0000,IIIII,IIIII,IIIII,0000,1,1
2533,biased,0.09,0000,IIIII,IIIII,IIIII,0000,1,1
2534,biased,0.09,0000,IIIII,IIIII,IIIII,0000,1,1
2535,biased,0.09,1000,IXIII,IXIII,IIIII,0000,1,1
2536,biased,0.09,0000,IIIII,IIIII,IIIII,0000,1,1
2537,biased,0.09,0000,IIIII,IIIII,IIIII,0000,1,1
2538,biased,0.09,0011,IIIIX,IIIIX,IIIII,0000,1,1
2539,biased,0.09,0000,IIIII,IIIII,IIIII,0000,1,1
2540,biased,0.09,0000,IIIII,IIIII,IIIII,0000,1,1
2541,biased,0.09,0000,IIIII,IIIII,IIIII,0000,1,1
2542,biased,0.09,0000,IIIII,IIIII,IIIII,0000,1,1
2543,biased,0.09,0000,IIIII,IIIII,IIIII,0000,1,1
2544,biased,0.09,0111,IXIYI,IXIII,IIIYI,1111,-1,0
2545,biased,0.09,0000,IIIII,IIIII,IIIII,0000,1,1
2546,biased,0.09,0000,IIIII,IIIII,IIIII,0000,1,1
2547,biased,0.09,0000,IIIII,IIIII,IIIII,0000,1,1
2548,biased,0.09,1101,YIIXI,IZIII,YZIXI,1000,-1,0
2549,biased,0.09,0000,IIIII,IIIII,IIIII,0000,1,1
2550,biased,0.09,0111,IIIIY,IXIII,IXIIY,1111,-1,0
2551,biased,0.09,0000,IIIII,IIIII,IIIII,0000,1,1
2552,biased,0.09,1101,IYIII,IZIII,IXIII,1000,-1,0
2553,biased,0.09,0010,XIXYI,IXIII,XXXYI,1010,-1,0
2554,biased,0.09,0110,IIIXI,IIYII,IIYXI,1000,-1,0
2555,biased,0.09,1101,IYIII,IZIII,IXIII,1000,-1,0
2556,biased,0.09,0000,IIIII,IIIII,IIIII,0000,1,1
2557,biased,0.09,0001,XIIII,XIIII,IIIII,0000,1,1
2558,biased,0.09,0000,IIIII,IIIII,IIIII,0000,1,1
2559,biased,0.09,0000,IIIII,IIIII,IIIII,0000,1,1
2560,biased,0.09,1010,ZIIII,ZIIII,IIIII,0000,1,1
2561,biased,0.09,1100,IIXII,IIIYI,IIXYI,0011,-1,0
2562,biased,0.09,0000,IIIII,IIIII,IIIII,0000,1,1
2563,biased,0.09,0000,IIIII,IIIII,IIIII,0000,1,1
2564,biased,0.09,0101,IZIII,ZIIII,ZZIII,1111,-1,0
2565,biased,0.09,0000,IIIII,IIIII,IIIII,0000,1,1
2566,biased,0.09,0000,IIIII,IIIII,IIIII,0000,1,1
2567,biased,0.09,0000,IIIII,IIIII,IIIII,0000,1,1
2568,biased,0.09,0101,IZIII,ZIIII,ZZIII,1111,-1,0
2569,biased,0.09,0000,IIIII,IIIII,IIIII,0000,1,1
2570,biased,0.09,0010,IIZII,IXIII,IXZII,1010,-1,0
2571,biased,0.09,1001,ZIIIX,YIIII,XIIIX,0010,-1,0
2572,biased,0.09,0001,XIIII,XIIII,IIIII,0000,1,1
2573,biased,0.09,0000,IIIII,IIIII,IIIII,0000,1,1
2574,biased,0.09,0000,IIIII,IIIII,IIIII,0000,1,1
2575,biased,0.09,0000,IIIII,IIIII,IIIII,0000,1,1
2576,biased,0.09,0000,IIIII,IIIII,IIIII,0000,1,1
2577,biased,0.09,0000,IIIII,IIIII,IIIII,0000,1,1
2578,biased,0.09,0000,IIIII,IIIII,IIIII,0000,1,1
2579,biased,0.09,0000,IIIII,IIIII,IIIII,0000,1,1
2580,biased,0.09,0000,IIIII,IIIII,IIIII,0000,1,1
2581,biased,0.09,0101,IZIII,ZIIII,ZZIII,1111,-1,0
2582,biased,0.09,0110,IIIXI,IIYII,IIYXI,1000,-1,0
2583,biased,0.09,0000,IIIII,IIIII,IIIII,0000,1,1
2584,biased,0.09,0000,IIIII,IIIII,IIIII,0000,1,1
2585,biased,0.09,1010,ZIIII,ZIIII,IIIII,0000,1,1
2586,biased,0.09,0000,IIIII,IIIII,IIIII,0000,1,1
2587,biased,0.09,0000,IIIII,IIIII,IIIII,0000,1,1
2588,biased,0.09,1010,ZIIII,ZIIII,IIIII,0000,1,1
2589,biased,0.09,0101,IZIII,ZIIII,ZZIII,1111,-1,0
2590,biased,0.09,0000,IIIII,IIIII,IIIII,0000,1,1
2591,biased,0.09,0000,IIIII,IIIII,IIIII,0000,1,1
2592,biased,0.09,0000,IIIII,IIIII,IIIII,0000,1,1
2593,biased,0.09,1111,IIIYI,IZIII,IZIYI,1010,-1,0
2594,biased,0.09,1101,IYIII,IZIII,IXIII,1000,-1,0
2595,biased,0.09,1101,IYIII,IZIII,IXIII,1000,-1,0
2596,biased,0.09,0000,IIIII,IIIII,IIIII,0000,1,1
2597,biased,0.09,1000,IIYXI,IXIII,IXYXI,0000,-1,0
2598,biased,0.09,0101,IZIII,ZIIII,ZZIII,1111,-1,0
2599,biased,0.09,0000,IIIII,IIIII,IIIII,0000,1,1
2600,biased,0.09,0000,IIIII,IIIII,IIIII,0000,1,1
2601,biased,0.09,1100,IXIIZ,IIIYI,IXIYZ,0011,-1,0
2602,biased,0.09,0000,IIIII,IIIII,IIIII,0000,1,1
2603,biased,0.09,0000,IIIII,IIIII,IIIII,0000,1,1
2604,biased,0.09,0000,IIIII,IIIII,IIIII,0000,1,1
2605,biased,0.09,0000,IIIII,IIIII,IIIII,0000,1,1
2606,biased,0.09,0000,IIIII,IIIII,IIIII,0000,1,1
2607,biased,0.09,0100,ZIYII,IZIII,ZZYII,0001,-1,0
2608,biased,0.09,0000,IIIII,IIIII,IIIII,0000,1,1
2609,biased,0.09,0000,IIIII,IIIII,IIIII,0000,1,1
2610,biased,0.09,0000,IIIII,IIIII,IIIII,0000,1,1
2611,biased,0.09,0111,IIIIY,IXIII,IXIIY,1111,-1,0
2612,biased,0.09,1110,IIYII,IYIII,IYYII,0011,-1,0
2613,biased,0.09,0000,IIIII,IIIII,IIIII,0000,1,1
2614,biased,0.09,0000,IIIII,IIIII,IIIII,0000,1,1
2615,biased,0.09,0000,IIIII,IIIII,IIIII,0000,1,1
2616,biased,0.09,0000,IIIII,IIIII,IIIII,0000,1,1
2617,biased,0.09,0000,IIIII,IIIII,IIIII,0000,1,1
2618,biased,0.09,0000,IIIII,IIIII,IIIII,0000,1,1
2619,biased,0.09,0000,IIIII,IIIII,IIIII,0000,1,1
2620,biased,0.09,0000,IIIII,IIIII,IIIII,0000,1,1
2621,biased,0.09,0001,XIIII,XIIII,IIIII,0000,1,1
2622,biased,0.09,1100,IIXII,IIIYI,IIXYI,0011,-1,0
2623,biased,0.09,0000,IIIII,IIIII,IIIII,0000,1,1
2624,biased,0.09,0000,IIIII,IIIII,IIIII,0000,1,1
2625,biased,0.09,0000,IIIII,IIIII,IIIII,0000,1,1
2626,biased,0.09,0010,IIZII,IXIII,IXZII,1010,-1,0
2627,biased,0.09,0000,IIIII,IIIII,IIIII,0000,1,1
2628,biased,0.09,0010,IIZII,IXIII,IXZII,1010,-1,0
2629,biased,0.09,0000,IIIII,IIIII,IIIII,0000,1,1
2630,biased,0.09,0000,IIIII,IIIII,IIIII,0000,1,1
2631,biased,0.09,0000,IIIII,IIIII,IIIII,0000,1,1
2632,biased,0.09,1011,YIIII,XIIII,ZIIII,1010,-1,0
2633,biased,0.09,0000,IIIII,IIIII,IIIII,0000,1,1
2634,biased,0.09,0000,IIIII,IIIII,IIIII,0000,1,1
2635,biased,0.09,0000,IIIII,IIIII,IIIII,0000,1,1
2636,biased,0.09,0000,IIIII,IIIII,IIIII,0000,1,1
2637,biased,0.09,1001,ZIIIX,YIIII,XIIIX,0010,-1,0
2638,biased,0.09,0000,IIIII,IIIII,IIIII,0000,1,1
2639,biased,0.09,0000,IIIII,IIIII,IIIII,0000,1,1
2640,biased,0.09,0000,IIIII,IIIII,IIIII,0000,1,1
2641,biased,0.09,1101,IYIII,IZIII,IXIII,1000,-1,0
2642,biased,0.09,0000,IIIII,IIIII,IIIII,0000,1,1
2643,biased,0.09,0000,IIIII,IIIII,IIIII,0000,1,1
2644,biased,0.09,0000,IIIII,IIIII,IIIII,0000,1,1
2645,biased,0.09,0000,IIIII,IIIII,IIIII,0000,1,1
2646,biased,0.09,0000,IIIII,IIIII,IIIII,0000,1,1
2647,biased,0.09,0000,IIIII,IIIII,IIIII,0000,1,1
2648,biased,0.09,0000,IIIII,IIIII,IIIII,0000,1,1
2649,biased,0.09,0000,IIIII,IIIII,IIIII,0000,1,1
2650,biased,0.09,1111,IIIYI,IZIII,IZIYI,1010,-1,0
2651,biased,0.09,0000,IIIII,IIIII,IIIII,0000,1,1
2652,biased,0.09,1111,IIIYI,IZIII,IZIYI,1010,-1,0
2653,biased,0.09,0100,IIIIZ,IZIII,IZIIZ,0001,-1,0
2654,biased,0.09,1101,IYIII,IZIII,IXIII,1000,-1,0
2655,biased,0.09,0000,IIIII,IIIII,IIIII,0000,1,1
2656,biased,0.09,0000,IIIII,IIIII,IIIII,0000,1,1
2657,biased,0.09,0000,IIIII,IIIII,IIIII,0000,1,1
2658,biased,0.09,0011,IIIIX,IIIIX,IIIII,0000,1,1
2659,biased,0.09,0000,IIIII,IIIII,IIIII,0000,1,1
2660,biased,0.09,1011,YIIII,XIIII,ZIIII,1010,-1,0
2661,biased,0.09,1011,YIIII,XIIII,ZIIII,1010,-1,0
2662,biased,0.09,0001,XIIII,XIIII,IIIII,0000,1,1
2663,biased,0.09,0000,IIIII,IIIII,IIIII,0000,1,1
2664,biased,0.09,1101,IYIII,IZIII,IXIII,1000,-1,0
2665,biased,0.09,0000,IIIII,IIIII,IIIII,0000,1,1
2666,biased,0.09,0000,IIIII,IIIII,IIIII,0000,1,1
2667,biased,0.09,0000,IIIII,IIIII,IIIII,0000,1,1
2668,biased,0.09,0011,IIIIX,IIIIX,IIIII,0000,1,1
2669,biased,0.09,0000,IIIII,IIIII,IIIII,0000,1,1
2670,biased,0.09,0010,IIZII,IXIII,IXZII,1010,-1,0
2671,biased,0.09,1011,YIIII,XIIII,ZIIII,1010,-1,0
2672,biased,0.09,1110,IIYII,IYIII,IYYII,0011,-1,0
2673,biased,0.09,1110,IIYII,IYIII,IYYII,0011,-1,0
2674,biased,0.09,0011,IIIIX,IIIIX,IIIII,0000,1,1
2675,biased,0.09,0000,IIIII,IIIII,IIIII,0000,1,1
2676,biased,0.09,1101,IIYIX,IZIII,IZYIX,1000,-1,0
2677,biased,0.09,0000,IIIII,IIIII,IIIII,0000,1,1
2678,biased,0.09,0000,IIIII,IIIII,IIIII,0000,1,1
2679,biased,0.09,0000,IIIII,IIIII,IIIII,0000,1,1
2680,biased,0.09,0001,XIIII,XIIII,IIIII,0000,1,1
2681,biased,0.09,0000,IIIII,IIIII,IIIII,0000,1,1
2682,biased,0.09,1010,ZIIII,ZIIII,IIIII,0000,1,1
2683,biased,0.09,1010,ZIIII,ZIIII,IIIII,0000,1,1
2684,biased,0.09,1010,ZIIII,ZIIII,IIIII,0000,1,1
2685,biased,0.09,0110,IIZIZ,IIYII,IIXIZ,1000,-1,0
2686,biased,0.09,0000,IIIII,IIIII,IIIII,0000,1,1
2687,biased,0.09,0000,IIIII,IIIII,IIIII,0000,1,1
2688,biased,0.09,0000,IIIII,IIIII,IIIII,0000,1,1
2689,biased,0.09,1001,IIIZI,YIIII,YIIZI,0010,-1,0
2690,biased,0.09,1110,IIYII,IYIII,IYYII,0011,-1,0
2691,biased,0.09,0000,IIIII,IIIII,IIIII,0000,1,1
2692,biased,0.09,0000,IIIII,IIIII,IIIII,0000,1,1
2693,biased,0.09,0000,IIIII,IIIII,IIIII,0000,1,1
2694,biased,0.09,0000,IIIII,IIIII,IIIII,0000,1,1
2695,biased,0.09,0001,XIIII,XIIII,IIIII,0000,1,1
2696,biased,0.09,1111,IIIYI,IZIII,IZIYI,1010,-1,0
2697,biased,0.09,1011,YIIII,XIIII,ZIIII,1010,-1,0
2698,biased,0.09,0000,IIIII,IIIII,IIIII,0000,1,1
2699,biased,0.09,0000,IIIII,IIIII,IIIII,0000,1,1
2700,biased,0.09,0111,IIIIY,IXIII,IXIIY,1111,-1,0
2701,biased,0.09,1100,IIXII,IIIYI,IIXYI,0011,-1,0
2702,biased,0.09,0000,IIIII,IIIII,IIIII,0000,1,1
2703,biased,0.09,0000,IIIII,IIIII,IIIII,0000,1,1
2704,biased,0.09,0000,IIIII,IIIII,IIIII,0000,1,1
2705,biased,0.09,0000,IIIII,IIIII,IIIII,0000,1,1
2706,biased,0.09,0000,IIIII,IIIII,IIIII,0000,1,1
2707,biased,0.09,0111,IIIIY,IXIII,IXIIY,1111,-1,0
2708,biased,0.09,0000,IIIII,IIIII,IIIII,0000,1,1
2709,biased,0.09,0011,IIIIX,IIIIX,IIIII,0000,1,1
2710,biased,0.09,0000,IIIII,IIIII,IIIII,0000,1,1
2711,biased,0.09,1010,ZIIII,ZIIII,IIIII,0000,1,1
2712,biased,0.09,0000,IIIII,IIIII,IIIII,0000,1,1
2713,biased,0.09,0000,IIIII,IIIII,IIIII,0000,1,1
2714,biased,0.09,0000,IIIII,IIIII,IIIII,0000,1,1
2715,biased,0.09,0000,IIIII,IIIII,IIIII,0000,1,1
2716,biased,0.09,0000,IIIII,IIIII,IIIII,0000,1,1
2717,biased,0.09,0000,IIIII,IIIII,IIIII,0000,1,1
2718,biased,0.09,1010,IIYIZ,ZIIII,ZIYIZ,0000,-1,0
2719,biased,0.09,1111,XIYII,IZIII,XZYII,1010,-1,0
2720,biased,0.09,0000,IIIII,IIIII,IIIII,0000,1,1
2721,biased,0.09,1000,IXIII,IXIII,IIIII,0000,1,1
2722,biased,0.09,0101,IIZIY,ZIIII,ZIZIY,1111,-1,0
2723,biased,0.09,0000,IIIII,IIIII,IIIII,0000,1,1
2724,biased,0.09,0000,IIIII,IIIII,IIIII,0000,1,1
2725,biased,0.09,0000,IIIII,IIIII,IIIII,0000,1,1
2726,biased,0.09,1000,IXIII,IXIII,IIIII,0000,1,1
2727,biased,0.09,0000,IIIII,IIIII,IIIII,0000,1,1
2728,biased,0.09,0000,IIIII,IIIII,IIIII,0000,1,1
2729,biased,0.09,0011,IIIIX,IIIIX,IIIII,0000,1,1
2730,biased,0.09,0000,IIIII,IIIII,IIIII,0000,1,1
2731,biased,0.09,0000,IIIII,IIIII,IIIII,0000,1,1
2732,biased,0.09,0000,IIIII,IIIII,IIIII,0000,1,1
2733,biased,0.09,0000,IIIII,IIIII,IIIII,0000,1,1
2734,biased,0.09,0000,IIIII,IIIII,IIIII,0000,1,1
2735,biased,0.09,0000,IIIII,IIIII,IIIII,0000,1,1
2736,biased,0.09,0000,IIIII,IIIII,IIIII,0000,1,1
2737,biased,0.09,0000,IIIII,IIIII,IIIII,0000,1,1
2738,biased,0.09,0000,IIIII,IIIII,IIIII,0000,1,1
2739,biased,0.09,0000,IIIII,IIIII,IIIII,0000,1,1
2740,biased,0.09,0000,IIIII,IIIII,IIIII,0000,1,1
2741,biased,0.09,0000,IIIII,IIIII,IIIII,0000,1,1
2742,biased,0.09,0000,IIIII,IIIII,IIIII,0000,1,1
2743,biased,0.09,0000,IIIII,IIIII,IIIII,0000,1,1
2744,biased,0.09,0000,IIIII,IIIII,IIIII,0000,1,1
2745,biased,0.09,0000,IIIII,IIIII,IIIII,0000,1,1
2746,biased,0.09,0000,IIIII,IIIII,IIIII,0000,1,1
2747,biased,0.09,0000,IIIII,IIIII,IIIII,0000,1,1
2748,biased,0.09,1111,IIIYI,IZIII,IZIYI,1010,-1,0
2749,biased,0.09,0110,IIZIZ,IIYII,IIXIZ,1000,-1,0
2750,biased,0.09,0000,IIIII,IIIII,IIIII,0000,1,1
2751,biased,0.09,0000,IIIII,IIIII,IIIII,0000,1,1
2752,biased,0.09,0000,IIIII,IIIII,IIIII,0000,1,1
2753,biased,0.09,0000,IIIII,IIIII,IIIII,0000,1,1
2754,biased,0.09,0000,IIIII,IIIII,IIIII,0000,1,1
2755,biased,0.09,0000,IIIII,IIIII,IIIII,0000,1,1
2756,biased,0.09,0000,IIIII,IIIII,IIIII,0000,1,1
2757,biased,0.09,0000,IIIII,IIIII,IIIII,0000,1,1
2758,biased,0.09,0000,IIIII,IIIII,IIIII,0000,1,1
2759,biased,0.09,1111,IIIYI,IZIII,IZIYI,1010,-1,0
2760,biased,0.09,0000,IIIII,IIIII,IIIII,0000,1,1
2761,biased,0.09,1000,IXIII,IXIII,IIIII,0000,1,1
2762,biased,0.09,1000,IXIII,IXIII,IIIII,0000,1,1
2763,biased,0.09,1001,IIIZI,YIIII,YIIZI,0010,-1,0
2764,biased,0.09,0000,IIIII,IIIII,IIIII,0000,1,1
2765,biased,0.09,0000,IIIII,IIIII,IIIII,0000,1,1
2766,biased,0.09,1011,IIIYZ,XIIII,XIIYZ,1010,-1,0
2767,biased,0.09,1111,IIIYI,IZIII,IZIYI,1010,-1,0
2768,biased,0.09,0000,IIIII,IIIII,IIIII,0000,1,1
2769,biased,0.09,1001,IIIZI,YIIII,YIIZI,0010,-1,0
2770,biased,0.09,0000,IIIII,IIIII,IIIII,0000,1,1
2771,biased,0.09,0111,IIIIY,IXIII,IXIIY,1111,-1,0
2772,biased,0.09,0000,IIIII,IIIII,IIIII,0000,1,1
2773,biased,0.09,1010,ZIIII,ZIIII,IIIII,0000,1,1
2774,biased,0.09,0101,IZIII,ZIIII,ZZIII,1111,-1,0
2775,biased,0.09,0000,IIIII,IIIII,IIIII,0000,1,1
2776,biased,0.09,0000,IIIII,IIIII,IIIII,0000,1,1
2777,biased,0.09,0000,IIIII,IIIII,IIIII,0000,1,1
2778,biased,0.09,0000,IIIII,IIIII,IIIII,0000,1,1
2779,biased,0.09,0001,XIIII,XIIII,IIIII,0000,1,1
2780,biased,0.09,0110,IIIXI,IIYII,IIYXI,1000,-1,0
2781,biased,0.09,0000,IIIII,IIIII,IIIII,0000,1,1
2782,biased,0.09,0000,IIIII,IIIII,IIIII,0000,1,1
2783,biased,0.09,0000,IIIII,IIIII,IIIII,0000,1,1
2784,biased,0.09,1111,IIIYI,IZIII,IZIYI,1010,-1,0
2785,biased,0.09,0000,IIIII,IIIII,IIIII,0000,1,1
2786,biased,0.09,0000,IIIII,IIIII,IIIII,0000,1,1
2787,biased,0.09,0000,IIIII,IIIII,IIIII,0000,1,1
2788,biased,0.09,0000,IIIII,IIIII,IIIII,0000,1,1
2789,biased,0.09,0100,ZIYII,IZIII,ZZYII,0001,-1,0
2790,biased,0.09,1101,IYIII,IZIII,IXIII,1000,-1,0
2791,biased,0.09,0000,IIIII,IIIII,IIIII,0000,1,1
2792,biased,0.09,0000,IIIII,IIIII,IIIII,0000,1,1
2793,biased,0.09,0010,IIZII,IXIII,IXZII,1010,-1,0
2794,biased,0.09,0111,IIIIY,IXIII,IXIIY,1111,-1,0
2795,biased,0.09,0000,IIIII,IIIII,IIIII,0000,1,1
2796,biased,0.09,1000,IXIII,IXIII,IIIII,0000,1,1
2797,biased,0.09,1011,YIIII,XIIII,ZIIII,1010,-1,0
2798,biased,0.09,0000,IIIII,IIIII,IIIII,0000,1,1
2799,biased,0.09,0000,IIIII,IIIII,IIIII,0000,1,1
2800,biased,0.09,1101,IYIII,IZIII,IXIII,1000,-1,0
2801,biased,0.09,0000,IIIII,IIIII,IIIII,0000,1,1
2802,biased,0.09,0011,IYYII,IIIIX,IYYIX,0000,-1,0
2803,biased,0.09,0000,IIIII,IIIII,IIIII,0000,1,1
2804,biased,0.09,1101,IYIII,IZIII,IXIII,1000,-1,0
2805,biased,0.09,0000,IIIII,IIIII,IIIII,0000,1,1
2806,biased,0.09,0110,IIIXI,IIYII,IIYXI,1000,-1,0
2807,biased,0.09,0000,IIIII,IIIII,IIIII,0000,1,1
2808,biased,0.09,0000,IIIII,IIIII,IIIII,0000,1,1
2809,biased,0.09,0000,IIIII,IIIII,IIIII,0000,1,1
2810,biased,0.09,1101,IIYIX,IZIII,IZYIX,1000,-1,0
2811,biased,0.09,0100,IIIIZ,IZIII,IZIIZ,0001,-1,0
2812,biased,0.09,0000,IIIII,IIIII,IIIII,0000,1,1
2813,biased,0.09,0011,IIIIX,IIIIX,IIIII,0000,1,1
2814,biased,0.09,0000,IIIII,IIIII,IIIII,0000,1,1
2815,biased,0.09,0000,IIIII,IIIII,IIIII,0000,1,1
2816,biased,0.09,0000,IIIII,IIIII,IIIII,0000,1,1
2817,biased,0.09,0000,IIIII,IIIII,IIIII,0000,1,1
2818,biased,0.09,0000,IIIII,IIIII,IIIII,0000,1,1
2819,biased,0.09,1101,IYIII,IZIII,IXIII,1000,-1,0
2820,biased,0.09,0000,IIIII,IIIII,IIIII,0000,1,1
2821,biased,0.09,0000,IIIII,IIIII,IIIII,0000,1,1
2822,biased,0.09,0000,IIIII,IIIII,IIIII,0000,1,1
2823,biased,0.09,0000,IIIII,IIIII,IIIII,0000,1,1
2824,biased,0.09,0000,IIIII,IIIII,IIIII,0000,1,1
2825,biased,0.09,0001,XIIII,XIIII,IIIII,0000,1,1
2826,biased,0.09,0000,IIIII,IIIII,IIIII,0000,1,1
2827,biased,0.09,0000,IIIII,IIIII,IIIII,0000,1,1
2828,biased,0.09,1101,IYIII,IZIII,IXIII,1000,-1,0
2829,biased,0.09,0000,IIIII,IIIII,IIIII,0000,1,1
2830,biased,0.09,0000,IIIII,IIIII,IIIII,0000,1,1
2831,biased,0.09,0000,IIIII,IIIII,IIIII,0000,1,1
2832,biased,0.09,0000,IIIII,IIIII,IIIII,0000,1,1
2833,biased,0.09,0000,IIIII,IIIII,IIIII,0000,1,1
2834,biased,0.09,0000,IIIII,IIIII,IIIII,0000,1,1
2835,biased,0.09,0000,IIIII,IIIII,IIIII,0000,1,1
2836,biased,0.09,0000,IIIII,IIIII,IIIII,0000,1,1
2837,biased,0.09,0000,IIIII,IIIII,IIIII,0000,1,1
2838,biased,0.09,1011,YIIII,XIIII,ZIIII,1010,-1,0
2839,biased,0.09,1111,IIIYI,IZIII,IZIYI,1010,-1,0
2840,biased,0.09,0000,IIIII,IIIII,IIIII,0000,1,1
2841,biased,0.09,1001,IZXII,YIIII,YZXII,0010,-1,0
2842,biased,0.09,0000,IIIII,IIIII,IIIII,0000,1,1
2843,biased,0.09,1110,IIYII,IYIII,IYYII,0011,-1,0
2844,biased,0.09,0000,IIIII,IIIII,IIIII,0000,1,1
2845,biased,0.09,1001,IIIZI,YIIII,YIIZI,0010,-1,0
2846,biased,0.09,0000,IIIII,IIIII,IIIII,0000,1,1
2847,biased,0.09,0000,IIIII,IIIII,IIIII,0000,1,1
2848,biased,0.09,0000,IIIII,IIIII,IIIII,0000,1,1
2849,biased,0.09,0001,XIIII,XIIII,IIIII,0000,1,1
2850,biased,0.09,1100,IIXII,IIIYI,IIXYI,0011,-1,0
2851,biased,0.09,1001,IIIZI,YIIII,YIIZI,0010,-1,0
2852,biased,0.09,0000,IIIII,IIIII,IIIII,0000,1,1
2853,biased,0.09,0000,IIIII,IIIII,IIIII,0000,1,1
2854,biased,0.09,0000,IIIII,IIIII,IIIII,0000,1,1
2855,biased,0.09,0000,IIIII,IIIII,IIIII,0000,1,1
2856,biased,0.09,1000,IXIII,IXIII,IIIII,0000,1,1
2857,biased,0.09,1000,IXIII,IXIII,IIIII,0000,1,1
2858,biased,0.09,0010,IIZII,IXIII,IXZII,1010,-1,0
2859,biased,0.09,1000,IXIII,IXIII,IIIII,0000,1,1
2860,biased,0.09,0000,IIIII,IIIII,IIIII,0000,1,1
2861,biased,0.09,0000,IIIII,IIIII,IIIII,0000,1,1
2862,biased,0.09,1110,IIYII,IYIII,IYYII,0011,-1,0
2863,biased,0.09,1001,IIYIY,YIIII,YIYIY,0010,-1,0
2864,biased,0.09,0000,IIIII,IIIII,IIIII,0000,1,1
2865,biased,0.09,0100,IIIIZ,IZIII,IZIIZ,0001,-1,0
2866,biased,0.09,0000,IIIII,IIIII,IIIII,0000,1,1
2867,biased,0.09,0000,IIIII,IIIII,IIIII,0000,1,1
2868,biased,0.09,0000,IIIII,IIIII,IIIII,0000,1,1
2869,biased,0.09,1101,IIYIX,IZIII,IZYIX,1000,-1,0
2870,biased,0.09,1010,ZIIII,ZIIII,IIIII,0000,1,1
2871,biased,0.09,0000,IIIII,IIIII,IIIII,0000,1,1
2872,biased,0.09,0000,IIIII,IIIII,IIIII,0000,1,1
2873,biased,0.09,0000,IIIII,IIIII,IIIII,0000,1,1
2874,biased,0.09,1110,IIYII,IYIII,IYYII,0011,-1,0
2875,biased,0.09,0000,IIIII,IIIII,IIIII,0000,1,1
2876,biased,0.09,0000,IIIII,IIIII,IIIII,0000,1,1
2877,biased,0.09,0000,IIIII,IIIII,IIIII,0000,1,1
2878,biased,0.09,0000,IIIII,IIIII,IIIII,0000,1,1
2879,biased,0.09,0000,IIIII,IIIII,IIIII,0000,1,1
2880,biased,0.09,0101,IZIII,ZIIII,ZZIII,1111,-1,0
2881,biased,0.09,0001,IXIZI,XIIII,XXIZI,0000,-1,0
2882,biased,0.09,0010,IIZII,IXIII,IXZII,1010,-1,0
2883,biased,0.09,0100,IYIZI,IZIII,IXIZI,0001,-1,0
2884,biased,0.09,0000,IIIII,IIIII,IIIII,0000,1,1
2885,biased,0.09,0000,IIIII,IIIII,IIIII,0000,1,1
2886,biased,0.09,1101,IYIII,IZIII,IXIII,1000,-1,0
2887,biased,0.09,1111,ZIIXX,IZIII,ZZIXX,1010,-1,0
2888,biased,0.09,0000,IIIII,IIIII,IIIII,0000,1,1
2889,biased,0.09,1110,IIYII,IYIII,IYYII,0011,-1,0
2890,biased,0.09,0000,IIIII,IIIII,IIIII,0000,1,1
2891,biased,0.09,0001,IYXII,XIIII,XYXII,0000,-1,0
2892,biased,0.09,0000,IIIII,IIIII,IIIII,0000,1,1
2893,biased,0.09,0000,IIIII,IIIII,IIIII,0000,1,1
2894,biased,0.09,0101,IZIII,ZIIII,ZZIII,1111,-1,0
2895,biased,0.09,1000,IIZZX,IXIII,IXZZX,0000,-1,0
2896,biased,0.09,0000,IIIII,IIIII,IIIII,0000,1,1
2897,biased,0.09,0000,IIIII,IIIII,IIIII,0000,1,1
2898,biased,0.09,0000,IIIII,IIIII,IIIII,0000,1,1
2899,biased,0.09,0000,IIIII,IIIII,IIIII,0000,1,1
2900,biased,0.09,0000,IIIII,IIIII,IIIII,0000,1,1
2901,biased,0.09,0000,IIIII,IIIII,IIIII,0000,1,1
2902,biased,0.09,0010,IIZII,IXIII,IXZII,1010,-1,0
2903,biased,0.09,0000,IIIII,IIIII,IIIII,0000,1,1
2904,biased,0.09,1111,IIIYI,IZIII,IZIYI,1010,-1,0
2905,biased,0.09,0000,IIIII,IIIII,IIIII,0000,1,1
2906,biased,0.09,0000,IIIII,IIIII,IIIII,0000,1,1
2907,biased,0.09,0011,IIIIX,IIIIX,IIIII,0000,1,1
2908,biased,0.09,0000,IIIII,IIIII,IIIII,0000,1,1
2909,biased,0.09,1010,ZIIII,ZIIII,IIIII,0000,1,1
2910,biased,0.09,0000,IIIII,IIIII,IIIII,0000,1,1
2911,biased,0.09,0001,XIIII,XIIII,IIIII,0000,1,1
2912,biased,0.09,1101,IYIII,IZIII,IXIII,1000,-1,0
2913,biased,0.09,0000,IIIII,IIIII,IIIII,0000,1,1
2914,biased,0.09,0000,IIIII,IIIII,IIIII,0000,1,1
2915,biased,0.09,0110,IIIXI,IIYII,IIYXI,1000,-1,0
2916,biased,0.09,0000,IIIII,IIIII,IIIII,0000,1,1
2917,biased,0.09,0000,IIIII,IIIII,IIIII,0000,1,1
2918,biased,0.09,0000,IIIII,IIIII,IIIII,0000,1,1
2919,biased,0.09,0000,IIIII,IIIII,IIIII,0000,1,1
2920,biased,0.09,0000,IIIII,IIIII,IIIII,0000,1,1
2921,biased,0.09,1100,IIXII,IIIYI,IIXYI,0011,-1,0
2922,biased,0.09,0000,IIIII,IIIII,IIIII,0000,1,1
2923,biased,0.09,1001,IIIZI,YIIII,YIIZI,0010,-1,0
2924,biased,0.09,1011,YIIII,XIIII,ZIIII,1010,-1,0
2925,biased,0.09,0000,IIIII,IIIII,IIIII,0000,1,1
2926,biased,0.09,1110,IIYII,IYIII,IYYII,0011,-1,0
2927,biased,0.09,0000,IIIII,IIIII,IIIII,0000,1,1
2928,biased,0.09,0000,IIIII,IIIII,IIIII,0000,1,1
2929,biased,0.09,1000,IXIII,IXIII,IIIII,0000,1,1
2930,biased,0.09,0000,IIIII,IIIII,IIIII,0000,1,1
2931,biased,0.09,1100,IIXII,IIIYI,IIXYI,0011,-1,0
2932,biased,0.09,0000,IIIII,IIIII,IIIII,0000,1,1
2933,biased,0.09,1101,IYIII,IZIII,IXIII,1000,-1,0
2934,biased,0.09,0000,IIIII,IIIII,IIIII,0000,1,1
2935,biased,0.09,0111,IIIIY,IXIII,IXIIY,1111,-1,0
2936,biased,0.09,0000,IIIII,IIIII,IIIII,0000,1,1
2937,biased,0.09,0000,IIIII,IIIII,IIIII,0000,1,1
2938,biased,0.09,1101,IYIII,IZIII,IXIII,1000,-1,0
2939,biased,0.09,0000,IIIII,IIIII,IIIII,0000,1,1
2940,biased,0.09,0000,IIIII,IIIII,IIIII,0000,1,1
2941,biased,0.09,0100,IIIIZ,IZIII,IZIIZ,0001,-1,0
2942,biased,0.09,0000,IIIII,IIIII,IIIII,0000,1,1
2943,biased,0.09,0000,IIIII,IIIII,IIIII,0000,1,1
2944,biased,0.09,0000,IIIII,IIIII,IIIII,0000,1,1
2945,biased,0.09,0000,IIIII,IIIII,IIIII,0000,1,1
2946,biased,0.09,0000,IIIII,IIIII,IIIII,0000,1,1
2947,biased,0.09,0000,IIIII,IIIII,IIIII,0000,1,1
2948,biased,0.09,0000,IIIII,IIIII,IIIII,0000,1,1
2949,biased,0.09,0000,IIIII,IIIII,IIIII,0000,1,1
2950,biased,0.09,1000,IXIII,IXIII,IIIII,0000,1,1
2951,biased,0.09,0011,IIIIX,IIIIX,IIIII,0000,1,1
2952,biased,0.09,0000,IIIII,IIIII,IIIII,0000,1,1
2953,biased,0.09,0110,IIIXI,IIYII,IIYXI,1000,-1,0
2954,biased,0.09,0000,IIIII,IIIII,IIIII,0000,1,1
2955,biased,0.09,0000,IIIII,IIIII,IIIII,0000,1,1
2956,biased,0.09,1101,IYIII,IZIII,IXIII,1000,-1,0
2957,biased,0.09,0000,IIIII,IIIII,IIIII,0000,1,1
2958,biased,0.09,0000,IIIII,IIIII,IIIII,0000,1,1
2959,biased,0.09,0000,IIIII,IIIII,IIIII,0000,1,1
2960,biased,0.09,0000,IIIII,IIIII,IIIII,0000,1,1
2961,biased,0.09,0000,IIIII,IIIII,IIIII,0000,1,1
2962,biased,0.09,0000,IIIII,IIIII,IIIII,0000,1,1
2963,biased,0.09,0000,IIIII,IIIII,IIIII,0000,1,1
2964,biased,0.09,1001,IIIZI,YIIII,YIIZI,0010,-1,0
2965,biased,0.09,0000,IIIII,IIIII,IIIII,0000,1,1
2966,biased,0.09,0000,IIIII,IIIII,IIIII,0000,1,1
2967,biased,0.09,0000,IIIII,IIIII,IIIII,0000,1,1
2968,biased,0.09,0000,IIIII,IIIII,IIIII,0000,1,1
2969,biased,0.09,1000,IXIII,IXIII,IIIII,0000,1,1
2970,biased,0.09,0101,IZIII,ZIIII,ZZIII,1111,-1,0
2971,biased,0.09,0000,IIIII,IIIII,IIIII,0000,1,1
2972,biased,0.09,1110,ZIIIZ,IYIII,ZYIIZ,0011,-1,0
2973,biased,0.09,0000,IIIII,IIIII,IIIII,0000,1,1
2974,biased,0.09,1101,IYIII,IZIII,IXIII,1000,-1,0
2975,biased,0.09,0100,IIIIZ,IZIII,IZIIZ,0001,-1,0
2976,biased,0.09,0000,IIIII,IIIII,IIIII,0000,1,1
2977,biased,0.09,1001,IIIZI,YIIII,YIIZI,0010,-1,0
2978,biased,0.09,0000,IIIII,IIIII,IIIII,0000,1,1
2979,biased,0.09,0000,IIIII,IIIII,IIIII,0000,1,1
2980,biased,0.09,0000,IIIII,IIIII,IIIII,0000,1,1
2981,biased,0.09,0101,IZIII,ZIIII,ZZIII,1111,-1,0
2982,biased,0.09,0000,IIIII,IIIII,IIIII,0000,1,1
2983,biased,0.09,0000,IIIII,IIIII,IIIII,0000,1,1
2984,biased,0.09,0111,IIIIY,IXIII,IXIIY,1111,-1,0
2985,biased,0.09,0100,IIIIZ,IZIII,IZIIZ,0001,-1,0
2986,biased,0.09,1111,IIIYI,IZIII,IZIYI,1010,-1,0
2987,biased,0.09,0000,IIIII,IIIII,IIIII,0000,1,1
2988,biased,0.09,1010,ZIIII,ZIIII,IIIII,0000,1,1
2989,biased,0.09,1010,ZIIII,ZIIII,IIIII,0000,1,1
2990,biased,0.09,0000,IIIII,IIIII,IIIII,0000,1,1
2991,biased,0.09,0000,IIIII,IIIII,IIIII,0000,1,1
2992,biased,0.09,0000,IIIII,IIIII,IIIII,0000,1,1
2993,biased,0.09,1010,ZIIII,ZIIII,IIIII,0000,1,1
2994,biased,0.09,1010,ZIIII,ZIIII,IIIII,0000,1,1
2995,biased,0.09,0000,IIIII,IIIII,IIIII,0000,1,1
2996,biased,0.09,0000,IIIII,IIIII,IIIII,0000,1,1
2997,biased,0.09,0101,IZIII,ZIIII,ZZIII,1111,-1,0
2998,biased,0.09,0000,IIIII,IIIII,IIIII,0000,1,1
2999,biased,0.09,0000,IIIII,IIIII,IIIII,0000,1,1
