sample_id,noise,p,state_syndrome,true_error,action,corrected_error,next_syndrome,reward,success
0,depolarizing,0.05,0000,IIIII,IIIII,IIIII,0000,1,1
1,depolarizing,0.05,0000,IIIII,IIIII,IIIII,0000,1,1
2,depolarizing,0.05,1010,ZIIII,XIIII,YIIII,1011,-1,0
3,depolarizing,0.05,1010,IZIYI,XIIII,XZIYI,1011,-1,0
4,depolarizing,0.05,0000,IIIII,IIIII,IIIII,0000,1,1
5,depolarizing,0.05,0000,IIIII,IIIII,IIIII,0000,1,1
6,depolarizing,0.05,0000,IIIII,IIIII,IIIII,0000,1,1
7,depolarizing,0.05,0000,IIIII,IIIII,IIIII,0000,1,1
8,depolarizing,0.05,0000,IIIII,IIIII,IIIII,0000,1,1
9,depolarizing,0.05,0000,IIIII,IIIII,IIIII,0000,1,1
10,depolarizing,0.05,1001,IIIZI,IXIII,IXIZI,0001,-1,0
11,depolarizing,0.05,0000,IIIII,IIIII,IIIII,0000,1,1
12,depolarizing,0.05,0000,IIIII,IIIII,IIIII,0000,1,1
13,depolarizing,0.05,1000,IXIII,IXIII,IIIII,0000,1,1
14,depolarizing,0.05,0000,IIIII,IIIII,IIIII,0000,1,1
15,depolarizing,0.05,0000,IIIII,IIIII,IIIII,0000,1,1
16,depolarizing,0.05,0000,IIIII,IIIII,IIIII,0000,1,1
17,depolarizing,0.05,0000,IIIII,IIIII,IIIII,0000,1,1
18,depolarizing,0.05,0000,IIIII,IIIII,IIIII,0000,1,1
19,depolarizing,0.05,0000,IIIII,IIIII,IIIII,0000,1,1
20,depolarizing,0.05,0000,IIIII,IIIII,IIIII,0000,1,1
21,depolarizing,0.05,0000,IIIII,IIIII,IIIII,0000,1,1
22,depolarizing,0.05,0000,IIIII,IIIII,IIIII,0000,1,1
23,depolarizing,0.05,0101,IZIII,IZIII,IIIII,0000,1,1
24,depolarizing,0.05,0000,IIIII,IIIII,IIIII,0000,1,1
25,depolarizing,0.05,0000,IIIII,IIIII,IIIII,0000,1,1
26,depolarizing,0.05,0000,IIIII,IIIII,IIIII,0000,1,1
27,depolarizing,0.05,1011,IIZZI,YIIII,YIZZI,0000,-1,0
28,depolarizing,0.05,0000,IIIII,IIIII,IIIII,0000,1,1
29,depolarizing,0.05,0000,IIIII,IIIII,IIIII,0000,1,1
30,depolarizing,0.05,0000,IIIII,IIIII,IIIII,0000,1,1
31,depolarizing,0.05,0000,IIIII,IIIII,IIIII,0000,1,1
32,depolarizing,0.05,0000,IIIII,IIIII,IIIII,0000,1,1
33,depolarizing,0.05,0000,IIIII,IIIII,IIIII,0000,1,1
34,depolarizing,0.05,0000,IIIII,IIIII,IIIII,0000,1,1
35,depolarizing,0.05,0000,IIIII,IIIII,IIIII,0000,1,1
36,depolarizing,0.05,0000,IIIII,IIIII,IIIII,0000,1,1
37,depolarizing,0.05,0000,IIIII,IIIII,IIIII,0000,1,1
38,depolarizing,0.05,0000,IIIII,IIIII,IIIII,0000,1,1
39,depolarizing,0.05,0000,IIIII,IIIII,IIIII,0000,1,1
40,depolarizing,0.05,1100,IIXII,IYIII,IYXII,0001,-1,0
41,depolarizing,0.05,0000,IIIII,IIIII,IIIII,0000,1,1
42,depolarizing,0.05,0000,IIIII,IIIII,IIIII,0000,1,1
43,depolarizing,0.05,0000,IIIII,IIIII,IIIII,0000,1,1
44,depolarizing,0.05,1100,IIXII,IYIII,IYXII,0001,-1,0
45,depolarizing,0.05,0000,IIIII,IIIII,IIIII,0000,1,1
46,depolarizing,0.05,0000,IIIII,IIIII,IIIII,0000,1,1
47,depolarizing,0.05,0000,IIIII,IIIII,IIIII,0000,1,1
48,depolarizing,0.05,0000,IIIII,IIIII,IIIII,0000,1,1
49,depolarizing,0.05,1101,IYIII,IIIIY,IYIIY,1010,-1,0
50,depolarizing,0.05,0000,IIIII,IIIII,IIIII,0000,1,1
51,depolarizing,0.05,0000,IIIII,IIIII,IIIII,0000,1,1
52,depolarizing,0.05,1100,IIXII,IYIII,IYXII,0001,-1,0
53,depolarizing,0.05,0000,IIIII,IIIII,IIIII,0000,1,1
54,depolarizing,0.05,0000,IIIII,IIIII,IIIII,0000,1,1
55,depolarizing,0.05,0000,IIIII,IIIII,IIIII,0000,1,1
56,depolarizing,0.05,0000,IIIII,IIIII,IIIII,0000,1,1
57,depolarizing,0.05,0000,IIIII,IIIII,IIIII,0000,1,1
58,depolarizing,0.05,0000,IIIII,IIIII,IIIII,0000,1,1
59,depolarizing,0.05,0000,IIIII,IIIII,IIIII,0000,1,1
60,depolarizing,0.05,0000,IIIII,IIIII,IIIII,0000,1,1
61,depolarizing,0.05,0000,IIIII,IIIII,IIIII,0000,1,1
62,depolarizing,0.05,0000,IIIII,IIIII,IIIII,0000,1,1
63,depolarizing,0.05,0111,IIIIY,IXIII,IXIIY,1111,-1,0
64,depolarizing,0.05,0000,IIIII,IIIII,IIIII,0000,1,1
65,depolarizing,0.05,0100,IIIIZ,YIIII,YIIIZ,1111,-1,0
66,depolarizing,0.05,0000,IIIII,IIIII,IIIII,0000,1,1
67,depolarizing,0.05,0000,IIIII,IIIII,IIIII,0000,1,1
68,depolarizing,0.05,0000,IIIII,IIIII,IIIII,0000,1,1
69,depolarizing,0.05,0000,IIIII,IIIII,IIIII,0000,1,1
70,depolarizing,0.05,0000,IIIII,IIIII,IIIII,0000,1,1
71,depolarizing,0.05,0000,IIIII,IIIII,IIIII,0000,1,1
72,depolarizing,0.05,0000,IIIII,IIIII,IIIII,0000,1,1
73,depolarizing,0.05,0000,IIIII,IIIII,IIIII,0000,1,1
74,depolarizing,0.05,0000,IIIII,IIIII,IIIII,0000,1,1
75,depolarizing,0.05,0000,IIIII,IIIII,IIIII,0000,1,1
76,depolarizing,0.05,1101,IYIII,IIIIY,IYIIY,1010,-1,0
77,depolarizing,0.05,1010,ZIIII,XIIII,YIIII,1011,-1,0
78,depolarizing,0.05,0000,IIIII,IIIII,IIIII,0000,1,1
79,depolarizing,0.05,0000,IIIII,IIIII,IIIII,0000,1,1
80,depolarizing,0.05,0000,IIIII,IIIII,IIIII,0000,1,1
81,depolarizing,0.05,0000,IIIII,IIIII,IIIII,0000,1,1
82,depolarizing,0.05,0000,IIIII,IIIII,IIIII,0000,1,1
83,depolarizing,0.05,0000,IIIII,IIIII,IIIII,0000,1,1
84,depolarizing,0.05,0000,IIIII,IIIII,IIIII,0000,1,1
85,depolarizing,0.05,0000,IIIII,IIIII,IIIII,0000,1,1
86,depolarizing,0.05,0000,IIIII,IIIII,IIIII,0000,1,1
87,depolarizing,0.05,0000,IIIII,IIIII,IIIII,0000,1,1
88,depolarizing,0.05,0000,IIIII,IIIII,IIIII,0000,1,1
89,depolarizing,0.05,0000,IIIII,IIIII,IIIII,0000,1,1
90,depolarizing,0.05,0000,IIIII,IIIII,IIIII,0000,1,1
91,depolarizing,0.05,0000,IIIII,IIIII,IIIII,0000,1,1
92,depolarizing,0.05,0000,IIIII,IIIII,IIIII,0000,1,1
93,depolarizing,0.05,0000,IIIII,IIIII,IIIII,0000,1,1
94,depolarizing,0.05,1101,IYIII,IIIIY,IYIIY,1010,-1,0
95,depolarizing,0.05,0000,IIIII,IIIII,IIIII,0000,1,1
96,depolarizing,0.05,0100,IIIIZ,YIIII,YIIIZ,1111,-1,0
97,depolarizing,0.05,0000,IIIII,IIIII,IIIII,0000,1,1
98,depolarizing,0.05,0000,IIIII,IIIII,IIIII,0000,1,1
99,depolarizing,0.05,1110,IIYII,IZIII,IZYII,1011,-1,0
100,depolarizing,0.05,0000,IIIII,IIIII,IIIII,0000,1,1
101,depolarizing,0.05,0000,IIIII,IIIII,IIIII,0000,1,1
102,depolarizing,0.05,0000,IIIII,IIIII,IIIII,0000,1,1
103,depolarizing,0.05,0000,IIIII,IIIII,IIIII,0000,1,1
104,depolarizing,0.05,0000,IIIII,IIIII,IIIII,0000,1,1
105,depolarizing,0.05,0111,YIXII,IXIII,YXXII,1111,-1,0
106,depolarizing,0.05,0000,IIIII,IIIII,IIIII,0000,1,1
107,depolarizing,0.05,0000,IIIII,IIIII,IIIII,0000,1,1
108,depolarizing,0.05,0000,IIIII,IIIII,IIIII,0000,1,1
109,depolarizing,0.05,0000,IIIII,IIIII,IIIII,0000,1,1
110,depolarizing,0.05,1011,YIIII,YIIII,IIIII,0000,1,1
111,depolarizing,0.05,0000,IIIII,IIIII,IIIII,0000,1,1
112,depolarizing,0.05,0000,IIIII,IIIII,IIIII,0000,1,1
113,depolarizing,0.05,0000,IIIII,IIIII,IIIII,0000,1,1
114,depolarizing,0.05,0000,IIIII,IIIII,IIIII,0000,1,1
115,depolarizing,0.05,0000,IIIII,IIIII,IIIII,0000,1,1
116,depolarizing,0.05,1001,ZIIIX,IXIII,ZXIIX,0001,-1,0
117,depolarizing,0.05,0000,IIIII,IIIII,IIIII,0000,1,1
118,depolarizing,0.05,0000,IIIII,IIIII,IIIII,0000,1,1
119,depolarizing,0.05,1000,IXIII,IXIII,IIIII,0000,1,1
120,depolarizing,0.05,0000,IIIII,IIIII,IIIII,0000,1,1
121,depolarizing,0.05,0000,IIIII,IIIII,IIIII,0000,1,1
122,depolarizing,0.05,1000,IXIII,IXIII,IIIII,0000,1,1
123,depolarizing,0.05,0000,IIIII,IIIII,IIIII,0000,1,1
124,depolarizing,0.05,0000,IIIII,IIIII,IIIII,0000,1,1
125,depolarizing,0.05,0000,IIIII,IIIII,IIIII,0000,1,1
126,depolarizing,0.05,0000,IIIII,IIIII,IIIII,0000,1,1
127,depolarizing,0.05,0000,IIIII,IIIII,IIIII,0000,1,1
128,depolarizing,0.05,1001,IIIZI,IXIII,IXIZI,0001,-1,0
129,depolarizing,0.05,0000,IIIII,IIIII,IIIII,0000,1,1
130,depolarizing,0.05,0000,IIIII,IIIII,IIIII,0000,1,1
131,depolarizing,0.05,0011,IIIIX,IXIII,IXIIX,1011,-1,0
132,depolarizing,0.05,0000,IIIII,IIIII,IIIII,0000,1,1
133,depolarizing,0.05,0000,IIIII,IIIII,IIIII,0000,1,1
134,depolarizing,0.05,0000,IIIII,IIIII,IIIII,0000,1,1
135,depolarizing,0.05,0000,IIIII,IIIII,IIIII,0000,1,1
136,depolarizing,0.05,0010,XIIIX,YIIII,ZIIIX,1001,-1,0
137,depolarizing,0.05,0000,IIIII,IIIII,IIIII,0000,1,1
138,depolarizing,0.05,0000,IIIII,IIIII,IIIII,0000,1,1
139,depolarizing,0.05,0000,IIIII,IIIII,IIIII,0000,1,1
140,depolarizing,0.05,0000,IIIII,IIIII,IIIII,0000,1,1
141,depolarizing,0.05,0000,IIIII,IIIII,IIIII,0000,1,1
142,depolarizing,0.05,0010,IIZII,YIIII,YIZII,1001,-1,0
143,depolarizing,0.05,0000,IIIII,IIIII,IIIII,0000,1,1
144,depolarizing,0.05,0111,IIIIY,IXIII,IXIIY,1111,-1,0
145,depolarizing,0.05,0001,XIIII,XIIII,IIIII,0000,1,1
146,depolarizing,0.05,0000,IIIII,IIIII,IIIII,0000,1,1
147,depolarizing,0.05,0000,IIIII,IIIII,IIIII,0000,1,1
148,depolarizing,0.05,0000,IIIII,IIIII,IIIII,0000,1,1
149,depolarizing,0.05,0000,IIIII,IIIII,IIIII,0000,1,1
150,depolarizing,0.05,0000,IIIII,IIIII,IIIII,0000,1,1
151,depolarizing,0.05,0000,IIIII,IIIII,IIIII,0000,1,1
152,depolarizing,0.05,0000,IIIII,IIIII,IIIII,0000,1,1
153,depolarizing,0.05,0000,IIIII,IIIII,IIIII,0000,1,1
154,depolarizing,0.05,0000,IIIII,IIIII,IIIII,0000,1,1
155,depolarizing,0.05,0000,IIIII,IIIII,IIIII,0000,1,1
156,depolarizing,0.05,0000,IIIII,IIIII,IIIII,0000,1,1
157,depolarizing,0.05,0000,IIIII,IIIII,IIIII,0000,1,1
158,depolarizing,0.05,0000,IIIII,IIIII,IIIII,0000,1,1
159,depolarizing,0.05,0111,IIIIY,IXIII,IXIIY,1111,-1,0
160,depolarizing,0.05,0000,IIIII,IIIII,IIIII,0000,1,1
161,depolarizing,0.05,1010,ZIIII,XIIII,YIIII,1011,-1,0
162,depolarizing,0.05,0000,IIIII,IIIII,IIIII,0000,1,1
163,depolarizing,0.05,0000,IIIII,IIIII,IIIII,0000,1,1
164,depolarizing,0.05,0000,IIIII,IIIII,IIIII,0000,1,1
165,depolarizing,0.05,0000,IIIII,IIIII,IIIII,0000,1,1
166,depolarizing,0.05,0000,IIIII,IIIII,IIIII,0000,1,1
167,depolarizing,0.05,0000,IIIII,IIIII,IIIII,0000,1,1
168,depolarizing,0.05,0000,IIIII,IIIII,IIIII,0000,1,1
169,depolarizing,0.05,0001,XIIII,XIIII,IIIII,0000,1,1
170,depolarizing,0.05,0000,IIIII,IIIII,IIIII,0000,1,1
171,depolarizing,0.05,0100,IIIIZ,YIIII,YIIIZ,1111,-1,0
172,depolarizing,0.05,0011,IIIIX,IXIII,IXIIX,1011,-1,0
173,depolarizing,0.05,0110,IIIXI,IIIIY,IIIXY,0001,-1,0
174,depolarizing,0.05,0000,IIIII,IIIII,IIIII,0000,1,1
175,depolarizing,0.05,1001,IIIZI,IXIII,IXIZI,0001,-1,0
176,depolarizing,0.05,0000,IIIII,IIIII,IIIII,0000,1,1
177,depolarizing,0.05,0000,IIIII,IIIII,IIIII,0000,1,1
178,depolarizing,0.05,0000,IIIII,IIIII,IIIII,0000,1,1
179,depolarizing,0.05,0000,IIIII,IIIII,IIIII,0000,1,1
180,depolarizing,0.05,0000,IIIII,IIIII,IIIII,0000,1,1
181,depolarizing,0.05,0000,IIIII,IIIII,IIIII,0000,1,1
182,depolarizing,0.05,0000,IIIII,IIIII,IIIII,0000,1,1
183,depolarizing,0.05,0000,IIIII,IIIII,IIIII,0000,1,1
184,depolarizing,0.05,0000,IIIII,IIIII,IIIII,0000,1,1
185,depolarizing,0.05,0000,IIIII,IIIII,IIIII,0000,1,1
186,depolarizing,0.05,0000,IIIII,IIIII,IIIII,0000,1,1
187,depolarizing,0.05,0000,IIIII,IIIII,IIIII,0000,1,1
188,depolarizing,0.05,0101,IZIII,IZIII,IIIII,0000,1,1
189,depolarizing,0.05,0010,IIZII,YIIII,YIZII,1001,-1,0
190,depolarizing,0.05,0000,IIIII,IIIII,IIIII,0000,1,1
191,depolarizing,0.05,0000,IIIII,IIIII,IIIII,0000,1,1
192,depolarizing,0.05,0000,IIIII,IIIII,IIIII,0000,1,1
193,depolarizing,0.05,0010,IIZII,YIIII,YIZII,1001,-1,0
194,depolarizing,0.05,0000,IIIII,IIIII,IIIII,0000,1,1
195,depolarizing,0.05,0000,IIIII,IIIII,IIIII,0000,1,1
196,depolarizing,0.05,0000,IIIII,IIIII,IIIII,0000,1,1
197,depolarizing,0.05,0000,IIIII,IIIII,IIIII,0000,1,1
198,depolarizing,0.05,0000,IIIII,IIIII,IIIII,0000,1,1
199,depolarizing,0.05,1110,IIYII,IZIII,IZYII,1011,-1,0
200,depolarizing,0.05,0000,IIIII,IIIII,IIIII,0000,1,1
201,depolarizing,0.05,1000,IXIII,IXIII,IIIII,0000,1,1
202,depolarizing,0.05,0000,IIIII,IIIII,IIIII,0000,1,1
203,depolarizing,0.05,0000,IIIII,IIIII,IIIII,0000,1,1
204,depolarizing,0.05,0000,IIIII,IIIII,IIIII,0000,1,1
205,depolarizing,0.05,0000,IIIII,IIIII,IIIII,0000,1,1
206,depolarizing,0.05,0001,XIIII,XIIII,IIIII,0000,1,1
207,depolarizing,0.05,0000,IIIII,IIIII,IIIII,0000,1,1
208,depolarizing,0.05,0000,IIIII,IIIII,IIIII,0000,1,1
209,depolarizing,0.05,0000,IIIII,IIIII,IIIII,0000,1,1
210,depolarizing,0.05,0010,IIZII,YIIII,YIZII,1001,-1,0
211,depolarizing,0.05,0000,IIIII,IIIII,IIIII,0000,1,1
212,depolarizing,0.05,0000,IIIII,IIIII,IIIII,0000,1,1
213,depolarizing,0.05,0000,IIIII,IIIII,IIIII,0000,1,1
214,depolarizing,0.05,0000,IIIII,IIIII,IIIII,0000,1,1
215,depolarizing,0.05,0000,IIIII,IIIII,IIIII,0000,1,1
216,depolarizing,0.05,0000,IIIII,IIIII,IIIII,0000,1,1
217,depolarizing,0.05,0000,IIIII,IIIII,IIIII,0000,1,1
218,depolarizing,0.05,0000,IIIII,IIIII,IIIII,0000,1,1
219,depolarizing,0.05,0000,IIIII,IIIII,IIIII,0000,1,1
220,depolarizing,0.05,0000,IIIII,IIIII,IIIII,0000,1,1
221,depolarizing,0.05,1010,ZIIII,XIIII,YIIII,1011,-1,0
222,depolarizing,0.05,0000,IIIII,IIIII,IIIII,0000,1,1
223,depolarizing,0.05,0000,IIIII,IIIII,IIIII,0000,1,1
224,depolarizing,0.05,0010,IIZII,YIIII,YIZII,1001,-1,0
225,depolarizing,0.05,0000,IIIII,IIIII,IIIII,0000,1,1
226,depolarizing,0.05,0000,IIIII,IIIII,IIIII,0000,1,1
227,depolarizing,0.05,1010,ZIIII,XIIII,YIIII,1011,-1,0
228,depolarizing,0.05,0000,IIIII,IIIII,IIIII,0000,1,1
229,depolarizing,0.05,0000,IIIII,IIIII,IIIII,0000,1,1
230,depolarizing,0.05,0000,IIIII,IIIII,IIIII,0000,1,1
231,depolarizing,0.05,0000,IIIII,IIIII,IIIII,0000,1,1
232,depolarizing,0.05,0000,IIIII,IIIII,IIIII,0000,1,1
233,depolarizing,0.05,1100,IIXII,IYIII,IYXII,0001,-1,0
234,depolarizing,0.05,0000,IIIII,IIIII,IIIII,0000,1,1
235,depolarizing,0.05,0000,IIIII,IIIII,IIIII,0000,1,1
236,depolarizing,0.05,0000,IIIII,IIIII,IIIII,0000,1,1
237,depolarizing,0.05,0000,IIIII,IIIII,IIIII,0000,1,1
238,depolarizing,0.05,0000,IIIII,IIIII,IIIII,0000,1,1
239,depolarizing,0.05,0000,IIIII,IIIII,IIIII,0000,1,1
240,depolarizing,0.05,0000,IIIII,IIIII,IIIII,0000,1,1
241,depolarizing,0.05,0000,IIIII,IIIII,IIIII,0000,1,1
242,depolarizing,0.05,0100,IIIIZ,YIIII,YIIIZ,1111,-1,0
243,depolarizing,0.05,0000,IIIII,IIIII,IIIII,0000,1,1
244,depolarizing,0.05,1000,IXIII,IXIII,IIIII,0000,1,1
245,depolarizing,0.05,0000,IIIII,IIIII,IIIII,0000,1,1
246,depolarizing,0.05,0000,IIIII,IIIII,IIIII,0000,1,1
247,depolarizing,0.05,1101,IYIII,IIIIY,IYIIY,1010,-1,0
248,depolarizing,0.05,0010,IIZII,YIIII,YIZII,1001,-1,0
249,depolarizing,0.05,0000,IIIII,IIIII,IIIII,0000,1,1
250,depolarizing,0.05,0000,IIIII,IIIII,IIIII,0000,1,1
251,depolarizing,0.05,0000,IIIII,IIIII,IIIII,0000,1,1
252,depolarizing,0.05,0111,IIIIY,IXIII,IXIIY,1111,-1,0
253,depolarizing,0.05,0111,IIIIY,IXIII,IXIIY,1111,-1,0
254,depolarizing,0.05,0110,IIIXI,IIIIY,IIIXY,0001,-1,0
255,depolarizing,0.05,0000,IIIII,IIIII,IIIII,0000,1,1
256,depolarizing,0.05,0000,IIIII,IIIII,IIIII,0000,1,1
257,depolarizing,0.05,0000,IIIII,IIIII,IIIII,0000,1,1
258,depolarizing,0.05,0000,IIIII,IIIII,IIIII,0000,1,1
259,depolarizing,0.05,0000,IIIII,IIIII,IIIII,0000,1,1
260,depolarizing,0.05,0000,IIIII,IIIII,IIIII,0000,1,1
261,depolarizing,0.05,0000,IIIII,IIIII,IIIII,0000,1,1
262,depolarizing,0.05,0000,IIIII,IIIII,IIIII,0000,1,1
263,depolarizing,0.05,0000,IIIII,IIIII,IIIII,0000,1,1
264,depolarizing,0.05,1100,IIXII,IYIII,IYXII,0001,-1,0
265,depolarizing,0.05,0000,IIIII,IIIII,IIIII,0000,1,1
266,depolarizing,0.05,0000,IIIII,IIIII,IIIII,0000,1,1
267,depolarizing,0.05,0000,IIIII,IIIII,IIIII,0000,1,1
268,depolarizing,0.05,0000,IIIII,IIIII,IIIII,0000,1,1
269,depolarizing,0.05,0000,IIIII,IIIII,IIIII,0000,1,1
270,depolarizing,0.05,0000,IIIII,IIIII,IIIII,0000,1,1
271,depolarizing,0.05,0000,IIIII,IIIII,IIIII,0000,1,1
272,depolarizing,0.05,0000,IIIII,IIIII,IIIII,0000,1,1
273,depolarizing,0.05,1001,IIIZI,IXIII,IXIZI,0001,-1,0
274,depolarizing,0.05,0011,IIIIX,IXIII,IXIIX,1011,-1,0
275,depolarizing,0.05,0000,IIIII,IIIII,IIIII,0000,1,1
276,depolarizing,0.05,0000,IIIII,IIIII,IIIII,0000,1,1
277,depolarizing,0.05,0000,IIIII,IIIII,IIIII,0000,1,1
278,depolarizing,0.05,0000,IIIII,IIIII,IIIII,0000,1,1
279,depolarizing,0.05,0000,IIIII,IIIII,IIIII,0000,1,1
280,depolarizing,0.05,0000,IIIII,IIIII,IIIII,0000,1,1
281,depolarizing,0.05,0000,IIIII,IIIII,IIIII,0000,1,1
282,depolarizing,0.05,0000,IIIII,IIIII,IIIII,0000,1,1
283,depolarizing,0.05,0000,IIIII,IIIII,IIIII,0000,1,1
284,depolarizing,0.05,0000,IIIII,IIIII,IIIII,0000,1,1
285,depolarizing,0.05,0110,ZIXII,IIIIY,ZIXIY,0001,-1,0
286,depolarizing,0.05,0000,IIIII,IIIII,IIIII,0000,1,1
287,depolarizing,0.05,1001,IIIZI,IXIII,IXIZI,0001,-1,0
288,depolarizing,0.05,0000,IIIII,IIIII,IIIII,0000,1,1
289,depolarizing,0.05,0000,IIIII,IIIII,IIIII,0000,1,1
290,depolarizing,0.05,0000,IIIII,IIIII,IIIII,0000,1,1
291,depolarizing,0.05,0010,IIZII,YIIII,YIZII,1001,-1,0
292,depolarizing,0.05,1010,ZIIII,XIIII,YIIII,1011,-1,0
293,depolarizing,0.05,0000,IIIII,IIIII,IIIII,0000,1,1
294,depolarizing,0.05,0000,IIIII,IIIII,IIIII,0000,1,1
295,depolarizing,0.05,0000,IIIII,IIIII,IIIII,0000,1,1
296,depolarizing,0.05,0000,IIIII,IIIII,IIIII,0000,1,1
297,depolarizing,0.05,0000,IIIII,IIIII,IIIII,0000,1,1
298,depolarizing,0.05,0000,IIIII,IIIII,IIIII,0000,1,1
299,depolarizing,0.05,0000,IIIII,IIIII,IIIII,0000,1,1
300,depolarizing,0.05,0000,IIIII,IIIII,IIIII,0000,1,1
301,depolarizing,0.05,0110,IIIXI,IIIIY,IIIXY,0001,-1,0
302,depolarizing,0.05,0100,IIIIZ,YIIII,YIIIZ,1111,-1,0
303,depolarizing,0.05,0000,IIIII,IIIII,IIIII,0000,1,1
304,depolarizing,0.05,0000,IIIII,IIIII,IIIII,0000,1,1
305,depolarizing,0.05,0000,IIIII,IIIII,IIIII,0000,1,1
306,depolarizing,0.05,0110,IIIXI,IIIIY,IIIXY,0001,-1,0
307,depolarizing,0.05,0000,IIIII,IIIII,IIIII,0000,1,1
308,depolarizing,0.05,1110,IIYII,IZIII,IZYII,1011,-1,0
309,depolarizing,0.05,0000,IIIII,IIIII,IIIII,0000,1,1
310,depolarizing,0.05,0000,IIIII,IIIII,IIIII,0000,1,1
311,depolarizing,0.05,0000,IIIII,IIIII,IIIII,0000,1,1
312,depolarizing,0.05,0000,IIIII,IIIII,IIIII,0000,1,1
313,depolarizing,0.05,0000,IIIII,IIIII,IIIII,0000,1,1
314,depolarizing,0.05,0000,IIIII,IIIII,IIIII,0000,1,1
315,depolarizing,0.05,0000,IIIII,IIIII,IIIII,0000,1,1
316,depolarizing,0.05,0000,IIIII,IIIII,IIIII,0000,1,1
317,depolarizing,0.05,1001,IIIZI,IXIII,IXIZI,0001,-1,0
318,depolarizing,0.05,0000,IIIII,IIIII,IIIII,0000,1,1
319,depolarizing,0.05,0000,IIIII,IIIII,IIIII,0000,1,1
320,depolarizing,0.05,0111,IIIIY,IXIII,IXIIY,1111,-1,0
321,depolarizing,0.05,0000,IIIII,IIIII,IIIII,0000,1,1
322,depolarizing,0.05,0000,IIIII,IIIII,IIIII,0000,1,1
323,depolarizing,0.05,0000,IIIII,IIIII,IIIII,0000,1,1
324,depolarizing,0.05,0000,IIIII,IIIII,IIIII,0000,1,1
325,depolarizing,0.05,0000,IIIII,IIIII,IIIII,0000,1,1
326,depolarizing,0.05,0000,IIIII,IIIII,IIIII,0000,1,1
327,depolarizing,0.05,1100,IIXII,IYIII,IYXII,0001,-1,0
328,depolarizing,0.05,1110,IIYII,IZIII,IZYII,1011,-1,0
329,depolarizing,0.05,0111,IIIIY,IXIII,IXIIY,1111,-1,0
330,depolarizing,0.05,1010,ZIIII,XIIII,YIIII,1011,-1,0
331,depolarizing,0.05,0000,IIIII,IIIII,IIIII,0000,1,1
332,depolarizing,0.05,0000,IIIII,IIIII,IIIII,0000,1,1
333,depolarizing,0.05,0000,IIIII,IIIII,IIIII,0000,1,1
334,depolarizing,0.05,0000,IIIII,IIIII,IIIII,0000,1,1
335,depolarizing,0.05,0000,IIIII,IIIII,IIIII,0000,1,1
336,depolarizing,0.05,0000,IIIII,IIIII,IIIII,0000,1,1
337,depolarizing,0.05,0000,IIIII,IIIII,IIIII,0000,1,1
338,depolarizing,0.05,0000,IIIII,IIIII,IIIII,0000,1,1
339,depolarizing,0.05,0000,IIIII,IIIII,IIIII,0000,1,1
340,depolarizing,0.05,0000,IIIII,IIIII,IIIII,0000,1,1
341,depolarizing,0.05,0000,IIIII,IIIII,IIIII,0000,1,1
342,depolarizing,0.05,0000,IIIII,IIIII,IIIII,0000,1,1
343,depolarizing,0.05,0000,IIIII,IIIII,IIIII,0000,1,1
344,depolarizing,0.05,0000,IIIII,IIIII,IIIII,0000,1,1
345,depolarizing,0.05,0000,IIIII,IIIII,IIIII,0000,1,1
346,depolarizing,0.05,0000,IIIII,IIIII,IIIII,0000,1,1
347,depolarizing,0.05,0000,IIIII,IIIII,IIIII,0000,1,1
348,depolarizing,0.05,0010,IIZII,YIIII,YIZII,1001,-1,0
349,depolarizing,0.05,0000,IIIII,IIIII,IIIII,0000,1,1
350,depolarizing,0.05,1000,IXIII,IXIII,IIIII,0000,1,1
351,depolarizing,0.05,1110,IIYII,IZIII,IZYII,1011,-1,0
352,depolarizing,0.05,0000,IIIII,IIIII,IIIII,0000,1,1
353,depolarizing,0.05,0000,IIIII,IIIII,IIIII,0000,1,1
354,depolarizing,0.05,0000,IIIII,IIIII,IIIII,0000,1,1
355,depolarizing,0.05,0000,IIIII,IIIII,IIIII,0000,1,1
356,depolarizing,0.05,0000,IIIII,IIIII,IIIII,0000,1,1
357,depolarizing,0.05,0000,IIIII,IIIII,IIIII,0000,1,1
358,depolarizing,0.05,0000,IIIII,IIIII,IIIII,0000,1,1
359,depolarizing,0.05,1001,IIIZI,IXIII,IXIZI,0001,-1,0
360,depolarizing,0.05,0000,IIIII,IIIII,IIIII,0000,1,1
361,depolarizing,0.05,0000,IIIII,IIIII,IIIII,0000,1,1
362,depolarizing,0.05,1000,IXIII,IXIII,IIIII,0000,1,1
363,depolarizing,0.05,0000,IIIII,IIIII,IIIII,0000,1,1
364,depolarizing,0.05,0000,IIIII,IIIII,IIIII,0000,1,1
365,depolarizing,0.05,0000,IIIII,IIIII,IIIII,0000,1,1
366,depolarizing,0.05,1110,IIYII,IZIII,IZYII,1011,-1,0
367,depolarizing,0.05,0110,IIIXI,IIIIY,IIIXY,0001,-1,0
368,depolarizing,0.05,0011,IIIIX,IXIII,IXIIX,1011,-1,0
369,depolarizing,0.05,0000,IIIII,IIIII,IIIII,0000,1,1
370,depolarizing,0.05,0000,IIIII,IIIII,IIIII,0000,1,1
371,depolarizing,0.05,0000,IIIII,IIIII,IIIII,0000,1,1
372,depolarizing,0.05,0111,IIIIY,IXIII,IXIIY,1111,-1,0
373,depolarizing,0.05,0101,IZIII,IZIII,IIIII,0000,1,1
374,depolarizing,0.05,1011,IIXIY,YIIII,YIXIY,0000,-1,0
375,depolarizing,0.05,0000,IIIII,IIIII,IIIII,0000,1,1
376,depolarizing,0.05,0000,IIIII,IIIII,IIIII,0000,1,1
377,depolarizing,0.05,0000,IIIII,IIIII,IIIII,0000,1,1
378,depolarizing,0.05,0000,IIIII,IIIII,IIIII,0000,1,1
379,depolarizing,0.05,0000,IIIII,IIIII,IIIII,0000,1,1
380,depolarizing,0.05,0000,IIIII,IIIII,IIIII,0000,1,1
381,depolarizing,0.05,0000,IIIII,IIIII,IIIII,0000,1,1
382,depolarizing,0.05,1110,IIYII,IZIII,IZYII,1011,-1,0
383,depolarizing,0.05,0000,IIIII,IIIII,IIIII,0000,1,1
384,depolarizing,0.05,0000,IIIII,IIIII,IIIII,0000,1,1
385,depolarizing,0.05,0000,IIIII,IIIII,IIIII,0000,1,1
386,depolarizing,0.05,0000,IIIII,IIIII,IIIII,0000,1,1
387,depolarizing,0.05,0000,IIIII,IIIII,IIIII,0000,1,1
388,depolarizing,0.05,0000,IIIII,IIIII,IIIII,0000,1,1
389,depolarizing,0.05,0000,IIIII,IIIII,IIIII,0000,1,1
390,depolarizing,0.05,0000,IIIII,IIIII,IIIII,0000,1,1
391,depolarizing,0.05,0000,IIIII,IIIII,IIIII,0000,1,1
392,depolarizing,0.05,0000,IIIII,IIIII,IIIII,0000,1,1
393,depolarizing,0.05,1111,IIIYI,IIYII,IIYYI,0001,-1,0
394,depolarizing,0.05,0000,IIIII,IIIII,IIIII,0000,1,1
395,depolarizing,0.05,0101,IZIII,IZIII,IIIII,0000,1,1
396,depolarizing,0.05,0000,IIIII,IIIII,IIIII,0000,1,1
397,depolarizing,0.05,1000,IXIII,IXIII,IIIII,0000,1,1
398,depolarizing,0.05,0000,IIIII,IIIII,IIIII,0000,1,1
399,depolarizing,0.05,0000,IIIII,IIIII,IIIII,0000,1,1
400,depolarizing,0.05,0000,IIIII,IIIII,IIIII,0000,1,1
401,depolarizing,0.05,0000,IIIII,IIIII,IIIII,0000,1,1
402,depolarizing,0.05,1010,IIYIZ,XIIII,XIYIZ,1011,-1,0
403,depolarizing,0.05,0010,IIZII,YIIII,YIZII,1001,-1,0
404,depolarizing,0.05,0000,IIIII,IIIII,IIIII,0000,1,1
405,depolarizing,0.05,0000,IIIII,IIIII,IIIII,0000,1,1
406,depolarizing,0.05,0000,IIIII,IIIII,IIIII,0000,1,1
407,depolarizing,0.05,0100,IIIIZ,YIIII,YIIIZ,1111,-1,0
408,depolarizing,0.05,0000,IIIII,IIIII,IIIII,0000,1,1
409,depolarizing,0.05,0000,IIIII,IIIII,IIIII,0000,1,1
410,depolarizing,0.05,0000,IIIII,IIIII,IIIII,0000,1,1
411,depolarizing,0.05,0000,IIIII,IIIII,IIIII,0000,1,1
412,depolarizing,0.05,0000,IIIII,IIIII,IIIII,0000,1,1
413,depolarizing,0.05,0000,IIIII,IIIII,IIIII,0000,1,1
414,depolarizing,0.05,0000,IIIII,IIIII,IIIII,0000,1,1
415,depolarizing,0.05,0000,IIIII,IIIII,IIIII,0000,1,1
416,depolarizing,0.05,0000,IIIII,IIIII,IIIII,0000,1,1
417,depolarizing,0.05,0000,IIIII,IIIII,IIIII,0000,1,1
418,depolarizing,0.05,0000,IIIII,IIIII,IIIII,0000,1,1
419,depolarizing,0.05,0000,IIIII,IIIII,IIIII,0000,1,1
420,depolarizing,0.05,0000,IIIII,IIIII,IIIII,0000,1,1
421,depolarizing,0.05,0000,IIIII,IIIII,IIIII,0000,1,1
422,depolarizing,0.05,0000,IIIII,IIIII,IIIII,0000,1,1
423,depolarizing,0.05,0000,IIIII,IIIII,IIIII,0000,1,1
424,depolarizing,0.05,1100,IIXII,IYIII,IYXII,0001,-1,0
425,depolarizing,0.05,0000,IIIII,IIIII,IIIII,0000,1,1
426,depolarizing,0.05,0000,IIIII,IIIII,IIIII,0000,1,1
427,depolarizing,0.05,0000,IIIII,IIIII,IIIII,0000,1,1
428,depolarizing,0.05,0000,IIIII,IIIII,IIIII,0000,1,1
429,depolarizing,0.05,0111,IIIIY,IXIII,IXIIY,1111,-1,0
430,depolarizing,0.05,0000,IIIII,IIIII,IIIII,0000,1,1
431,depolarizing,0.05,0000,IIIII,IIIII,IIIII,0000,1,1
432,depolarizing,0.05,0000,IIIII,IIIII,IIIII,0000,1,1
433,depolarizing,0.05,0000,IIIII,IIIII,IIIII,0000,1,1
434,depolarizing,0.05,0000,IIIII,IIIII,IIIII,0000,1,1
435,depolarizing,0.05,0111,IIIIY,IXIII,IXIIY,1111,-1,0
436,depolarizing,0.05,0010,IIZII,YIIII,YIZII,1001,-1,0
437,depolarizing,0.05,0000,IIIII,IIIII,IIIII,0000,1,1
438,depolarizing,0.05,0000,IIIII,IIIII,IIIII,0000,1,1
439,depolarizing,0.05,0000,IIIII,IIIII,IIIII,0000,1,1
440,depolarizing,0.05,0000,IIIII,IIIII,IIIII,0000,1,1
441,depolarizing,0.05,0000,IIIII,IIIII,IIIII,0000,1,1
442,depolarizing,0.05,0000,IIIII,IIIII,IIIII,0000,1,1
443,depolarizing,0.05,0000,IIIII,IIIII,IIIII,0000,1,1
444,depolarizing,0.05,0000,IIIII,IIIII,IIIII,0000,1,1
445,depolarizing,0.05,0000,IIIII,IIIII,IIIII,0000,1,1
446,depolarizing,0.05,0000,IIIII,IIIII,IIIII,0000,1,1
447,depolarizing,0.05,0000,IIIII,IIIII,IIIII,0000,1,1
448,depolarizing,0.05,0000,IIIII,IIIII,IIIII,0000,1,1
449,depolarizing,0.05,0000,IIIII,IIIII,IIIII,0000,1,1
450,depolarizing,0.05,0000,IIIII,IIIII,IIIII,0000,1,1
451,depolarizing,0.05,0000,IIIII,IIIII,IIIII,0000,1,1
452,depolarizing,0.05,0000,IIIII,IIIII,IIIII,0000,1,1
453,depolarizing,0.05,0000,IIIII,IIIII,IIIII,0000,1,1
454,depolarizing,0.05,0000,IIIII,IIIII,IIIII,0000,1,1
455,depolarizing,0.05,1001,IIIZI,IXIII,IXIZI,0001,-1,0
456,depolarizing,0.05,0000,IIIII,IIIII,IIIII,0000,1,1
457,depolarizing,0.05,1011,YIIII,YIIII,IIIII,0000,1,1
458,depolarizing,0.05,0000,IIIII,IIIII,IIIII,0000,1,1
459,depolarizing,0.05,0000,IIIII,IIIII,IIIII,0000,1,1
460,depolarizing,0.05,1011,YIIII,YIIII,IIIII,0000,1,1
461,depolarizing,0.05,0000,IIIII,IIIII,IIIII,0000,1,1
462,depolarizing,0.05,0000,IIIII,IIIII,IIIII,0000,1,1
463,depolarizing,0.05,0000,IIIII,IIIII,IIIII,0000,1,1
464,depolarizing,0.05,0001,IZIIZ,XIIII,XZIIZ,0000,-1,0
465,depolarizing,0.05,0000,IIIII,IIIII,IIIII,0000,1,1
466,depolarizing,0.05,0000,IIIII,IIIII,IIIII,0000,1,1
467,depolarizing,0.05,0010,IIZII,YIIII,YIZII,1001,-1,0
468,depolarizing,0.05,0000,IIIII,IIIII,IIIII,0000,1,1
469,depolarizing,0.05,0000,IIIII,IIIII,IIIII,0000,1,1
470,depolarizing,0.05,0000,IIIII,IIIII,IIIII,0000,1,1
471,depolarizing,0.05,0111,IIIIY,IXIII,IXIIY,1111,-1,0
472,depolarizing,0.05,0000,IIIII,IIIII,IIIII,0000,1,1
473,depolarizing,0.05,0000,IIIII,IIIII,IIIII,0000,1,1
474,depolarizing,0.05,0000,IIIII,IIIII,IIIII,0000,1,1
475,depolarizing,0.05,0000,IIIII,IIIII,IIIII,0000,1,1
476,depolarizing,0.05,0000,IIIII,IIIII,IIIII,0000,1,1
477,depolarizing,0.05,0000,IIIII,IIIII,IIIII,0000,1,1
478,depolarizing,0.05,0000,IIIII,IIIII,IIIII,0000,1,1
479,depolarizing,0.05,1010,ZIIII,XIIII,YIIII,1011,-1,0
480,depolarizing,0.05,0000,IIIII,IIIII,IIIII,0000,1,1
481,depolarizing,0.05,0000,IIIII,IIIII,IIIII,0000,1,1
482,depolarizing,0.05,0000,IIIII,IIIII,IIIII,0000,1,1
483,depolarizing,0.05,0000,IIIII,IIIII,IIIII,0000,1,1
484,depolarizing,0.05,0000,IIIII,IIIII,IIIII,0000,1,1
485,depolarizing,0.05,0000,IIIII,IIIII,IIIII,0000,1,1
486,depolarizing,0.05,1010,IYIIY,XIIII,XYIIY,1011,-1,0
487,depolarizing,0.05,0000,IIIII,IIIII,IIIII,0000,1,1
488,depolarizing,0.05,0000,IIIII,IIIII,IIIII,0000,1,1
489,depolarizing,0.05,0000,IIIII,IIIII,IIIII,0000,1,1
490,depolarizing,0.05,0000,IIIII,IIIII,IIIII,0000,1,1
491,depolarizing,0.05,0000,IIIII,IIIII,IIIII,0000,1,1
492,depolarizing,0.05,0000,IIIII,IIIII,IIIII,0000,1,1
493,depolarizing,0.05,0111,IIIIY,IXIII,IXIIY,1111,-1,0
494,depolarizing,0.05,1000,IXIII,IXIII,IIIII,0000,1,1
495,depolarizing,0.05,0000,IIIII,IIIII,IIIII,0000,1,1
496,depolarizing,0.05,0000,IIIII,IIIII,IIIII,0000,1,1
497,depolarizing,0.05,0000,IIIII,IIIII,IIIII,0000,1,1
498,depolarizing,0.05,1011,YIIII,YIIII,IIIII,0000,1,1
499,depolarizing,0.05,0000,IIIII,IIIII,IIIII,0000,1,1
500,depolarizing,0.05,0000,IIIII,IIIII,IIIII,0000,1,1
501,depolarizing,0.05,0000,IIIII,IIIII,IIIII,0000,1,1
502,depolarizing,0.05,0000,IIIII,IIIII,IIIII,0000,1,1
503,depolarizing,0.05,0000,IIIII,IIIII,IIIII,0000,1,1
504,depolarizing,0.05,0000,IIIII,IIIII,IIIII,0000,1,1
505,depolarizing,0.05,0000,IIIII,IIIII,IIIII,0000,1,1
506,depolarizing,0.05,1001,IZXII,IXIII,IYXII,0001,-1,0
507,depolarizing,0.05,0011,IIIIX,IXIII,IXIIX,1011,-1,0
508,depolarizing,0.05,0000,IIIII,IIIII,IIIII,0000,1,1
509,depolarizing,0.05,0111,IIIIY,IXIII,IXIIY,1111,-1,0
510,depolarizing,0.05,0000,IIIII,IIIII,IIIII,0000,1,1
511,depolarizing,0.05,0000,IIIII,IIIII,IIIII,0000,1,1
512,depolarizing,0.05,0000,IIIII,IIIII,IIIII,0000,1,1
513,depolarizing,0.05,0000,IIIII,IIIII,IIIII,0000,1,1
514,depolarizing,0.05,0000,IIIII,IIIII,IIIII,0000,1,1
515,depolarizing,0.05,0000,IIIII,IIIII,IIIII,0000,1,1
516,depolarizing,0.05,0101,IZIII,IZIII,IIIII,0000,1,1
517,depolarizing,0.05,0000,IIIII,IIIII,IIIII,0000,1,1
518,depolarizing,0.05,1101,IYIII,IIIIY,IYIIY,1010,-1,0
519,depolarizing,0.05,0000,IIIII,IIIII,IIIII,0000,1,1
520,depolarizing,0.05,0000,IIIII,IIIII,IIIII,0000,1,1
521,depolarizing,0.05,1011,YIIII,YIIII,IIIII,0000,1,1
522,depolarizing,0.05,0000,IIIII,IIIII,IIIII,0000,1,1
523,depolarizing,0.05,0000,IIIII,IIIII,IIIII,0000,1,1
524,depolarizing,0.05,1100,IIXII,IYIII,IYXII,0001,-1,0
525,depolarizing,0.05,0000,IIIII,IIIII,IIIII,0000,1,1
526,depolarizing,0.05,1101,IYIII,IIIIY,IYIIY,1010,-1,0
527,depolarizing,0.05,0000,IIIII,IIIII,IIIII,0000,1,1
528,depolarizing,0.05,0000,IIIII,IIIII,IIIII,0000,1,1
529,depolarizing,0.05,0000,IIIII,IIIII,IIIII,0000,1,1
530,depolarizing,0.05,0000,IIIII,IIIII,IIIII,0000,1,1
531,depolarizing,0.05,0000,IIIII,IIIII,IIIII,0000,1,1
532,depolarizing,0.05,0000,IIIII,IIIII,IIIII,0000,1,1
533,depolarizing,0.05,0000,IIIII,IIIII,IIIII,0000,1,1
534,depolarizing,0.05,0000,IIIII,IIIII,IIIII,0000,1,1
535,depolarizing,0.05,0100,IIIIZ,YIIII,YIIIZ,1111,-1,0
536,depolarizing,0.05,0000,IIIII,IIIII,IIIII,0000,1,1
537,depolarizing,0.05,0000,IIIII,IIIII,IIIII,0000,1,1
538,depolarizing,0.05,0000,IIIII,IIIII,IIIII,0000,1,1
539,depolarizing,0.05,1101,IYIII,IIIIY,IYIIY,1010,-1,0
540,depolarizing,0.05,0000,IIIII,IIIII,IIIII,0000,1,1
541,depolarizing,0.05,0000,IIIII,IIIII,IIIII,0000,1,1
542,depolarizing,0.05,0000,IIIII,IIIII,IIIII,0000,1,1
543,depolarizing,0.05,0000,IIIII,IIIII,IIIII,0000,1,1
544,depolarizing,0.05,0110,IIIXI,IIIIY,IIIXY,0001,-1,0
545,depolarizing,0.05,1011,YIIII,YIIII,IIIII,0000,1,1
546,depolarizing,0.05,0000,IIIII,IIIII,IIIII,0000,1,1
547,depolarizing,0.05,0000,IIIII,IIIII,IIIII,0000,1,1
548,depolarizing,0.05,0000,IIIII,IIIII,IIIII,0000,1,1
549,depolarizing,0.05,1010,ZIIII,XIIII,YIIII,1011,-1,0
550,depolarizing,0.05,0000,IIIII,IIIII,IIIII,0000,1,1
551,depolarizing,0.05,0000,IIIII,IIIII,IIIII,0000,1,1
552,depolarizing,0.05,0000,IIIII,IIIII,IIIII,0000,1,1
553,depolarizing,0.05,0000,IIIII,IIIII,IIIII,0000,1,1
554,depolarizing,0.05,0000,IIIII,IIIII,IIIII,0000,1,1
555,depolarizing,0.05,0000,IIIII,IIIII,IIIII,0000,1,1
556,depolarizing,0.05,0000,IIIII,IIIII,IIIII,0000,1,1
557,depolarizing,0.05,0000,IIIII,IIIII,IIIII,0000,1,1
558,depolarizing,0.05,0000,IIIII,IIIII,IIIII,0000,1,1
559,depolarizing,0.05,0000,IIIII,IIIII,IIIII,0000,1,1
560,depolarizing,0.05,1001,ZIIIX,IXIII,ZXIIX,0001,-1,0
561,depolarizing,0.05,0000,IIIII,IIIII,IIIII,0000,1,1
562,depolarizing,0.05,0000,IIIII,IIIII,IIIII,0000,1,1
563,depolarizing,0.05,0000,IIIII,IIIII,IIIII,0000,1,1
564,depolarizing,0.05,0000,IIIII,IIIII,IIIII,0000,1,1
565,depolarizing,0.05,0000,IIIII,IIIII,IIIII,0000,1,1
566,depolarizing,0.05,0000,IIIII,IIIII,IIIII,0000,1,1
567,depolarizing,0.05,0011,IIIIX,IXIII,IXIIX,1011,-1,0
568,depolarizing,0.05,0000,IIIII,IIIII,IIIII,0000,1,1
569,depolarizing,0.05,0000,IIIII,IIIII,IIIII,0000,1,1
570,depolarizing,0.05,0000,IIIII,IIIII,IIIII,0000,1,1
571,depolarizing,0.05,0000,IIIII,IIIII,IIIII,0000,1,1
572,depolarizing,0.05,0000,IIIII,IIIII,IIIII,0000,1,1
573,depolarizing,0.05,1101,IYIII,IIIIY,IYIIY,1010,-1,0
574,depolarizing,0.05,0000,IIIII,IIIII,IIIII,0000,1,1
575,depolarizing,0.05,1011,YIIII,YIIII,IIIII,0000,1,1
576,depolarizing,0.05,0000,IIIII,IIIII,IIIII,0000,1,1
577,depolarizing,0.05,0000,IIIII,IIIII,IIIII,0000,1,1
578,depolarizing,0.05,1101,IYIII,IIIIY,IYIIY,1010,-1,0
579,depolarizing,0.05,1010,ZIIII,XIIII,YIIII,1011,-1,0
580,depolarizing,0.05,1100,IIXII,IYIII,IYXII,0001,-1,0
581,depolarizing,0.05,0000,IIIII,IIIII,IIIII,0000,1,1
582,depolarizing,0.05,0001,XIIII,XIIII,IIIII,0000,1,1
583,depolarizing,0.05,0000,IIIII,IIIII,IIIII,0000,1,1
584,depolarizing,0.05,0000,IIIII,IIIII,IIIII,0000,1,1
585,depolarizing,0.05,0000,IIIII,IIIII,IIIII,0000,1,1
586,depolarizing,0.05,0000,IIIII,IIIII,IIIII,0000,1,1
587,depolarizing,0.05,0000,IIIII,IIIII,IIIII,0000,1,1
588,depolarizing,0.05,1111,IIIYI,IIYII,IIYYI,0001,-1,0
589,depolarizing,0.05,0110,IIIXI,IIIIY,IIIXY,0001,-1,0
590,depolarizing,0.05,0000,IIIII,IIIII,IIIII,0000,1,1
591,depolarizing,0.05,0000,IIIII,IIIII,IIIII,0000,1,1
592,depolarizing,0.05,0000,IIIII,IIIII,IIIII,0000,1,1
593,depolarizing,0.05,0010,IIIXZ,YIIII,YIIXZ,1001,-1,0
594,depolarizing,0.05,0000,IIIII,IIIII,IIIII,0000,1,1
595,depolarizing,0.05,1010,ZIIII,XIIII,YIIII,1011,-1,0
596,depolarizing,0.05,0000,IIIII,IIIII,IIIII,0000,1,1
597,depolarizing,0.05,0000,IIIII,IIIII,IIIII,0000,1,1
598,depolarizing,0.05,1110,IIYII,IZIII,IZYII,1011,-1,0
599,depolarizing,0.05,0000,IIIII,IIIII,IIIII,0000,1,1
600,depolarizing,0.05,0111,ZYIII,IXIII,ZZIII,1111,-1,0
601,depolarizing,0.05,0000,IIIII,IIIII,IIIII,0000,1,1
602,depolarizing,0.05,0000,IIIII,IIIII,IIIII,0000,1,1
603,depolarizing,0.05,0000,IIIII,IIIII,IIIII,0000,1,1
604,depolarizing,0.05,0000,IIIII,IIIII,IIIII,0000,1,1
605,depolarizing,0.05,0000,IIIII,IIIII,IIIII,0000,1,1
606,depolarizing,0.05,0000,IIIII,IIIII,IIIII,0000,1,1
607,depolarizing,0.05,1111,IIIYI,IIYII,IIYYI,0001,-1,0
608,depolarizing,0.05,0110,IIIXI,IIIIY,IIIXY,0001,-1,0
609,depolarizing,0.05,0000,IIIII,IIIII,IIIII,0000,1,1
610,depolarizing,0.05,0000,IIIII,IIIII,IIIII,0000,1,1
611,depolarizing,0.05,0000,IIIII,IIIII,IIIII,0000,1,1
612,depolarizing,0.05,0000,IIIII,IIIII,IIIII,0000,1,1
613,depolarizing,0.05,0111,IIIIY,IXIII,IXIIY,1111,-1,0
614,depolarizing,0.05,0000,IIIII,IIIII,IIIII,0000,1,1
615,depolarizing,0.05,1111,IIIYI,IIYII,IIYYI,0001,-1,0
616,depolarizing,0.05,0000,IIIII,IIIII,IIIII,0000,1,1
617,depolarizing,0.05,0000,IIIII,IIIII,IIIII,0000,1,1
618,depolarizing,0.05,0000,IIIII,IIIII,IIIII,0000,1,1
619,depolarizing,0.05,0000,IIIII,IIIII,IIIII,0000,1,1
620,depolarizing,0.05,0000,IIIII,IIIII,IIIII,0000,1,1
621,depolarizing,0.05,0000,IIIII,IIIII,IIIII,0000,1,1
622,depolarizing,0.05,0000,IIIII,IIIII,IIIII,0000,1,1
623,depolarizing,0.05,0000,IIIII,IIIII,IIIII,0000,1,1
624,depolarizing,0.05,0000,IIIII,IIIII,IIIII,0000,1,1
625,depolarizing,0.05,0000,IIIII,IIIII,IIIII,0000,1,1
626,depolarizing,0.05,0000,IIIII,IIIII,IIIII,0000,1,1
627,depolarizing,0.05,0110,IIIXI,IIIIY,IIIXY,0001,-1,0
628,depolarizing,0.05,0000,IIIII,IIIII,IIIII,0000,1,1
629,depolarizing,0.05,1101,IYIII,IIIIY,IYIIY,1010,-1,0
630,depolarizing,0.05,0000,IIIII,IIIII,IIIII,0000,1,1
631,depolarizing,0.05,0000,IIIII,IIIII,IIIII,0000,1,1
632,depolarizing,0.05,0010,IIZII,YIIII,YIZII,1001,-1,0
633,depolarizing,0.05,0000,IIIII,IIIII,IIIII,0000,1,1
634,depolarizing,0.05,0111,IIIIY,IXIII,IXIIY,1111,-1,0
635,depolarizing,0.05,0000,IIIII,IIIII,IIIII,0000,1,1
636,depolarizing,0.05,0000,IIIII,IIIII,IIIII,0000,1,1
637,depolarizing,0.05,0000,IIIII,IIIII,IIIII,0000,1,1
638,depolarizing,0.05,0011,IIIIX,IXIII,IXIIX,1011,-1,0
639,depolarizing,0.05,0111,IZZII,IXIII,IYZII,1111,-1,0
640,depolarizing,0.05,0000,IIIII,IIIII,IIIII,0000,1,1
641,depolarizing,0.05,0000,IIIII,IIIII,IIIII,0000,1,1
642,depolarizing,0.05,0000,IIIII,IIIII,IIIII,0000,1,1
643,depolarizing,0.05,0000,IIIII,IIIII,IIIII,0000,1,1
644,depolarizing,0.05,0000,IIIII,IIIII,IIIII,0000,1,1
645,depolarizing,0.05,1110,IIYII,IZIII,IZYII,1011,-1,0
646,depolarizing,0.05,1110,IIYII,IZIII,IZYII,1011,-1,0
647,depolarizing,0.05,0000,IIIII,IIIII,IIIII,0000,1,1
648,depolarizing,0.05,0101,IZIII,IZIII,IIIII,0000,1,1
649,depolarizing,0.05,0000,IIIII,IIIII,IIIII,0000,1,1
650,depolarizing,0.05,0000,IIIII,IIIII,IIIII,0000,1,1
651,depolarizing,0.05,0011,IIIIX,IXIII,IXIIX,1011,-1,0
652,depolarizing,0.05,0000,IIIII,IIIII,IIIII,0000,1,1
653,depolarizing,0.05,0111,IIIIY,IXIII,IXIIY,1111,-1,0
654,depolarizing,0.05,0000,IIIII,IIIII,IIIII,0000,1,1
655,depolarizing,0.05,0000,IIIII,IIIII,IIIII,0000,1,1
656,depolarizing,0.05,1000,IXIII,IXIII,IIIII,0000,1,1
657,depolarizing,0.05,0000,IIIII,IIIII,IIIII,0000,1,1
658,depolarizing,0.05,0000,IIIII,IIIII,IIIII,0000,1,1
659,depolarizing,0.05,1100,IIXII,IYIII,IYXII,0001,-1,0
660,depolarizing,0.05,0000,IIIII,IIIII,IIIII,0000,1,1
661,depolarizing,0.05,0000,IIIII,IIIII,IIIII,0000,1,1
662,depolarizing,0.05,0000,IIIII,IIIII,IIIII,0000,1,1
663,depolarizing,0.05,0000,IIIII,IIIII,IIIII,0000,1,1
664,depolarizing,0.05,0000,IIIII,IIIII,IIIII,0000,1,1
665,depolarizing,0.05,0000,IIIII,IIIII,IIIII,0000,1,1
666,depolarizing,0.05,0000,IIIII,IIIII,IIIII,0000,1,1
667,depolarizing,0.05,0010,IIZII,YIIII,YIZII,1001,-1,0
668,depolarizing,0.05,0000,IIIII,IIIII,IIIII,0000,1,1
669,depolarizing,0.05,0000,IIIII,IIIII,IIIII,0000,1,1
670,depolarizing,0.05,0000,IIIII,IIIII,IIIII,0000,1,1
671,depolarizing,0.05,0000,IIIII,IIIII,IIIII,0000,1,1
672,depolarizing,0.05,0000,IIIII,IIIII,IIIII,0000,1,1
673,depolarizing,0.05,0100,IIIIZ,YIIII,YIIIZ,1111,-1,0
674,depolarizing,0.05,0111,IIIIY,IXIII,IXIIY,1111,-1,0
675,depolarizing,0.05,1110,IIYII,IZIII,IZYII,1011,-1,0
676,depolarizing,0.05,0101,IZIII,IZIII,IIIII,0000,1,1
677,depolarizing,0.05,1001,IIIZI,IXIII,IXIZI,0001,-1,0
678,depolarizing,0.05,1111,XIYII,IIYII,XIIII,0001,-1,0
679,depolarizing,0.05,0000,IIIII,IIIII,IIIII,0000,1,1
680,depolarizing,0.05,0000,IIIII,IIIII,IIIII,0000,1,1
681,depolarizing,0.05,0000,IIIII,IIIII,IIIII,0000,1,1
682,depolarizing,0.05,0000,IIIII,IIIII,IIIII,0000,1,1
683,depolarizing,0.05,0000,IIIII,IIIII,IIIII,0000,1,1
684,depolarizing,0.05,0000,IIIII,IIIII,IIIII,0000,1,1
685,depolarizing,0.05,0000,IIIII,IIIII,IIIII,0000,1,1
686,depolarizing,0.05,0000,IIIII,IIIII,IIIII,0000,1,1
687,depolarizing,0.05,0000,IIIII,IIIII,IIIII,0000,1,1
688,depolarizing,0.05,0000,IIIII,IIIII,IIIII,0000,1,1
689,depolarizing,0.05,0000,IIIII,IIIII,IIIII,0000,1,1
690,depolarizing,0.05,0000,IIIII,IIIII,IIIII,0000,1,1
691,depolarizing,0.05,0000,IIIII,IIIII,IIIII,0000,1,1
692,depolarizing,0.05,0000,IIIII,IIIII,IIIII,0000,1,1
693,depolarizing,0.05,0000,IIIII,IIIII,IIIII,0000,1,1
694,depolarizing,0.05,0000,IIIII,IIIII,IIIII,0000,1,1
695,depolarizing,0.05,0000,IIIII,IIIII,IIIII,0000,1,1
696,depolarizing,0.05,0000,IIIII,IIIII,IIIII,0000,1,1
697,depolarizing,0.05,0011,IZIXI,IXIII,IYIXI,1011,-1,0
698,depolarizing,0.05,0000,IIIII,IIIII,IIIII,0000,1,1
699,depolarizing,0.05,0000,IIIII,IIIII,IIIII,0000,1,1
700,depolarizing,0.05,0000,IIIII,IIIII,IIIII,0000,1,1
701,depolarizing,0.05,0000,IIIII,IIIII,IIIII,0000,1,1
702,depolarizing,0.05,0000,IIIII,IIIII,IIIII,0000,1,1
703,depolarizing,0.05,1001,IIIZI,IXIII,IXIZI,0001,-1,0
704,depolarizing,0.05,0000,IIIII,IIIII,IIIII,0000,1,1
705,depolarizing,0.05,0000,IIIII,IIIII,IIIII,0000,1,1
706,depolarizing,0.05,0000,IIIII,IIIII,IIIII,0000,1,1
707,depolarizing,0.05,0101,IZIII,IZIII,IIIII,0000,1,1
708,depolarizing,0.05,0000,IIIII,IIIII,IIIII,0000,1,1
709,depolarizing,0.05,0000,IIIII,IIIII,IIIII,0000,1,1
710,depolarizing,0.05,0000,IIIII,IIIII,IIIII,0000,1,1
711,depolarizing,0.05,0000,IIIII,IIIII,IIIII,0000,1,1
712,depolarizing,0.05,0000,IIIII,IIIII,IIIII,0000,1,1
713,depolarizing,0.05,0000,IIIII,IIIII,IIIII,0000,1,1
714,depolarizing,0.05,0000,IIIII,IIIII,IIIII,0000,1,1
715,depolarizing,0.05,0000,IIIII,IIIII,IIIII,0000,1,1
716,depolarizing,0.05,0000,IIIII,IIIII,IIIII,0000,1,1
717,depolarizing,0.05,0000,IIIII,IIIII,IIIII,0000,1,1
718,depolarizing,0.05,0000,IIIII,IIIII,IIIII,0000,1,1
719,depolarizing,0.05,0000,IIIII,IIIII,IIIII,0000,1,1
720,depolarizing,0.05,0000,IIIII,IIIII,IIIII,0000,1,1
721,depolarizing,0.05,0000,IIIII,IIIII,IIIII,0000,1,1
722,depolarizing,0.05,0000,IIIII,IIIII,IIIII,0000,1,1
723,depolarizing,0.05,0001,XIIII,XIIII,IIIII,0000,1,1
724,depolarizing,0.05,0101,IZIII,IZIII,IIIII,0000,1,1
725,depolarizing,0.05,0000,IIIII,IIIII,IIIII,0000,1,1
726,depolarizing,0.05,0000,IIIII,IIIII,IIIII,0000,1,1
727,depolarizing,0.05,0100,IIIIZ,YIIII,YIIIZ,1111,-1,0
728,depolarizing,0.05,0000,IIIII,IIIII,IIIII,0000,1,1
729,depolarizing,0.05,0000,IIIII,IIIII,IIIII,0000,1,1
730,depolarizing,0.05,0000,IIIII,IIIII,IIIII,0000,1,1
731,depolarizing,0.05,0000,IIIII,IIIII,IIIII,0000,1,1
732,depolarizing,0.05,0010,IIZII,YIIII,YIZII,1001,-1,0
733,depolarizing,0.05,0000,IIIII,IIIII,IIIII,0000,1,1
734,depolarizing,0.05,0111,IIIIY,IXIII,IXIIY,1111,-1,0
735,depolarizing,0.05,0000,IIIII,IIIII,IIIII,0000,1,1
736,depolarizing,0.05,1111,IIIYI,IIYII,IIYYI,0001,-1,0
737,depolarizing,0.05,0000,IIIII,IIIII,IIIII,0000,1,1
738,depolarizing,0.05,1111,IIIYI,IIYII,IIYYI,0001,-1,0
739,depolarizing,0.05,0000,IIIII,IIIII,IIIII,0000,1,1
740,depolarizing,0.05,0000,IIIII,IIIII,IIIII,0000,1,1
741,depolarizing,0.05,0000,IIIII,IIIII,IIIII,0000,1,1
742,depolarizing,0.05,0110,IIIXI,IIIIY,IIIXY,0001,-1,0
743,depolarizing,0.05,0000,IIIII,IIIII,IIIII,0000,1,1
744,depolarizing,0.05,0000,IIIII,IIIII,IIIII,0000,1,1
745,depolarizing,0.05,0000,IIIII,IIIII,IIIII,0000,1,1
746,depolarizing,0.05,0000,IIIII,IIIII,IIIII,0000,1,1
747,depolarizing,0.05,0000,IIIII,IIIII,IIIII,0000,1,1
748,depolarizing,0.05,0101,IZIII,IZIII,IIIII,0000,1,1
749,depolarizing,0.05,0000,IIIII,IIIII,IIIII,0000,1,1
750,depolarizing,0.05,0000,IIIII,IIIII,IIIII,0000,1,1
751,depolarizing,0.05,0000,IIIII,IIIII,IIIII,0000,1,1
752,depolarizing,0.05,0000,IIIII,IIIII,IIIII,0000,1,1
753,depolarizing,0.05,0000,IIIII,IIIII,IIIII,0000,1,1
754,depolarizing,0.05,0000,IIIII,IIIII,IIIII,0000,1,1
755,depolarizing,0.05,0000,IIIII,IIIII,IIIII,0000,1,1
756,depolarizing,0.05,0000,IIIII,IIIII,IIIII,0000,1,1
757,depolarizing,0.05,0000,IIIII,IIIII,IIIII,0000,1,1
758,depolarizing,0.05,0001,XIIII,XIIII,IIIII,0000,1,1
759,depolarizing,0.05,0000,IIIII,IIIII,IIIII,0000,1,1
760,depolarizing,0.05,0000,IIIII,IIIII,IIIII,0000,1,1
761,depolarizing,0.05,0000,IIIII,IIIII,IIIII,0000,1,1
762,depolarizing,0.05,0000,IIIII,IIIII,IIIII,0000,1,1
763,depolarizing,0.05,0000,IIIII,IIIII,IIIII,0000,1,1
764,depolarizing,0.05,0000,IIIII,IIIII,IIIII,0000,1,1
765,depolarizing,0.05,0000,IIIII,IIIII,IIIII,0000,1,1
766,depolarizing,0.05,1111,IIIYI,IIYII,IIYYI,0001,-1,0
767,depolarizing,0.05,0000,IIIII,IIIII,IIIII,0000,1,1
768,depolarizing,0.05,0000,IIIII,IIIII,IIIII,0000,1,1
769,depolarizing,0.05,0000,IIIII,IIIII,IIIII,0000,1,1
770,depolarizing,0.05,0000,IIIII,IIIII,IIIII,0000,1,1
771,depolarizing,0.05,0000,IIIII,IIIII,IIIII,0000,1,1
772,depolarizing,0.05,0000,IIIII,IIIII,IIIII,0000,1,1
773,depolarizing,0.05,0000,IIIII,IIIII,IIIII,0000,1,1
774,depolarizing,0.05,0000,IIIII,IIIII,IIIII,0000,1,1
775,depolarizing,0.05,0010,IIZII,YIIII,YIZII,1001,-1,0
776,depolarizing,0.05,0000,IIIII,IIIII,IIIII,0000,1,1
777,depolarizing,0.05,0000,IIIII,IIIII,IIIII,0000,1,1
778,depolarizing,0.05,0000,IIIII,IIIII,IIIII,0000,1,1
779,depolarizing,0.05,0111,IIIIY,IXIII,IXIIY,1111,-1,0
780,depolarizing,0.05,1100,IXIIZ,IYIII,IZIIZ,0001,-1,0
781,depolarizing,0.05,0000,IIIII,IIIII,IIIII,0000,1,1
782,depolarizing,0.05,0000,IIIII,IIIII,IIIII,0000,1,1
783,depolarizing,0.05,0000,IIIII,IIIII,IIIII,0000,1,1
784,depolarizing,0.05,0000,IIIII,IIIII,IIIII,0000,1,1
785,depolarizing,0.05,0000,IIIII,IIIII,IIIII,0000,1,1
786,depolarizing,0.05,0000,IIIII,IIIII,IIIII,0000,1,1
787,depolarizing,0.05,0000,IIIII,IIIII,IIIII,0000,1,1
788,depolarizing,0.05,0000,IIIII,IIIII,IIIII,0000,1,1
789,depolarizing,0.05,0000,IIIII,IIIII,IIIII,0000,1,1
790,depolarizing,0.05,0000,IIIII,IIIII,IIIII,0000,1,1
791,depolarizing,0.05,0000,IIIII,IIIII,IIIII,0000,1,1
792,depolarizing,0.05,0101,IZIII,IZIII,IIIII,0000,1,1
793,depolarizing,0.05,0011,IIIIX,IXIII,IXIIX,1011,-1,0
794,depolarizing,0.05,1111,IIIYI,IIYII,IIYYI,0001,-1,0
795,depolarizing,0.05,0000,IIIII,IIIII,IIIII,0000,1,1
796,depolarizing,0.05,0000,IIIII,IIIII,IIIII,0000,1,1
797,depolarizing,0.05,0000,IIIII,IIIII,IIIII,0000,1,1
798,depolarizing,0.05,0000,IIIII,IIIII,IIIII,0000,1,1
799,depolarizing,0.05,0000,IIIII,IIIII,IIIII,0000,1,1
800,depolarizing,0.05,0000,IIIII,IIIII,IIIII,0000,1,1
801,depolarizing,0.05,1000,IXIII,IXIII,IIIII,0000,1,1
802,depolarizing,0.05,0000,IIIII,IIIII,IIIII,0000,1,1
803,depolarizing,0.05,0000,IIIII,IIIII,IIIII,0000,1,1
804,depolarizing,0.05,0000,IIIII,IIIII,IIIII,0000,1,1
805,depolarizing,0.05,0000,IIIII,IIIII,IIIII,0000,1,1
806,depolarizing,0.05,0000,IIIII,IIIII,IIIII,0000,1,1
807,depolarizing,0.05,0000,IIIII,IIIII,IIIII,0000,1,1
808,depolarizing,0.05,0000,IIIII,IIIII,IIIII,0000,1,1
809,depolarizing,0.05,0000,IIIII,IIIII,IIIII,0000,1,1
810,depolarizing,0.05,0000,IIIII,IIIII,IIIII,0000,1,1
811,depolarizing,0.05,0000,IIIII,IIIII,IIIII,0000,1,1
812,depolarizing,0.05,0000,IIIII,IIIII,IIIII,0000,1,1
813,depolarizing,0.05,0000,IIIII,IIIII,IIIII,0000,1,1
814,depolarizing,0.05,0000,IIIII,IIIII,IIIII,0000,1,1
815,depolarizing,0.05,0000,IIIII,IIIII,IIIII,0000,1,1
816,depolarizing,0.05,0100,IIIIZ,YIIII,YIIIZ,1111,-1,0
817,depolarizing,0.05,1110,IIYII,IZIII,IZYII,1011,-1,0
818,depolarizing,0.05,1101,IYIII,IIIIY,IYIIY,1010,-1,0
819,depolarizing,0.05,0000,IIIII,IIIII,IIIII,0000,1,1
820,depolarizing,0.05,0011,IIIIX,IXIII,IXIIX,1011,-1,0
821,depolarizing,0.05,0000,IIIII,IIIII,IIIII,0000,1,1
822,depolarizing,0.05,0000,IIIII,IIIII,IIIII,0000,1,1
823,depolarizing,0.05,0000,IIIII,IIIII,IIIII,0000,1,1
824,depolarizing,0.05,0000,IIIII,IIIII,IIIII,0000,1,1
825,depolarizing,0.05,0000,IIIII,IIIII,IIIII,0000,1,1
826,depolarizing,0.05,0000,IIIII,IIIII,IIIII,0000,1,1
827,depolarizing,0.05,1000,IXIII,IXIII,IIIII,0000,1,1
828,depolarizing,0.05,1000,IXIII,IXIII,IIIII,0000,1,1
829,depolarizing,0.05,0000,IIIII,IIIII,IIIII,0000,1,1
830,depolarizing,0.05,0000,IIIII,IIIII,IIIII,0000,1,1
831,depolarizing,0.05,0000,IIIII,IIIII,IIIII,0000,1,1
832,depolarizing,0.05,0000,IIIII,IIIII,IIIII,0000,1,1
833,depolarizing,0.05,0000,IIIII,IIIII,IIIII,0000,1,1
834,depolarizing,0.05,0000,IIIII,IIIII,IIIII,0000,1,1
835,depolarizing,0.05,1011,YIIII,YIIII,IIIII,0000,1,1
836,depolarizing,0.05,0000,IIIII,IIIII,IIIII,0000,1,1
837,depolarizing,0.05,0000,IIIII,IIIII,IIIII,0000,1,1
838,depolarizing,0.05,0110,IIIXI,IIIIY,IIIXY,0001,-1,0
839,depolarizing,0.05,0000,IIIII,IIIII,IIIII,0000,1,1
840,depolarizing,0.05,0000,IIIII,IIIII,IIIII,0000,1,1
841,depolarizing,0.05,0000,IIIII,IIIII,IIIII,0000,1,1
842,depolarizing,0.05,1101,IYIII,IIIIY,IYIIY,1010,-1,0
843,depolarizing,0.05,0000,IIIII,IIIII,IIIII,0000,1,1
844,depolarizing,0.05,0000,IIIII,IIIII,IIIII,0000,1,1
845,depolarizing,0.05,0000,IIIII,IIIII,IIIII,0000,1,1
846,depolarizing,0.05,0000,IIIII,IIIII,IIIII,0000,1,1
847,depolarizing,0.05,0111,IIIIY,IXIII,IXIIY,1111,-1,0
848,depolarizing,0.05,0000,IIIII,IIIII,IIIII,0000,1,1
849,depolarizing,0.05,0000,IIIII,IIIII,IIIII,0000,1,1
850,depolarizing,0.05,0000,IIIII,IIIII,IIIII,0000,1,1
851,depolarizing,0.05,0010,IIZII,YIIII,YIZII,1001,-1,0
852,depolarizing,0.05,0000,IIIII,IIIII,IIIII,0000,1,1
853,depolarizing,0.05,0000,IIIII,IIIII,IIIII,0000,1,1
854,depolarizing,0.05,0000,IIIII,IIIII,IIIII,0000,1,1
855,depolarizing,0.05,0000,IIIII,IIIII,IIIII,0000,1,1
856,depolarizing,0.05,0000,IIIII,IIIII,IIIII,0000,1,1
857,depolarizing,0.05,0000,IIIII,IIIII,IIIII,0000,1,1
858,depolarizing,0.05,0101,IZIII,IZIII,IIIII,0000,1,1
859,depolarizing,0.05,0101,IZIII,IZIII,IIIII,0000,1,1
860,depolarizing,0.05,0000,IIIII,IIIII,IIIII,0000,1,1
861,depolarizing,0.05,0000,IIIII,IIIII,IIIII,0000,1,1
862,depolarizing,0.05,0000,IIIII,IIIII,IIIII,0000,1,1
863,depolarizing,0.05,0000,IIIII,IIIII,IIIII,0000,1,1
864,depolarizing,0.05,0000,IIIII,IIIII,IIIII,0000,1,1
865,depolarizing,0.05,0000,IIIII,IIIII,IIIII,0000,1,1
866,depolarizing,0.05,0000,IIIII,IIIII,IIIII,0000,1,1
867,depolarizing,0.05,0011,IIIIX,IXIII,IXIIX,1011,-1,0
868,depolarizing,0.05,0000,IIIII,IIIII,IIIII,0000,1,1
869,depolarizing,0.05,0000,IIIII,IIIII,IIIII,0000,1,1
870,depolarizing,0.05,0000,IIIII,IIIII,IIIII,0000,1,1
871,depolarizing,0.05,0000,IIIII,IIIII,IIIII,0000,1,1
872,depolarizing,0.05,0000,IIIII,IIIII,IIIII,0000,1,1
873,depolarizing,0.05,0000,IIIII,IIIII,IIIII,0000,1,1
874,depolarizing,0.05,0101,IZIII,IZIII,IIIII,0000,1,1
875,depolarizing,0.05,0000,IIIII,IIIII,IIIII,0000,1,1
876,depolarizing,0.05,0000,IIIII,IIIII,IIIII,0000,1,1
877,depolarizing,0.05,0101,IZIII,IZIII,IIIII,0000,1,1
878,depolarizing,0.05,0110,IIIXI,IIIIY,IIIXY,0001,-1,0
879,depolarizing,0.05,0000,IIIII,IIIII,IIIII,0000,1,1
880,depolarizing,0.05,0000,IIIII,IIIII,IIIII,0000,1,1
881,depolarizing,0.05,0000,IIIII,IIIII,IIIII,0000,1,1
882,depolarizing,0.05,0000,IIIII,IIIII,IIIII,0000,1,1
883,depolarizing,0.05,0000,IIIII,IIIII,IIIII,0000,1,1
884,depolarizing,0.05,0000,IIIII,IIIII,IIIII,0000,1,1
885,depolarizing,0.05,0001,XIIII,XIIII,IIIII,0000,1,1
886,depolarizing,0.05,0000,IIIII,IIIII,IIIII,0000,1,1
887,depolarizing,0.05,0100,IIIIZ,YIIII,YIIIZ,1111,-1,0
888,depolarizing,0.05,1101,IYIII,IIIIY,IYIIY,1010,-1,0
889,depolarizing,0.05,0101,IZIII,IZIII,IIIII,0000,1,1
890,depolarizing,0.05,0001,XIIII,XIIII,IIIII,0000,1,1
891,depolarizing,0.05,0000,IIIII,IIIII,IIIII,0000,1,1
892,depolarizing,0.05,0010,IIZII,YIIII,YIZII,1001,-1,0
893,depolarizing,0.05,0000,IIIII,IIIII,IIIII,0000,1,1
894,depolarizing,0.05,0000,IIIII,IIIII,IIIII,0000,1,1
895,depolarizing,0.05,0000,IIIII,IIIII,IIIII,0000,1,1
896,depolarizing,0.05,0000,IIIII,IIIII,IIIII,0000,1,1
897,depolarizing,0.05,0000,IIIII,IIIII,IIIII,0000,1,1
898,depolarizing,0.05,0000,IIIII,IIIII,IIIII,0000,1,1
899,depolarizing,0.05,0000,IIIII,IIIII,IIIII,0000,1,1
900,depolarizing,0.05,0000,IIIII,IIIII,IIIII,0000,1,1
901,depolarizing,0.05,0100,IYIZI,YIIII,YYIZI,1111,-1,0
902,depolarizing,0.05,0000,IIIII,IIIII,IIIII,0000,1,1
903,depolarizing,0.05,0000,IIIII,IIIII,IIIII,0000,1,1
904,depolarizing,0.05,0000,IIIII,IIIII,IIIII,0000,1,1
905,depolarizing,0.05,0000,IIIII,IIIII,IIIII,0000,1,1
906,depolarizing,0.05,0000,IIIII,IIIII,IIIII,0000,1,1
907,depolarizing,0.05,0000,IIIII,IIIII,IIIII,0000,1,1
908,depolarizing,0.05,0000,IIIII,IIIII,IIIII,0000,1,1
909,depolarizing,0.05,0000,IIIII,IIIII,IIIII,0000,1,1
910,depolarizing,0.05,0000,IIIII,IIIII,IIIII,0000,1,1
911,depolarizing,0.05,0000,IIIII,IIIII,IIIII,0000,1,1
912,depolarizing,0.05,0000,IIIII,IIIII,IIIII,0000,1,1
913,depolarizing,0.05,0000,IIIII,IIIII,IIIII,0000,1,1
914,depolarizing,0.05,0000,IIIII,IIIII,IIIII,0000,1,1
915,depolarizing,0.05,0000,IIIII,IIIII,IIIII,0000,1,1
916,depolarizing,0.05,0000,IIIII,IIIII,IIIII,0000,1,1
917,depolarizing,0.05,0000,IIIII,IIIII,IIIII,0000,1,1
918,depolarizing,0.05,0000,IIIII,IIIII,IIIII,0000,1,1
919,depolarizing,0.05,0000,IIIII,IIIII,IIIII,0000,1,1
920,depolarizing,0.05,0000,IIIII,IIIII,IIIII,0000,1,1
921,depolarizing,0.05,0000,IIIII,IIIII,IIIII,0000,1,1
922,depolarizing,0.05,0000,IIIII,IIIII,IIIII,0000,1,1
923,depolarizing,0.05,0000,IIIII,IIIII,IIIII,0000,1,1
924,depolarizing,0.05,0000,IIIII,IIIII,IIIII,0000,1,1
925,depolarizing,0.05,0100,IIIIZ,YIIII,YIIIZ,1111,-1,0
926,depolarizing,0.05,0000,IIIII,IIIII,IIIII,0000,1,1
927,depolarizing,0.05,0000,IIIII,IIIII,IIIII,0000,1,1
928,depolarizing,0.05,0000,IIIII,IIIII,IIIII,0000,1,1
929,depolarizing,0.05,0000,IIIII,IIIII,IIIII,0000,1,1
930,depolarizing,0.05,0000,IIIII,IIIII,IIIII,0000,1,1
931,depolarizing,0.05,0000,IIIII,IIIII,IIIII,0000,1,1
932,depolarizing,0.05,0000,IIIII,IIIII,IIIII,0000,1,1
933,depolarizing,0.05,0000,IIIII,IIIII,IIIII,0000,1,1
934,depolarizing,0.05,0010,IIZII,YIIII,YIZII,1001,-1,0
935,depolarizing,0.05,0000,IIIII,IIIII,IIIII,0000,1,1
936,depolarizing,0.05,1000,IXIII,IXIII,IIIII,0000,1,1
937,depolarizing,0.05,0000,IIIII,IIIII,IIIII,0000,1,1
938,depolarizing,0.05,0000,IIIII,IIIII,IIIII,0000,1,1
939,depolarizing,0.05,0000,IIIII,IIIII,IIIII,0000,1,1
940,depolarizing,0.05,1010,ZIIII,XIIII,YIIII,1011,-1,0
941,depolarizing,0.05,0000,IIIII,IIIII,IIIII,0000,1,1
942,depolarizing,0.05,0000,IIIII,IIIII,IIIII,0000,1,1
943,depolarizing,0.05,0000,IIIII,IIIII,IIIII,0000,1,1
944,depolarizing,0.05,0000,IIIII,IIIII,IIIII,0000,1,1
945,depolarizing,0.05,0000,IIIII,IIIII,IIIII,0000,1,1
946,depolarizing,0.05,0000,IIIII,IIIII,IIIII,0000,1,1
947,depolarizing,0.05,0000,IIIII,IIIII,IIIII,0000,1,1
948,depolarizing,0.05,1111,IIIYI,IIYII,IIYYI,0001,-1,0
949,depolarizing,0.05,0000,IIIII,IIIII,IIIII,0000,1,1
950,depolarizing,0.05,0000,IIIII,IIIII,IIIII,0000,1,1
951,depolarizing,0.05,0001,XIIII,XIIII,IIIII,0000,1,1
952,depolarizing,0.05,0000,IIIII,IIIII,IIIII,0000,1,1
953,depolarizing,0.05,0000,IIIII,IIIII,IIIII,0000,1,1
954,depolarizing,0.05,1111,IIIYI,IIYII,IIYYI,0001,-1,0
955,depolarizing,0.05,0000,IIIII,IIIII,IIIII,0000,1,1
956,depolarizing,0.05,0000,IIIII,IIIII,IIIII,0000,1,1
957,depolarizing,0.05,0000,IIIII,IIIII,IIIII,0000,1,1
958,depolarizing,0.05,0000,IIIII,IIIII,IIIII,0000,1,1
959,depolarizing,0.05,0000,IIIII,IIIII,IIIII,0000,1,1
960,depolarizing,0.05,0000,IIIII,IIIII,IIIII,0000,1,1
961,depolarizing,0.05,0000,IIIII,IIIII,IIIII,0000,1,1
962,depolarizing,0.05,1010,IXZII,XIIII,XXZII,1011,-1,0
963,depolarizing,0.05,0000,IIIII,IIIII,IIIII,0000,1,1
964,depolarizing,0.05,0000,IIIII,IIIII,IIIII,0000,1,1
965,depolarizing,0.05,0000,IIIII,IIIII,IIIII,0000,1,1
966,depolarizing,0.05,0000,IIIII,IIIII,IIIII,0000,1,1
967,depolarizing,0.05,0010,IIZII,YIIII,YIZII,1001,-1,0
968,depolarizing,0.05,0000,IIIII,IIIII,IIIII,0000,1,1
969,depolarizing,0.05,0000,IIIII,IIIII,IIIII,0000,1,1
970,depolarizing,0.05,0000,IIIII,IIIII,IIIII,0000,1,1
971,depolarizing,0.05,0000,IIIII,IIIII,IIIII,0000,1,1
972,depolarizing,0.05,0000,IIIII,IIIII,IIIII,0000,1,1
973,depolarizing,0.05,1101,IYIII,IIIIY,IYIIY,1010,-1,0
974,depolarizing,0.05,0000,IIIII,IIIII,IIIII,0000,1,1
975,depolarizing,0.05,0000,IIIII,IIIII,IIIII,0000,1,1
976,depolarizing,0.05,1111,IIIYI,IIYII,IIYYI,0001,-1,0
977,depolarizing,0.05,0000,IIIII,IIIII,IIIII,0000,1,1
978,depolarizing,0.05,0000,IIIII,IIIII,IIIII,0000,1,1
979,depolarizing,0.05,0000,IIIII,IIIII,IIIII,0000,1,1
980,depolarizing,0.05,0000,IIIII,IIIII,IIIII,0000,1,1
981,depolarizing,0.05,0000,IIIII,IIIII,IIIII,0000,1,1
982,depolarizing,0.05,0000,IIIII,IIIII,IIIII,0000,1,1
983,depolarizing,0.05,0000,IIIII,IIIII,IIIII,0000,1,1
984,depolarizing,0.05,0000,IIIII,IIIII,IIIII,0000,1,1
985,depolarizing,0.05,0000,IIIII,IIIII,IIIII,0000,1,1
986,depolarizing,0.05,0000,IIIII,IIIII,IIIII,0000,1,1
987,depolarizing,0.05,0101,IZIII,IZIII,IIIII,0000,1,1
988,depolarizing,0.05,0000,IIIII,IIIII,IIIII,0000,1,1
989,depolarizing,0.05,0000,IIIII,IIIII,IIIII,0000,1,1
990,depolarizing,0.05,0000,IIIII,IIIII,IIIII,0000,1,1
991,depolarizing,0.05,0000,IIIII,IIIII,IIIII,0000,1,1
992,depolarizing,0.05,0000,IIIII,IIIII,IIIII,0000,1,1
993,depolarizing,0.05,0000,IIIII,IIIII,IIIII,0000,1,1
994,depolarizing,0.05,0000,IIIII,IIIII,IIIII,0000,1,1
995,depolarizing,0.05,0000,IIIII,IIIII,IIIII,0000,1,1
996,depolarizing,0.05,0000,IIIII,IIIII,IIIII,0000,1,1
997,depolarizing,0.05,0000,IIIII,IIIII,IIIII,0000,1,1
998,depolarizing,0.05,0000,IIIII,IIIII,IIIII,0000,1,1
999,depolarizing,0.05,0000,IIIII,IIIII,IIIII,0000,1,1
1000,depolarizing,0.05,0000,IIIII,IIIII,IIIII,0000,1,1
1001,depolarizing,0.05,0000,IIIII,IIIII,IIIII,0000,1,1
1002,depolarizing,0.05,0000,IIIII,IIIII,IIIII,0000,1,1
1003,depolarizing,0.05,0000,IIIII,IIIII,IIIII,0000,1,1
1004,depolarizing,0.05,0000,IIIII,IIIII,IIIII,0000,1,1
1005,depolarizing,0.05,0000,IIIII,IIIII,IIIII,0000,1,1
1006,depolarizing,0.05,0000,IIIII,IIIII,IIIII,0000,1,1
1007,depolarizing,0.05,1010,ZIIII,XIIII,YIIII,1011,-1,0
1008,depolarizing,0.05,0000,IIIII,IIIII,IIIII,0000,1,1
1009,depolarizing,0.05,0000,IIIII,IIIII,IIIII,0000,1,1
1010,depolarizing,0.05,1100,IIXII,IYIII,IYXII,0001,-1,0
1011,depolarizing,0.05,0000,IIIII,IIIII,IIIII,0000,1,1
1012,depolarizing,0.05,0000,IIIII,IIIII,IIIII,0000,1,1
1013,depolarizing,0.05,0000,IIIII,IIIII,IIIII,0000,1,1
1014,depolarizing,0.05,0000,IIIII,IIIII,IIIII,0000,1,1
1015,depolarizing,0.05,0000,IIIII,IIIII,IIIII,0000,1,1
1016,depolarizing,0.05,0000,IIIII,IIIII,IIIII,0000,1,1
1017,depolarizing,0.05,0000,IIIII,IIIII,IIIII,0000,1,1
1018,depolarizing,0.05,0000,IIIII,IIIII,IIIII,0000,1,1
1019,depolarizing,0.05,0000,IIIII,IIIII,IIIII,0000,1,1
1020,depolarizing,0.05,0000,IIIII,IIIII,IIIII,0000,1,1
1021,depolarizing,0.05,0000,IIIII,IIIII,IIIII,0000,1,1
1022,depolarizing,0.05,0000,IIIII,IIIII,IIIII,0000,1,1
1023,depolarizing,0.05,0000,IIIII,IIIII,IIIII,0000,1,1
1024,depolarizing,0.05,0110,IIIXI,IIIIY,IIIXY,0001,-1,0
1025,depolarizing,0.05,0000,IIIII,IIIII,IIIII,0000,1,1
1026,depolarizing,0.05,0100,IIIIZ,YIIII,YIIIZ,1111,-1,0
1027,depolarizing,0.05,0000,IIIII,IIIII,IIIII,0000,1,1
1028,depolarizing,0.05,0000,IIIII,IIIII,IIIII,0000,1,1
1029,depolarizing,0.05,0000,IIIII,IIIII,IIIII,0000,1,1
1030,depolarizing,0.05,0000,IIIII,IIIII,IIIII,0000,1,1
1031,depolarizing,0.05,0000,IIIII,IIIII,IIIII,0000,1,1
1032,depolarizing,0.05,0000,IIIII,IIIII,IIIII,0000,1,1
1033,depolarizing,0.05,0000,IIIII,IIIII,IIIII,0000,1,1
1034,depolarizing,0.05,0000,IIIII,IIIII,IIIII,0000,1,1
1035,depolarizing,0.05,0000,IIIII,IIIII,IIIII,0000,1,1
1036,depolarizing,0.05,0000,IIIII,IIIII,IIIII,0000,1,1
1037,depolarizing,0.05,0111,IIIIY,IXIII,IXIIY,1111,-1,0
1038,depolarizing,0.05,0000,IIIII,IIIII,IIIII,0000,1,1
1039,depolarizing,0.05,0000,IIIII,IIIII,IIIII,0000,1,1
1040,depolarizing,0.05,0000,IIIII,IIIII,IIIII,0000,1,1
1041,depolarizing,0.05,0000,IIIII,IIIII,IIIII,0000,1,1
1042,depolarizing,0.05,0000,IIIII,IIIII,IIIII,0000,1,1
1043,depolarizing,0.05,0010,YIYIY,YIIII,IIYIY,1001,-1,0
1044,depolarizing,0.05,0000,IIIII,IIIII,IIIII,0000,1,1
1045,depolarizing,0.05,0000,IIIII,IIIII,IIIII,0000,1,1
1046,depolarizing,0.05,0000,IIIII,IIIII,IIIII,0000,1,1
1047,depolarizing,0.05,0000,IIIII,IIIII,IIIII,0000,1,1
1048,depolarizing,0.05,0000,IIIII,IIIII,IIIII,0000,1,1
1049,depolarizing,0.05,0000,IIIII,IIIII,IIIII,0000,1,1
1050,depolarizing,0.05,0000,IIIII,IIIII,IIIII,0000,1,1
1051,depolarizing,0.05,0000,IIIII,IIIII,IIIII,0000,1,1
1052,depolarizing,0.05,0000,IIIII,IIIII,IIIII,0000,1,1
1053,depolarizing,0.05,0000,IIIII,IIIII,IIIII,0000,1,1
1054,depolarizing,0.05,0000,IIIII,IIIII,IIIII,0000,1,1
1055,depolarizing,0.05,0001,XIIII,XIIII,IIIII,0000,1,1
1056,depolarizing,0.05,0000,IIIII,IIIII,IIIII,0000,1,1
1057,depolarizing,0.05,0000,IIIII,IIIII,IIIII,0000,1,1
1058,depolarizing,0.05,0110,IIIXI,IIIIY,IIIXY,0001,-1,0
1059,depolarizing,0.05,0000,IIIII,IIIII,IIIII,0000,1,1
1060,depolarizing,0.05,1011,YIIII,YIIII,IIIII,0000,1,1
1061,depolarizing,0.05,1001,IIIZI,IXIII,IXIZI,0001,-1,0
1062,depolarizing,0.05,0000,IIIII,IIIII,IIIII,0000,1,1
1063,depolarizing,0.05,0000,IIIII,IIIII,IIIII,0000,1,1
1064,depolarizing,0.05,0000,IIIII,IIIII,IIIII,0000,1,1
1065,depolarizing,0.05,0000,IIIII,IIIII,IIIII,0000,1,1
1066,depolarizing,0.05,0000,IIIII,IIIII,IIIII,0000,1,1
1067,depolarizing,0.05,0000,IIIII,IIIII,IIIII,0000,1,1
1068,depolarizing,0.05,1101,IYIII,IIIIY,IYIIY,1010,-1,0
1069,depolarizing,0.05,0000,IIIII,IIIII,IIIII,0000,1,1
1070,depolarizing,0.05,0001,XIIII,XIIII,IIIII,0000,1,1
1071,depolarizing,0.05,0100,IIIIZ,YIIII,YIIIZ,1111,-1,0
1072,depolarizing,0.05,0110,IIIXI,IIIIY,IIIXY,0001,-1,0
1073,depolarizing,0.05,0000,IIIII,IIIII,IIIII,0000,1,1
1074,depolarizing,0.05,0111,IIIIY,IXIII,IXIIY,1111,-1,0
1075,depolarizing,0.05,0000,IIIII,IIIII,IIIII,0000,1,1
1076,depolarizing,0.05,0111,IIIIY,IXIII,IXIIY,1111,-1,0
1077,depolarizing,0.05,1011,YIIII,YIIII,IIIII,0000,1,1
1078,depolarizing,0.05,0000,IIIII,IIIII,IIIII,0000,1,1
1079,depolarizing,0.05,0000,IIIII,IIIII,IIIII,0000,1,1
1080,depolarizing,0.05,0000,IIIII,IIIII,IIIII,0000,1,1
1081,depolarizing,0.05,0000,IIIII,IIIII,IIIII,0000,1,1
1082,depolarizing,0.05,1101,IYIII,IIIIY,IYIIY,1010,-1,0
1083,depolarizing,0.05,0000,IIIII,IIIII,IIIII,0000,1,1
1084,depolarizing,0.05,0000,IIIII,IIIII,IIIII,0000,1,1
1085,depolarizing,0.05,0000,IIIII,IIIII,IIIII,0000,1,1
1086,depolarizing,0.05,0000,IIIII,IIIII,IIIII,0000,1,1
1087,depolarizing,0.05,0000,IIIII,IIIII,IIIII,0000,1,1
1088,depolarizing,0.05,1111,IIIYI,IIYII,IIYYI,0001,-1,0
1089,depolarizing,0.05,0000,IIIII,IIIII,IIIII,0000,1,1
1090,depolarizing,0.05,0000,IIIII,IIIII,IIIII,0000,1,1
1091,depolarizing,0.05,0000,IIIII,IIIII,IIIII,0000,1,1
1092,depolarizing,0.05,0000,IIIII,IIIII,IIIII,0000,1,1
1093,depolarizing,0.05,0000,IIIII,IIIII,IIIII,0000,1,1
1094,depolarizing,0.05,0000,IIIII,IIIII,IIIII,0000,1,1
1095,depolarizing,0.05,0000,IIIII,IIIII,IIIII,0000,1,1
1096,depolarizing,0.05,0000,IIIII,IIIII,IIIII,0000,1,1
1097,depolarizing,0.05,0000,IIIII,IIIII,IIIII,0000,1,1
1098,depolarizing,0.05,0000,IIIII,IIIII,IIIII,0000,1,1
1099,depolarizing,0.05,0000,IIIII,IIIII,IIIII,0000,1,1
1100,depolarizing,0.05,0000,IIIII,IIIII,IIIII,0000,1,1
1101,depolarizing,0.05,1000,IXIII,IXIII,IIIII,0000,1,1
1102,depolarizing,0.05,1001,IIIZI,IXIII,IXIZI,0001,-1,0
1103,depolarizing,0.05,0000,IIIII,IIIII,IIIII,0000,1,1
1104,depolarizing,0.05,0000,IIIII,IIIII,IIIII,0000,1,1
1105,depolarizing,0.05,1010,ZIIII,XIIII,YIIII,1011,-1,0
1106,depolarizing,0.05,0000,IIIII,IIIII,IIIII,0000,1,1
1107,depolarizing,0.05,1010,ZIIII,XIIII,YIIII,1011,-1,0
1108,depolarizing,0.05,0000,IIIII,IIIII,IIIII,0000,1,1
1109,depolarizing,0.05,0000,IIIII,IIIII,IIIII,0000,1,1
1110,depolarizing,0.05,0000,IIIII,IIIII,IIIII,0000,1,1
1111,depolarizing,0.05,0000,IIIII,IIIII,IIIII,0000,1,1
1112,depolarizing,0.05,0000,IIIII,IIIII,IIIII,0000,1,1
1113,depolarizing,0.05,0000,IIIII,IIIII,IIIII,0000,1,1
1114,depolarizing,0.05,0000,IIIII,IIIII,IIIII,0000,1,1
1115,depolarizing,0.05,1001,IIIZI,IXIII,IXIZI,0001,-1,0
1116,depolarizing,0.05,0000,IIIII,IIIII,IIIII,0000,1,1
1117,depolarizing,0.05,0000,IIIII,IIIII,IIIII,0000,1,1
1118,depolarizing,0.05,0000,IIIII,IIIII,IIIII,0000,1,1
1119,depolarizing,0.05,0000,IIIII,IIIII,IIIII,0000,1,1
1120,depolarizing,0.05,0000,IIIII,IIIII,IIIII,0000,1,1
1121,depolarizing,0.05,0000,IIIII,IIIII,IIIII,0000,1,1
1122,depolarizing,0.05,0000,IIIII,IIIII,IIIII,0000,1,1
1123,depolarizing,0.05,1010,ZIIII,XIIII,YIIII,1011,-1,0
1124,depolarizing,0.05,0000,IIIII,IIIII,IIIII,0000,1,1
1125,depolarizing,0.05,0000,IIIII,IIIII,IIIII,0000,1,1
1126,depolarizing,0.05,0111,IIIIY,IXIII,IXIIY,1111,-1,0
1127,depolarizing,0.05,0000,IIIII,IIIII,IIIII,0000,1,1
1128,depolarizing,0.05,1010,ZIIII,XIIII,YIIII,1011,-1,0
1129,depolarizing,0.05,0000,IIIII,IIIII,IIIII,0000,1,1
1130,depolarizing,0.05,0000,IIIII,IIIII,IIIII,0000,1,1
1131,depolarizing,0.05,0000,IIIII,IIIII,IIIII,0000,1,1
1132,depolarizing,0.05,0000,IIIII,IIIII,IIIII,0000,1,1
1133,depolarizing,0.05,0000,IIIII,IIIII,IIIII,0000,1,1
1134,depolarizing,0.05,0000,IIIII,IIIII,IIIII,0000,1,1
1135,depolarizing,0.05,1011,IIXIY,YIIII,YIXIY,0000,-1,0
1136,depolarizing,0.05,0000,IIIII,IIIII,IIIII,0000,1,1
1137,depolarizing,0.05,0011,IIIIX,IXIII,IXIIX,1011,-1,0
1138,depolarizing,0.05,0000,IIIII,IIIII,IIIII,0000,1,1
1139,depolarizing,0.05,1000,IXIII,IXIII,IIIII,0000,1,1
1140,depolarizing,0.05,0000,IIIII,IIIII,IIIII,0000,1,1
1141,depolarizing,0.05,0000,IIIII,IIIII,IIIII,0000,1,1
1142,depolarizing,0.05,0000,IIIII,IIIII,IIIII,0000,1,1
1143,depolarizing,0.05,0000,IIIII,IIIII,IIIII,0000,1,1
1144,depolarizing,0.05,0000,IIIII,IIIII,IIIII,0000,1,1
1145,depolarizing,0.05,0000,IIIII,IIIII,IIIII,0000,1,1
1146,depolarizing,0.05,0100,IIIIZ,YIIII,YIIIZ,1111,-1,0
1147,depolarizing,0.05,0000,IIIII,IIIII,IIIII,0000,1,1
1148,depolarizing,0.05,0000,IIIII,IIIII,IIIII,0000,1,1
1149,depolarizing,0.05,0000,IIIII,IIIII,IIIII,0000,1,1
1150,depolarizing,0.05,0000,IIIII,IIIII,IIIII,0000,1,1
1151,depolarizing,0.05,0000,IIIII,IIIII,IIIII,0000,1,1
1152,depolarizing,0.05,1010,ZIIII,XIIII,YIIII,1011,-1,0
1153,depolarizing,0.05,0000,IIIII,IIIII,IIIII,0000,1,1
1154,depolarizing,0.05,0000,IIIII,IIIII,IIIII,0000,1,1
1155,depolarizing,0.05,0000,IIIII,IIIII,IIIII,0000,1,1
1156,depolarizing,0.05,0001,XIIII,XIIII,IIIII,0000,1,1
1157,depolarizing,0.05,0000,IIIII,IIIII,IIIII,0000,1,1
1158,depolarizing,0.05,0000,IIIII,IIIII,IIIII,0000,1,1
1159,depolarizing,0.05,0000,IIIII,IIIII,IIIII,0000,1,1
1160,depolarizing,0.05,0000,IIIII,IIIII,IIIII,0000,1,1
1161,depolarizing,0.05,0000,IIIII,IIIII,IIIII,0000,1,1
1162,depolarizing,0.05,0000,IIIII,IIIII,IIIII,0000,1,1
1163,depolarizing,0.05,0000,IIIII,IIIII,IIIII,0000,1,1
1164,depolarizing,0.05,0000,IIIII,IIIII,IIIII,0000,1,1
1165,depolarizing,0.05,0010,IIZII,YIIII,YIZII,1001,-1,0
1166,depolarizing,0.05,1111,YIIIZ,IIYII,YIYIZ,0001,-1,0
1167,depolarizing,0.05,1011,IXIIX,YIIII,YXIIX,0000,-1,0
1168,depolarizing,0.05,0000,IIIII,IIIII,IIIII,0000,1,1
1169,depolarizing,0.05,0000,IIIII,IIIII,IIIII,0000,1,1
1170,depolarizing,0.05,0011,IIIIX,IXIII,IXIIX,1011,-1,0
1171,depolarizing,0.05,0000,IIIII,IIIII,IIIII,0000,1,1
1172,depolarizing,0.05,0110,ZIXII,IIIIY,ZIXIY,0001,-1,0
1173,depolarizing,0.05,0000,IIIII,IIIII,IIIII,0000,1,1
1174,depolarizing,0.05,0000,IIIII,IIIII,IIIII,0000,1,1
1175,depolarizing,0.05,0000,IIIII,IIIII,IIIII,0000,1,1
1176,depolarizing,0.05,0000,IIIII,IIIII,IIIII,0000,1,1
1177,depolarizing,0.05,0000,IIIII,IIIII,IIIII,0000,1,1
1178,depolarizing,0.05,0000,IIIII,IIIII,IIIII,0000,1,1
1179,depolarizing,0.05,0000,IIIII,IIIII,IIIII,0000,1,1
1180,depolarizing,0.05,1011,YIIII,YIIII,IIIII,0000,1,1
1181,depolarizing,0.05,0000,IIIII,IIIII,IIIII,0000,1,1
1182,depolarizing,0.05,0001,XIIII,XIIII,IIIII,0000,1,1
1183,depolarizing,0.05,1110,IIYII,IZIII,IZYII,1011,-1,0
1184,depolarizing,0.05,0000,IIIII,IIIII,IIIII,0000,1,1
1185,depolarizing,0.05,0000,IIIII,IIIII,IIIII,0000,1,1
1186,depolarizing,0.05,0000,IIIII,IIIII,IIIII,0000,1,1
1187,depolarizing,0.05,0011,IIIIX,IXIII,IXIIX,1011,-1,0
1188,depolarizing,0.05,1110,IIYII,IZIII,IZYII,1011,-1,0
1189,depolarizing,0.05,0000,IIIII,IIIII,IIIII,0000,1,1
1190,depolarizing,0.05,0000,IIIII,IIIII,IIIII,0000,1,1
1191,depolarizing,0.05,0000,IIIII,IIIII,IIIII,0000,1,1
1192,depolarizing,0.05,0000,IIIII,IIIII,IIIII,0000,1,1
1193,depolarizing,0.05,0001,XIIII,XIIII,IIIII,0000,1,1
1194,depolarizing,0.05,0000,IIIII,IIIII,IIIII,0000,1,1
1195,depolarizing,0.05,0000,IIIII,IIIII,IIIII,0000,1,1
1196,depolarizing,0.05,0000,IIIII,IIIII,IIIII,0000,1,1
1197,depolarizing,0.05,0000,IIIII,IIIII,IIIII,0000,1,1
1198,depolarizing,0.05,0000,IIIII,IIIII,IIIII,0000,1,1
1199,depolarizing,0.05,0000,IIIII,IIIII,IIIII,0000,1,1
1200,depolarizing,0.05,0000,IIIII,IIIII,IIIII,0000,1,1
1201,depolarizing,0.05,1000,IXIII,IXIII,IIIII,0000,1,1
1202,depolarizing,0.05,0000,IIIII,IIIII,IIIII,0000,1,1
1203,depolarizing,0.05,0111,IXIYI,IXIII,IIIYI,1111,-1,0
1204,depolarizing,0.05,0000,IIIII,IIIII,IIIII,0000,1,1
1205,depolarizing,0.05,0111,IIIIY,IXIII,IXIIY,1111,-1,0
1206,depolarizing,0.05,0000,IIIII,IIIII,IIIII,0000,1,1
1207,depolarizing,0.05,0000,IIIII,IIIII,IIIII,0000,1,1
1208,depolarizing,0.05,1101,IYIII,IIIIY,IYIIY,1010,-1,0
1209,depolarizing,0.05,0000,IIIII,IIIII,IIIII,0000,1,1
1210,depolarizing,0.05,0000,IIIII,IIIII,IIIII,0000,1,1
1211,depolarizing,0.05,0000,IIIII,IIIII,IIIII,0000,1,1
1212,depolarizing,0.05,0000,IIIII,IIIII,IIIII,0000,1,1
1213,depolarizing,0.05,1001,YIZII,IXIII,YXZII,0001,-1,0
1214,depolarizing,0.05,0000,IIIII,IIIII,IIIII,0000,1,1
1215,depolarizing,0.05,0000,IIIII,IIIII,IIIII,0000,1,1
1216,depolarizing,0.05,0000,IIIII,IIIII,IIIII,0000,1,1
1217,depolarizing,0.05,0000,IIIII,IIIII,IIIII,0000,1,1
1218,depolarizing,0.05,0000,IIIII,IIIII,IIIII,0000,1,1
1219,depolarizing,0.05,0000,IIIII,IIIII,IIIII,0000,1,1
1220,depolarizing,0.05,0000,IIIII,IIIII,IIIII,0000,1,1
1221,depolarizing,0.05,0000,IIIII,IIIII,IIIII,0000,1,1
1222,depolarizing,0.05,0000,IIIII,IIIII,IIIII,0000,1,1
1223,depolarizing,0.05,1001,IIIZI,IXIII,IXIZI,0001,-1,0
1224,depolarizing,0.05,0000,IIIII,IIIII,IIIII,0000,1,1
1225,depolarizing,0.05,0000,IIIII,IIIII,IIIII,0000,1,1
1226,depolarizing,0.05,0000,IIIII,IIIII,IIIII,0000,1,1
1227,depolarizing,0.05,0000,IIIII,IIIII,IIIII,0000,1,1
1228,depolarizing,0.05,0000,IIIII,IIIII,IIIII,0000,1,1
1229,depolarizing,0.05,0000,IIIII,IIIII,IIIII,0000,1,1
1230,depolarizing,0.05,0000,IIIII,IIIII,IIIII,0000,1,1
1231,depolarizing,0.05,0000,IIIII,IIIII,IIIII,0000,1,1
1232,depolarizing,0.05,0000,IIIII,IIIII,IIIII,0000,1,1
1233,depolarizing,0.05,0000,IIIII,IIIII,IIIII,0000,1,1
1234,depolarizing,0.05,0000,IIIII,IIIII,IIIII,0000,1,1
1235,depolarizing,0.05,0000,IIIII,IIIII,IIIII,0000,1,1
1236,depolarizing,0.05,0000,IIIII,IIIII,IIIII,0000,1,1
1237,depolarizing,0.05,0000,IIIII,IIIII,IIIII,0000,1,1
1238,depolarizing,0.05,0000,IIIII,IIIII,IIIII,0000,1,1
1239,depolarizing,0.05,0000,IIIII,IIIII,IIIII,0000,1,1
1240,depolarizing,0.05,0000,IIIII,IIIII,IIIII,0000,1,1
1241,depolarizing,0.05,0000,IIIII,IIIII,IIIII,0000,1,1
1242,depolarizing,0.05,0000,IIIII,IIIII,IIIII,0000,1,1
1243,depolarizing,0.05,0000,IIIII,IIIII,IIIII,0000,1,1
1244,depolarizing,0.05,0000,IIIII,IIIII,IIIII,0000,1,1
1245,depolarizing,0.05,0000,IIIII,IIIII,IIIII,0000,1,1
1246,depolarizing,0.05,0000,IIIII,IIIII,IIIII,0000,1,1
1247,depolarizing,0.05,0000,IIIII,IIIII,IIIII,0000,1,1
1248,depolarizing,0.05,0000,IIIII,IIIII,IIIII,0000,1,1
1249,depolarizing,0.05,0000,IIIII,IIIII,IIIII,0000,1,1
1250,depolarizing,0.05,0000,IIIII,IIIII,IIIII,0000,1,1
1251,depolarizing,0.05,1010,ZIIII,XIIII,YIIII,1011,-1,0
1252,depolarizing,0.05,0000,IIIII,IIIII,IIIII,0000,1,1
1253,depolarizing,0.05,0000,IIIII,IIIII,IIIII,0000,1,1
1254,depolarizing,0.05,0000,IIIII,IIIII,IIIII,0000,1,1
1255,depolarizing,0.05,0000,IIIII,IIIII,IIIII,0000,1,1
1256,depolarizing,0.05,0000,IIIII,IIIII,IIIII,0000,1,1
1257,depolarizing,0.05,0000,IIIII,IIIII,IIIII,0000,1,1
1258,depolarizing,0.05,0000,IIIII,IIIII,IIIII,0000,1,1
1259,depolarizing,0.05,0000,IIIII,IIIII,IIIII,0000,1,1
1260,depolarizing,0.05,0000,IIIII,IIIII,IIIII,0000,1,1
1261,depolarizing,0.05,0000,IIIII,IIIII,IIIII,0000,1,1
1262,depolarizing,0.05,0000,IIIII,IIIII,IIIII,0000,1,1
1263,depolarizing,0.05,0100,IIIIZ,YIIII,YIIIZ,1111,-1,0
1264,depolarizing,0.05,0000,IIIII,IIIII,IIIII,0000,1,1
1265,depolarizing,0.05,0000,IIIII,IIIII,IIIII,0000,1,1
1266,depolarizing,0.05,0000,IIIII,IIIII,IIIII,0000,1,1
1267,depolarizing,0.05,0000,IIIII,IIIII,IIIII,0000,1,1
1268,depolarizing,0.05,0000,IIIII,IIIII,IIIII,0000,1,1
1269,depolarizing,0.05,1010,IIYIZ,XIIII,XIYIZ,1011,-1,0
1270,depolarizing,0.05,0000,IIIII,IIIII,IIIII,0000,1,1
1271,depolarizing,0.05,0111,IIIIY,IXIII,IXIIY,1111,-1,0
1272,depolarizing,0.05,0000,IIIII,IIIII,IIIII,0000,1,1
1273,depolarizing,0.05,0000,IIIII,IIIII,IIIII,0000,1,1
1274,depolarizing,0.05,0000,IIIII,IIIII,IIIII,0000,1,1
1275,depolarizing,0.05,0000,IIIII,IIIII,IIIII,0000,1,1
1276,depolarizing,0.05,0000,IIIII,IIIII,IIIII,0000,1,1
1277,depolarizing,0.05,0000,IIIII,IIIII,IIIII,0000,1,1
1278,depolarizing,0.05,1100,IIXII,IYIII,IYXII,0001,-1,0
1279,depolarizing,0.05,0111,IIIIY,IXIII,IXIIY,1111,-1,0
1280,depolarizing,0.05,0000,IIIII,IIIII,IIIII,0000,1,1
1281,depolarizing,0.05,0000,IIIII,IIIII,IIIII,0000,1,1
1282,depolarizing,0.05,0000,IIIII,IIIII,IIIII,0000,1,1
1283,depolarizing,0.05,0000,IIIII,IIIII,IIIII,0000,1,1
1284,depolarizing,0.05,0000,IIIII,IIIII,IIIII,0000,1,1
1285,depolarizing,0.05,1110,IIYII,IZIII,IZYII,1011,-1,0
1286,depolarizing,0.05,0000,IIIII,IIIII,IIIII,0000,1,1
1287,depolarizing,0.05,0000,IIIII,IIIII,IIIII,0000,1,1
1288,depolarizing,0.05,0000,IIIII,IIIII,IIIII,0000,1,1
1289,depolarizing,0.05,0000,IIIII,IIIII,IIIII,0000,1,1
1290,depolarizing,0.05,1011,YIIII,YIIII,IIIII,0000,1,1
1291,depolarizing,0.05,0000,IIIII,IIIII,IIIII,0000,1,1
1292,depolarizing,0.05,0000,IIIII,IIIII,IIIII,0000,1,1
1293,depolarizing,0.05,0000,IIIII,IIIII,IIIII,0000,1,1
1294,depolarizing,0.05,0000,IIIII,IIIII,IIIII,0000,1,1
1295,depolarizing,0.05,0100,IIIIZ,YIIII,YIIIZ,1111,-1,0
1296,depolarizing,0.05,0000,IIIII,IIIII,IIIII,0000,1,1
1297,depolarizing,0.05,0000,IIIII,IIIII,IIIII,0000,1,1
1298,depolarizing,0.05,0000,IIIII,IIIII,IIIII,0000,1,1
1299,depolarizing,0.05,0000,IIIII,IIIII,IIIII,0000,1,1
1300,depolarizing,0.05,0000,IIIII,IIIII,IIIII,0000,1,1
1301,depolarizing,0.05,1001,IIIZI,IXIII,IXIZI,0001,-1,0
1302,depolarizing,0.05,0000,IIIII,IIIII,IIIII,0000,1,1
1303,depolarizing,0.05,0000,IIIII,IIIII,IIIII,0000,1,1
1304,depolarizing,0.05,1111,IIIYI,IIYII,IIYYI,0001,-1,0
1305,depolarizing,0.05,0000,IIIII,IIIII,IIIII,0000,1,1
1306,depolarizing,0.05,0000,IIIII,IIIII,IIIII,0000,1,1
1307,depolarizing,0.05,1101,IYIII,IIIIY,IYIIY,1010,-1,0
1308,depolarizing,0.05,1100,IIXII,IYIII,IYXII,0001,-1,0
1309,depolarizing,0.05,0000,IIIII,IIIII,IIIII,0000,1,1
1310,depolarizing,0.05,0000,IIIII,IIIII,IIIII,0000,1,1
1311,depolarizing,0.05,0110,IIIXI,IIIIY,IIIXY,0001,-1,0
1312,depolarizing,0.05,1111,IIIYI,IIYII,IIYYI,0001,-1,0
1313,depolarizing,0.05,0000,IIIII,IIIII,IIIII,0000,1,1
1314,depolarizing,0.05,0000,IIIII,IIIII,IIIII,0000,1,1
1315,depolarizing,0.05,0000,IIIII,IIIII,IIIII,0000,1,1
1316,depolarizing,0.05,0000,IIIII,IIIII,IIIII,0000,1,1
1317,depolarizing,0.05,0000,IIIII,IIIII,IIIII,0000,1,1
1318,depolarizing,0.05,0000,IIIII,IIIII,IIIII,0000,1,1
1319,depolarizing,0.05,0000,IIIII,IIIII,IIIII,0000,1,1
1320,depolarizing,0.05,0000,IIIII,IIIII,IIIII,0000,1,1
1321,depolarizing,0.05,0000,IIIII,IIIII,IIIII,0000,1,1
1322,depolarizing,0.05,0000,IIIII,IIIII,IIIII,0000,1,1
1323,depolarizing,0.05,0000,IIIII,IIIII,IIIII,0000,1,1
1324,depolarizing,0.05,0000,IIIII,IIIII,IIIII,0000,1,1
1325,depolarizing,0.05,0110,IIIXI,IIIIY,IIIXY,0001,-1,0
1326,depolarizing,0.05,0000,IIIII,IIIII,IIIII,0000,1,1
1327,depolarizing,0.05,0000,IIIII,IIIII,IIIII,0000,1,1
1328,depolarizing,0.05,0000,IIIII,IIIII,IIIII,0000,1,1
1329,depolarizing,0.05,0000,IIIII,IIIII,IIIII,0000,1,1
1330,depolarizing,0.05,0000,IIIII,IIIII,IIIII,0000,1,1
1331,depolarizing,0.05,0000,IIIII,IIIII,IIIII,0000,1,1
1332,depolarizing,0.05,1010,ZIIII,XIIII,YIIII,1011,-1,0
1333,depolarizing,0.05,0000,IIIII,IIIII,IIIII,0000,1,1
1334,depolarizing,0.05,0000,IIIII,IIIII,IIIII,0000,1,1
1335,depolarizing,0.05,0000,IIIII,IIIII,IIIII,0000,1,1
1336,depolarizing,0.05,0111,IIIIY,IXIII,IXIIY,1111,-1,0
1337,depolarizing,0.05,0100,IIIIZ,YIIII,YIIIZ,1111,-1,0
1338,depolarizing,0.05,0000,IIIII,IIIII,IIIII,0000,1,1
1339,depolarizing,0.05,1111,IIIYI,IIYII,IIYYI,0001,-1,0
1340,depolarizing,0.05,1000,IXIII,IXIII,IIIII,0000,1,1
1341,depolarizing,0.05,0000,IIIII,IIIII,IIIII,0000,1,1
1342,depolarizing,0.05,0000,IIIII,IIIII,IIIII,0000,1,1
1343,depolarizing,0.05,0000,IIIII,IIIII,IIIII,0000,1,1
1344,depolarizing,0.05,0000,IIIII,IIIII,IIIII,0000,1,1
1345,depolarizing,0.05,0000,IIIII,IIIII,IIIII,0000,1,1
1346,depolarizing,0.05,0000,IIIII,IIIII,IIIII,0000,1,1
1347,depolarizing,0.05,0000,IIIII,IIIII,IIIII,0000,1,1
1348,depolarizing,0.05,0000,IIIII,IIIII,IIIII,0000,1,1
1349,depolarizing,0.05,1110,IIYII,IZIII,IZYII,1011,-1,0
1350,depolarizing,0.05,0000,IIIII,IIIII,IIIII,0000,1,1
1351,depolarizing,0.05,1101,IYIII,IIIIY,IYIIY,1010,-1,0
1352,depolarizing,0.05,0000,IIIII,IIIII,IIIII,0000,1,1
1353,depolarizing,0.05,0000,IIIII,IIIII,IIIII,0000,1,1
1354,depolarizing,0.05,0000,IIIII,IIIII,IIIII,0000,1,1
1355,depolarizing,0.05,0000,IIIII,IIIII,IIIII,0000,1,1
1356,depolarizing,0.05,0011,IIIIX,IXIII,IXIIX,1011,-1,0
1357,depolarizing,0.05,0000,IIIII,IIIII,IIIII,0000,1,1
1358,depolarizing,0.05,0000,IIIII,IIIII,IIIII,0000,1,1
1359,depolarizing,0.05,0000,IIIII,IIIII,IIIII,0000,1,1
1360,depolarizing,0.05,0011,IIIIX,IXIII,IXIIX,1011,-1,0
1361,depolarizing,0.05,0011,IIIIX,IXIII,IXIIX,1011,-1,0
1362,depolarizing,0.05,0000,IIIII,IIIII,IIIII,0000,1,1
1363,depolarizing,0.05,1110,IIYII,IZIII,IZYII,1011,-1,0
1364,depolarizing,0.05,0011,IIIIX,IXIII,IXIIX,1011,-1,0
1365,depolarizing,0.05,0000,IIIII,IIIII,IIIII,0000,1,1
1366,depolarizing,0.05,0000,IIIII,IIIII,IIIII,0000,1,1
1367,depolarizing,0.05,0000,IIIII,IIIII,IIIII,0000,1,1
1368,depolarizing,0.05,0000,IIIII,IIIII,IIIII,0000,1,1
1369,depolarizing,0.05,0000,IIIII,IIIII,IIIII,0000,1,1
1370,depolarizing,0.05,0000,IIIII,IIIII,IIIII,0000,1,1
1371,depolarizing,0.05,1010,ZIIII,XIIII,YIIII,1011,-1,0
1372,depolarizing,0.05,0000,IIIII,IIIII,IIIII,0000,1,1
1373,depolarizing,0.05,0000,IIIII,IIIII,IIIII,0000,1,1
1374,depolarizing,0.05,1000,IXIII,IXIII,IIIII,0000,1,1
1375,depolarizing,0.05,0011,IIIIX,IXIII,IXIIX,1011,-1,0
1376,depolarizing,0.05,1010,ZIIII,XIIII,YIIII,1011,-1,0
1377,depolarizing,0.05,0000,IIIII,IIIII,IIIII,0000,1,1
1378,depolarizing,0.05,0000,IIIII,IIIII,IIIII,0000,1,1
1379,depolarizing,0.05,0000,IIIII,IIIII,IIIII,0000,1,1
1380,depolarizing,0.05,0000,IIIII,IIIII,IIIII,0000,1,1
1381,depolarizing,0.05,1011,YIIII,YIIII,IIIII,0000,1,1
1382,depolarizing,0.05,0000,IIIII,IIIII,IIIII,0000,1,1
1383,depolarizing,0.05,1010,ZIIII,XIIII,YIIII,1011,-1,0
1384,depolarizing,0.05,0000,IIIII,IIIII,IIIII,0000,1,1
1385,depolarizing,0.05,0000,IIIII,IIIII,IIIII,0000,1,1
1386,depolarizing,0.05,0000,IIIII,IIIII,IIIII,0000,1,1
1387,depolarizing,0.05,1110,IIYII,IZIII,IZYII,1011,-1,0
1388,depolarizing,0.05,0000,IIIII,IIIII,IIIII,0000,1,1
1389,depolarizing,0.05,0000,IIIII,IIIII,IIIII,0000,1,1
1390,depolarizing,0.05,0000,IIIII,IIIII,IIIII,0000,1,1
1391,depolarizing,0.05,0000,IIIII,IIIII,IIIII,0000,1,1
1392,depolarizing,0.05,0010,IIZII,YIIII,YIZII,1001,-1,0
1393,depolarizing,0.05,0000,IIIII,IIIII,IIIII,0000,1,1
1394,depolarizing,0.05,0000,IIIII,IIIII,IIIII,0000,1,1
1395,depolarizing,0.05,0000,IIIII,IIIII,IIIII,0000,1,1
1396,depolarizing,0.05,0000,IIIII,IIIII,IIIII,0000,1,1
1397,depolarizing,0.05,0000,IIIII,IIIII,IIIII,0000,1,1
1398,depolarizing,0.05,0000,IIIII,IIIII,IIIII,0000,1,1
1399,depolarizing,0.05,0000,IIIII,IIIII,IIIII,0000,1,1
1400,depolarizing,0.05,0000,IIIII,IIIII,IIIII,0000,1,1
1401,depolarizing,0.05,0000,IIIII,IIIII,IIIII,0000,1,1
1402,depolarizing,0.05,0000,IIIII,IIIII,IIIII,0000,1,1
1403,depolarizing,0.05,0000,IIIII,IIIII,IIIII,0000,1,1
1404,depolarizing,0.05,0000,IIIII,IIIII,IIIII,0000,1,1
1405,depolarizing,0.05,1000,IIIYY,IXIII,IXIYY,0000,-1,0
1406,depolarizing,0.05,0000,IIIII,IIIII,IIIII,0000,1,1
1407,depolarizing,0.05,0000,IIIII,IIIII,IIIII,0000,1,1
1408,depolarizing,0.05,1101,IYIII,IIIIY,IYIIY,1010,-1,0
1409,depolarizing,0.05,0000,IIIII,IIIII,IIIII,0000,1,1
1410,depolarizing,0.05,0000,IIIII,IIIII,IIIII,0000,1,1
1411,depolarizing,0.05,0010,IIZII,YIIII,YIZII,1001,-1,0
1412,depolarizing,0.05,0000,IIIII,IIIII,IIIII,0000,1,1
1413,depolarizing,0.05,0000,IIIII,IIIII,IIIII,0000,1,1
1414,depolarizing,0.05,0000,IIIII,IIIII,IIIII,0000,1,1
1415,depolarizing,0.05,0000,IIIII,IIIII,IIIII,0000,1,1
1416,depolarizing,0.05,0000,IIIII,IIIII,IIIII,0000,1,1
1417,depolarizing,0.05,0000,IIIII,IIIII,IIIII,0000,1,1
1418,depolarizing,0.05,0000,IIIII,IIIII,IIIII,0000,1,1
1419,depolarizing,0.05,0000,IIIII,IIIII,IIIII,0000,1,1
1420,depolarizing,0.05,0001,XIIII,XIIII,IIIII,0000,1,1
1421,depolarizing,0.05,0000,IIIII,IIIII,IIIII,0000,1,1
1422,depolarizing,0.05,0000,IIIII,IIIII,IIIII,0000,1,1
1423,depolarizing,0.05,0000,IIIII,IIIII,IIIII,0000,1,1
1424,depolarizing,0.05,0000,IIIII,IIIII,IIIII,0000,1,1
1425,depolarizing,0.05,0000,IIIII,IIIII,IIIII,0000,1,1
1426,depolarizing,0.05,0000,IIIII,IIIII,IIIII,0000,1,1
1427,depolarizing,0.05,0000,IIIII,IIIII,IIIII,0000,1,1
1428,depolarizing,0.05,1011,YIIII,YIIII,IIIII,0000,1,1
1429,depolarizing,0.05,1101,IYIII,IIIIY,IYIIY,1010,-1,0
1430,depolarizing,0.05,0000,IIIII,IIIII,IIIII,0000,1,1
1431,depolarizing,0.05,0100,IIIIZ,YIIII,YIIIZ,1111,-1,0
1432,depolarizing,0.05,0000,IIIII,IIIII,IIIII,0000,1,1
1433,depolarizing,0.05,0000,IIIII,IIIII,IIIII,0000,1,1
1434,depolarizing,0.05,1111,IIIYI,IIYII,IIYYI,0001,-1,0
1435,depolarizing,0.05,0000,IIIII,IIIII,IIIII,0000,1,1
1436,depolarizing,0.05,1110,IIYII,IZIII,IZYII,1011,-1,0
1437,depolarizing,0.05,0000,IIIII,IIIII,IIIII,0000,1,1
1438,depolarizing,0.05,0000,IIIII,IIIII,IIIII,0000,1,1
1439,depolarizing,0.05,0000,IIIII,IIIII,IIIII,0000,1,1
1440,depolarizing,0.05,0000,IIIII,IIIII,IIIII,0000,1,1
1441,depolarizing,0.05,0000,IIIII,IIIII,IIIII,0000,1,1
1442,depolarizing,0.05,0000,IIIII,IIIII,IIIII,0000,1,1
1443,depolarizing,0.05,0000,IIIII,IIIII,IIIII,0000,1,1
1444,depolarizing,0.05,0000,IIIII,IIIII,IIIII,0000,1,1
1445,depolarizing,0.05,0000,IIIII,IIIII,IIIII,0000,1,1
1446,depolarizing,0.05,0000,IIIII,IIIII,IIIII,0000,1,1
1447,depolarizing,0.05,0000,IIIII,IIIII,IIIII,0000,1,1
1448,depolarizing,0.05,0000,IIIII,IIIII,IIIII,0000,1,1
1449,depolarizing,0.05,0000,IIIII,IIIII,IIIII,0000,1,1
1450,depolarizing,0.05,0000,IIIII,IIIII,IIIII,0000,1,1
1451,depolarizing,0.05,1101,IYIII,IIIIY,IYIIY,1010,-1,0
1452,depolarizing,0.05,0000,IIIII,IIIII,IIIII,0000,1,1
1453,depolarizing,0.05,0000,IIIII,IIIII,IIIII,0000,1,1
1454,depolarizing,0.05,0000,IIIII,IIIII,IIIII,0000,1,1
1455,depolarizing,0.05,0000,IIIII,IIIII,IIIII,0000,1,1
1456,depolarizing,0.05,1101,IYIII,IIIIY,IYIIY,1010,-1,0
1457,depolarizing,0.05,0000,IIIII,IIIII,IIIII,0000,1,1
1458,depolarizing,0.05,0000,IIIII,IIIII,IIIII,0000,1,1
1459,depolarizing,0.05,0000,IIIII,IIIII,IIIII,0000,1,1
1460,depolarizing,0.05,0000,IIIII,IIIII,IIIII,0000,1,1
1461,depolarizing,0.05,0000,IIIII,IIIII,IIIII,0000,1,1
1462,depolarizing,0.05,0011,IIXYI,IXIII,IXXYI,1011,-1,0
1463,depolarizing,0.05,0000,IIIII,IIIII,IIIII,0000,1,1
1464,depolarizing,0.05,0000,IIIII,IIIII,IIIII,0000,1,1
1465,depolarizing,0.05,1110,IIYII,IZIII,IZYII,1011,-1,0
1466,depolarizing,0.05,0000,IIIII,IIIII,IIIII,0000,1,1
1467,depolarizing,0.05,0000,IIIII,IIIII,IIIII,0000,1,1
1468,depolarizing,0.05,0000,IIIII,IIIII,IIIII,0000,1,1
1469,depolarizing,0.05,0000,IIIII,IIIII,IIIII,0000,1,1
1470,depolarizing,0.05,0000,IIIII,IIIII,IIIII,0000,1,1
1471,depolarizing,0.05,0000,IIIII,IIIII,IIIII,0000,1,1
1472,depolarizing,0.05,0000,IIIII,IIIII,IIIII,0000,1,1
1473,depolarizing,0.05,0000,IIIII,IIIII,IIIII,0000,1,1
1474,depolarizing,0.05,0000,IIIII,IIIII,IIIII,0000,1,1
1475,depolarizing,0.05,0000,IIIII,IIIII,IIIII,0000,1,1
1476,depolarizing,0.05,0000,IIIII,IIIII,IIIII,0000,1,1
1477,depolarizing,0.05,0000,IIIII,IIIII,IIIII,0000,1,1
1478,depolarizing,0.05,0000,IIIII,IIIII,IIIII,0000,1,1
1479,depolarizing,0.05,0000,IIIII,IIIII,IIIII,0000,1,1
1480,depolarizing,0.05,0000,IIIII,IIIII,IIIII,0000,1,1
1481,depolarizing,0.05,0000,IIIII,IIIII,IIIII,0000,1,1
1482,depolarizing,0.05,0000,IIIII,IIIII,IIIII,0000,1,1
1483,depolarizing,0.05,0000,IIIII,IIIII,IIIII,0000,1,1
1484,depolarizing,0.05,0000,IIIII,IIIII,IIIII,0000,1,1
1485,depolarizing,0.05,0010,IIZII,YIIII,YIZII,1001,-1,0
1486,depolarizing,0.05,0000,IIIII,IIIII,IIIII,0000,1,1
1487,depolarizing,0.05,0000,IIIII,IIIII,IIIII,0000,1,1
1488,depolarizing,0.05,1101,IYIII,IIIIY,IYIIY,1010,-1,0
1489,depolarizing,0.05,0000,IIIII,IIIII,IIIII,0000,1,1
1490,depolarizing,0.05,0000,IIIII,IIIII,IIIII,0000,1,1
1491,depolarizing,0.05,0000,IIIII,IIIII,IIIII,0000,1,1
1492,depolarizing,0.05,0000,IIIII,IIIII,IIIII,0000,1,1
1493,depolarizing,0.05,0000,IIIII,IIIII,IIIII,0000,1,1
1494,depolarizing,0.05,0000,IIIII,IIIII,IIIII,0000,1,1
1495,depolarizing,0.05,0000,IIIII,IIIII,IIIII,0000,1,1
1496,depolarizing,0.05,0000,IIIII,IIIII,IIIII,0000,1,1
1497,depolarizing,0.05,0000,IIIII,IIIII,IIIII,0000,1,1
1498,depolarizing,0.05,0000,IIIII,IIIII,IIIII,0000,1,1
1499,depolarizing,0.05,0000,IIIII,IIIII,IIIII,0000,1,1
1500,depolarizing,0.05,0000,IIIII,IIIII,IIIII,0000,1,1
1501,depolarizing,0.05,0000,IIIII,IIIII,IIIII,0000,1,1
1502,depolarizing,0.05,0101,IZIII,IZIII,IIIII,0000,1,1
1503,depolarizing,0.05,0000,IIIII,IIIII,IIIII,0000,1,1
1504,depolarizing,0.05,0000,IIIII,IIIII,IIIII,0000,1,1
1505,depolarizing,0.05,0000,IIIII,IIIII,IIIII,0000,1,1
1506,depolarizing,0.05,0000,IIIII,IIIII,IIIII,0000,1,1
1507,depolarizing,0.05,0000,IIIII,IIIII,IIIII,0000,1,1
1508,depolarizing,0.05,0000,IIIII,IIIII,IIIII,0000,1,1
1509,depolarizing,0.05,0000,IIIII,IIIII,IIIII,0000,1,1
1510,depolarizing,0.05,0000,IIIII,IIIII,IIIII,0000,1,1
1511,depolarizing,0.05,0000,IIIII,IIIII,IIIII,0000,1,1
1512,depolarizing,0.05,0000,IIIII,IIIII,IIIII,0000,1,1
1513,depolarizing,0.05,0000,IIIII,IIIII,IIIII,0000,1,1
1514,depolarizing,0.05,0000,IIIII,IIIII,IIIII,0000,1,1
1515,depolarizing,0.05,0000,IIIII,IIIII,IIIII,0000,1,1
1516,depolarizing,0.05,0000,IIIII,IIIII,IIIII,0000,1,1
1517,depolarizing,0.05,0001,XIIII,XIIII,IIIII,0000,1,1
1518,depolarizing,0.05,0010,ZXIII,YIIII,XXIII,1001,-1,0
1519,depolarizing,0.05,0000,IIIII,IIIII,IIIII,0000,1,1
1520,depolarizing,0.05,0111,IIIIY,IXIII,IXIIY,1111,-1,0
1521,depolarizing,0.05,0110,IIIXI,IIIIY,IIIXY,0001,-1,0
1522,depolarizing,0.05,0000,IIIII,IIIII,IIIII,0000,1,1
1523,depolarizing,0.05,0000,IIIII,IIIII,IIIII,0000,1,1
1524,depolarizing,0.05,0000,IIIII,IIIII,IIIII,0000,1,1
1525,depolarizing,0.05,0000,IIIII,IIIII,IIIII,0000,1,1
1526,depolarizing,0.05,0000,IIIII,IIIII,IIIII,0000,1,1
1527,depolarizing,0.05,0011,IIIIX,IXIII,IXIIX,1011,-1,0
1528,depolarizing,0.05,0000,IIIII,IIIII,IIIII,0000,1,1
1529,depolarizing,0.05,0000,IIIII,IIIII,IIIII,0000,1,1
1530,depolarizing,0.05,0000,IIIII,IIIII,IIIII,0000,1,1
1531,depolarizing,0.05,0000,IIIII,IIIII,IIIII,0000,1,1
1532,depolarizing,0.05,0000,IIIII,IIIII,IIIII,0000,1,1
1533,depolarizing,0.05,0000,IIIII,IIIII,IIIII,0000,1,1
1534,depolarizing,0.05,0000,IIIII,IIIII,IIIII,0000,1,1
1535,depolarizing,0.05,1010,ZXXIZ,XIIII,YXXIZ,1011,-1,0
1536,depolarizing,0.05,0000,IIIII,IIIII,IIIII,0000,1,1
1537,depolarizing,0.05,0000,IIIII,IIIII,IIIII,0000,1,1
1538,depolarizing,0.05,0000,IIIII,IIIII,IIIII,0000,1,1
1539,depolarizing,0.05,0000,IIIII,IIIII,IIIII,0000,1,1
1540,depolarizing,0.05,1011,YIIII,YIIII,IIIII,0000,1,1
1541,depolarizing,0.05,0000,IIIII,IIIII,IIIII,0000,1,1
1542,depolarizing,0.05,0000,IIIII,IIIII,IIIII,0000,1,1
1543,depolarizing,0.05,0000,IIIII,IIIII,IIIII,0000,1,1
1544,depolarizing,0.05,0000,IIIII,IIIII,IIIII,0000,1,1
1545,depolarizing,0.05,0000,IIIII,IIIII,IIIII,0000,1,1
1546,depolarizing,0.05,1110,IIYII,IZIII,IZYII,1011,-1,0
1547,depolarizing,0.05,0000,IIIII,IIIII,IIIII,0000,1,1
1548,depolarizing,0.05,0100,IIIIZ,YIIII,YIIIZ,1111,-1,0
1549,depolarizing,0.05,0000,IIIII,IIIII,IIIII,0000,1,1
1550,depolarizing,0.05,0000,IIIII,IIIII,IIIII,0000,1,1
1551,depolarizing,0.05,0000,IIIII,IIIII,IIIII,0000,1,1
1552,depolarizing,0.05,0000,IIIII,IIIII,IIIII,0000,1,1
1553,depolarizing,0.05,0000,IIIII,IIIII,IIIII,0000,1,1
1554,depolarizing,0.05,0000,IIIII,IIIII,IIIII,0000,1,1
1555,depolarizing,0.05,1110,IIYII,IZIII,IZYII,1011,-1,0
1556,depolarizing,0.05,0000,IIIII,IIIII,IIIII,0000,1,1
1557,depolarizing,0.05,0000,IIIII,IIIII,IIIII,0000,1,1
1558,depolarizing,0.05,0011,IIIIX,IXIII,IXIIX,1011,-1,0
1559,depolarizing,0.05,1101,IYIII,IIIIY,IYIIY,1010,-1,0
1560,depolarizing,0.05,0000,IIIII,IIIII,IIIII,0000,1,1
1561,depolarizing,0.05,0000,IIIII,IIIII,IIIII,0000,1,1
1562,depolarizing,0.05,0000,IIIII,IIIII,IIIII,0000,1,1
1563,depolarizing,0.05,0110,IIIXI,IIIIY,IIIXY,0001,-1,0
1564,depolarizing,0.05,0000,IIIII,IIIII,IIIII,0000,1,1
1565,depolarizing,0.05,0000,IIIII,IIIII,IIIII,0000,1,1
1566,depolarizing,0.05,0000,IIIII,IIIII,IIIII,0000,1,1
1567,depolarizing,0.05,0000,IIIII,IIIII,IIIII,0000,1,1
1568,depolarizing,0.05,0000,IIIII,IIIII,IIIII,0000,1,1
1569,depolarizing,0.05,0000,IIIII,IIIII,IIIII,0000,1,1
1570,depolarizing,0.05,0000,IIIII,IIIII,IIIII,0000,1,1
1571,depolarizing,0.05,0000,IIIII,IIIII,IIIII,0000,1,1
1572,depolarizing,0.05,0000,IIIII,IIIII,IIIII,0000,1,1
1573,depolarizing,0.05,0000,IIIII,IIIII,IIIII,0000,1,1
1574,depolarizing,0.05,1100,IIXII,IYIII,IYXII,0001,-1,0
1575,depolarizing,0.05,0000,IIIII,IIIII,IIIII,0000,1,1
1576,depolarizing,0.05,0000,IIIII,IIIII,IIIII,0000,1,1
1577,depolarizing,0.05,1111,IIIYI,IIYII,IIYYI,0001,-1,0
1578,depolarizing,0.05,0000,IIIII,IIIII,IIIII,0000,1,1
1579,depolarizing,0.05,0000,IIIII,IIIII,IIIII,0000,1,1
1580,depolarizing,0.05,0000,IIIII,IIIII,IIIII,0000,1,1
1581,depolarizing,0.05,0000,IIIII,IIIII,IIIII,0000,1,1
1582,depolarizing,0.05,0011,IIIIX,IXIII,IXIIX,1011,-1,0
1583,depolarizing,0.05,0000,IIIII,IIIII,IIIII,0000,1,1
1584,depolarizing,0.05,0000,IIIII,IIIII,IIIII,0000,1,1
1585,depolarizing,0.05,0000,IIIII,IIIII,IIIII,0000,1,1
1586,depolarizing,0.05,0011,IIIIX,IXIII,IXIIX,1011,-1,0
1587,depolarizing,0.05,0000,IIIII,IIIII,IIIII,0000,1,1
1588,depolarizing,0.05,0000,IIIII,IIIII,IIIII,0000,1,1
1589,depolarizing,0.05,0000,IIIII,IIIII,IIIII,0000,1,1
1590,depolarizing,0.05,0000,IIIII,IIIII,IIIII,0000,1,1
1591,depolarizing,0.05,0000,IIIII,IIIII,IIIII,0000,1,1
1592,depolarizing,0.05,0110,IIIXI,IIIIY,IIIXY,0001,-1,0
1593,depolarizing,0.05,1000,IXIII,IXIII,IIIII,0000,1,1
1594,depolarizing,0.05,1101,IYIII,IIIIY,IYIIY,1010,-1,0
1595,depolarizing,0.05,0000,IIIII,IIIII,IIIII,0000,1,1
1596,depolarizing,0.05,1110,IIYII,IZIII,IZYII,1011,-1,0
1597,depolarizing,0.05,0000,IIIII,IIIII,IIIII,0000,1,1
1598,depolarizing,0.05,0100,IIIIZ,YIIII,YIIIZ,1111,-1,0
1599,depolarizing,0.05,0000,IIIII,IIIII,IIIII,0000,1,1
1600,depolarizing,0.05,0000,IIIII,IIIII,IIIII,0000,1,1
1601,depolarizing,0.05,0000,IIIII,IIIII,IIIII,0000,1,1
1602,depolarizing,0.05,0000,IIIII,IIIII,IIIII,0000,1,1
1603,depolarizing,0.05,0000,IIIII,IIIII,IIIII,0000,1,1
1604,depolarizing,0.05,0000,IIIII,IIIII,IIIII,0000,1,1
1605,depolarizing,0.05,0000,IIIII,IIIII,IIIII,0000,1,1
1606,depolarizing,0.05,0000,IIIII,IIIII,IIIII,0000,1,1
1607,depolarizing,0.05,0000,IIIII,IIIII,IIIII,0000,1,1
1608,depolarizing,0.05,0000,IIIII,IIIII,IIIII,0000,1,1
1609,depolarizing,0.05,0000,IIIII,IIIII,IIIII,0000,1,1
1610,depolarizing,0.05,0000,IIIII,IIIII,IIIII,0000,1,1
1611,depolarizing,0.05,1100,IIXII,IYIII,IYXII,0001,-1,0
1612,depolarizing,0.05,0000,IIIII,IIIII,IIIII,0000,1,1
1613,depolarizing,0.05,0000,IIIII,IIIII,IIIII,0000,1,1
1614,depolarizing,0.05,0000,IIIII,IIIII,IIIII,0000,1,1
1615,depolarizing,0.05,0000,IIIII,IIIII,IIIII,0000,1,1
1616,depolarizing,0.05,0110,IIIXI,IIIIY,IIIXY,0001,-1,0
1617,depolarizing,0.05,0000,IIIII,IIIII,IIIII,0000,1,1
1618,depolarizing,0.05,0000,IIIII,IIIII,IIIII,0000,1,1
1619,depolarizing,0.05,0000,IIIII,IIIII,IIIII,0000,1,1
1620,depolarizing,0.05,0000,IIIII,IIIII,IIIII,0000,1,1
1621,depolarizing,0.05,0000,IIIII,IIIII,IIIII,0000,1,1
1622,depolarizing,0.05,0000,IIIII,IIIII,IIIII,0000,1,1
1623,depolarizing,0.05,0000,IIIII,IIIII,IIIII,0000,1,1
1624,depolarizing,0.05,0000,IIIII,IIIII,IIIII,0000,1,1
1625,depolarizing,0.05,1011,YIIII,YIIII,IIIII,0000,1,1
1626,depolarizing,0.05,1110,IYIIX,IZIII,IXIIX,1011,-1,0
1627,depolarizing,0.05,0000,IIIII,IIIII,IIIII,0000,1,1
1628,depolarizing,0.05,0000,IIIII,IIIII,IIIII,0000,1,1
1629,depolarizing,0.05,0111,IIIIY,IXIII,IXIIY,1111,-1,0
1630,depolarizing,0.05,0000,IIIII,IIIII,IIIII,0000,1,1
1631,depolarizing,0.05,1110,IIYII,IZIII,IZYII,1011,-1,0
1632,depolarizing,0.05,0000,IIIII,IIIII,IIIII,0000,1,1
1633,depolarizing,0.05,1001,IIIZI,IXIII,IXIZI,0001,-1,0
1634,depolarizing,0.05,0110,ZIXII,IIIIY,ZIXIY,0001,-1,0
1635,depolarizing,0.05,0000,IIIII,IIIII,IIIII,0000,1,1
1636,depolarizing,0.05,0000,IIIII,IIIII,IIIII,0000,1,1
1637,depolarizing,0.05,0000,IIIII,IIIII,IIIII,0000,1,1
1638,depolarizing,0.05,0000,IIIII,IIIII,IIIII,0000,1,1
1639,depolarizing,0.05,0101,IZIII,IZIII,IIIII,0000,1,1
1640,depolarizing,0.05,0000,IIIII,IIIII,IIIII,0000,1,1
1641,depolarizing,0.05,0000,IIIII,IIIII,IIIII,0000,1,1
1642,depolarizing,0.05,0000,IIIII,IIIII,IIIII,0000,1,1
1643,depolarizing,0.05,0111,IIIIY,IXIII,IXIIY,1111,-1,0
1644,depolarizing,0.05,0000,IIIII,IIIII,IIIII,0000,1,1
1645,depolarizing,0.05,0000,IIIII,IIIII,IIIII,0000,1,1
1646,depolarizing,0.05,0000,IIIII,IIIII,IIIII,0000,1,1
1647,depolarizing,0.05,0000,IIIII,IIIII,IIIII,0000,1,1
1648,depolarizing,0.05,0000,IIIII,IIIII,IIIII,0000,1,1
1649,depolarizing,0.05,0000,IIIII,IIIII,IIIII,0000,1,1
1650,depolarizing,0.05,0000,IIIII,IIIII,IIIII,0000,1,1
1651,depolarizing,0.05,0000,IIIII,IIIII,IIIII,0000,1,1
1652,depolarizing,0.05,0000,IIIII,IIIII,IIIII,0000,1,1
1653,depolarizing,0.05,0000,IIIII,IIIII,IIIII,0000,1,1
1654,depolarizing,0.05,0000,IIIII,IIIII,IIIII,0000,1,1
1655,depolarizing,0.05,0000,IIIII,IIIII,IIIII,0000,1,1
1656,depolarizing,0.05,0000,IIIII,IIIII,IIIII,0000,1,1
1657,depolarizing,0.05,0000,IIIII,IIIII,IIIII,0000,1,1
1658,depolarizing,0.05,0000,IIIII,IIIII,IIIII,0000,1,1
1659,depolarizing,0.05,0000,IIIII,IIIII,IIIII,0000,1,1
1660,depolarizing,0.05,0000,IIIII,IIIII,IIIII,0000,1,1
1661,depolarizing,0.05,0000,IIIII,IIIII,IIIII,0000,1,1
1662,depolarizing,0.05,0000,IIIII,IIIII,IIIII,0000,1,1
1663,depolarizing,0.05,0000,IIIII,IIIII,IIIII,0000,1,1
1664,depolarizing,0.05,0000,IIIII,IIIII,IIIII,0000,1,1
1665,depolarizing,0.05,0000,IIIII,IIIII,IIIII,0000,1,1
1666,depolarizing,0.05,0000,IIIII,IIIII,IIIII,0000,1,1
1667,depolarizing,0.05,0010,IIZII,YIIII,YIZII,1001,-1,0
1668,depolarizing,0.05,1011,YIIII,YIIII,IIIII,0000,1,1
1669,depolarizing,0.05,0000,IIIII,IIIII,IIIII,0000,1,1
1670,depolarizing,0.05,0000,IIIII,IIIII,IIIII,0000,1,1
1671,depolarizing,0.05,0000,IIIII,IIIII,IIIII,0000,1,1
1672,depolarizing,0.05,0000,IIIII,IIIII,IIIII,0000,1,1
1673,depolarizing,0.05,0000,IIIII,IIIII,IIIII,0000,1,1
1674,depolarizing,0.05,0000,IIIII,IIIII,IIIII,0000,1,1
1675,depolarizing,0.05,0000,IIIII,IIIII,IIIII,0000,1,1
1676,depolarizing,0.05,0000,IIIII,IIIII,IIIII,0000,1,1
1677,depolarizing,0.05,0000,IIIII,IIIII,IIIII,0000,1,1
1678,depolarizing,0.05,0000,IIIII,IIIII,IIIII,0000,1,1
1679,depolarizing,0.05,0000,IIIII,IIIII,IIIII,0000,1,1
1680,depolarizing,0.05,0000,IIIII,IIIII,IIIII,0000,1,1
1681,depolarizing,0.05,0000,IIIII,IIIII,IIIII,0000,1,1
1682,depolarizing,0.05,0000,IIIII,IIIII,IIIII,0000,1,1
1683,depolarizing,0.05,0000,IIIII,IIIII,IIIII,0000,1,1
1684,depolarizing,0.05,0000,IIIII,IIIII,IIIII,0000,1,1
1685,depolarizing,0.05,0000,IIIII,IIIII,IIIII,0000,1,1
1686,depolarizing,0.05,0000,IIIII,IIIII,IIIII,0000,1,1
1687,depolarizing,0.05,0000,IIIII,IIIII,IIIII,0000,1,1
1688,depolarizing,0.05,0000,IIIII,IIIII,IIIII,0000,1,1
1689,depolarizing,0.05,0000,IIIII,IIIII,IIIII,0000,1,1
1690,depolarizing,0.05,0000,IIIII,IIIII,IIIII,0000,1,1
1691,depolarizing,0.05,0000,IIIII,IIIII,IIIII,0000,1,1
1692,depolarizing,0.05,0000,IIIII,IIIII,IIIII,0000,1,1
1693,depolarizing,0.05,1000,IXIII,IXIII,IIIII,0000,1,1
1694,depolarizing,0.05,0000,IIIII,IIIII,IIIII,0000,1,1
1695,depolarizing,0.05,0001,XIIII,XIIII,IIIII,0000,1,1
1696,depolarizing,0.05,0000,IIIII,IIIII,IIIII,0000,1,1
1697,depolarizing,0.05,0000,IIIII,IIIII,IIIII,0000,1,1
1698,depolarizing,0.05,0000,IIIII,IIIII,IIIII,0000,1,1
1699,depolarizing,0.05,0000,IIIII,IIIII,IIIII,0000,1,1
1700,depolarizing,0.05,0000,IIIII,IIIII,IIIII,0000,1,1
1701,depolarizing,0.05,0000,IIIII,IIIII,IIIII,0000,1,1
1702,depolarizing,0.05,0001,XIIII,XIIII,IIIII,0000,1,1
1703,depolarizing,0.05,0000,IIIII,IIIII,IIIII,0000,1,1
1704,depolarizing,0.05,0000,IIIII,IIIII,IIIII,0000,1,1
1705,depolarizing,0.05,0000,IIIII,IIIII,IIIII,0000,1,1
1706,depolarizing,0.05,0000,IIIII,IIIII,IIIII,0000,1,1
1707,depolarizing,0.05,0000,IIIII,IIIII,IIIII,0000,1,1
1708,depolarizing,0.05,0000,IIIII,IIIII,IIIII,0000,1,1
1709,depolarizing,0.05,0000,IIIII,IIIII,IIIII,0000,1,1
1710,depolarizing,0.05,0000,IIIII,IIIII,IIIII,0000,1,1
1711,depolarizing,0.05,0000,IIIII,IIIII,IIIII,0000,1,1
1712,depolarizing,0.05,0000,IIIII,IIIII,IIIII,0000,1,1
1713,depolarizing,0.05,0000,IIIII,IIIII,IIIII,0000,1,1
1714,depolarizing,0.05,0000,IIIII,IIIII,IIIII,0000,1,1
1715,depolarizing,0.05,0000,IIIII,IIIII,IIIII,0000,1,1
1716,depolarizing,0.05,0000,IIIII,IIIII,IIIII,0000,1,1
1717,depolarizing,0.05,0101,IZIII,IZIII,IIIII,0000,1,1
1718,depolarizing,0.05,0000,IIIII,IIIII,IIIII,0000,1,1
1719,depolarizing,0.05,0000,IIIII,IIIII,IIIII,0000,1,1
1720,depolarizing,0.05,0000,IIIII,IIIII,IIIII,0000,1,1
1721,depolarizing,0.05,0111,IIIIY,IXIII,IXIIY,1111,-1,0
1722,depolarizing,0.05,0000,IIIII,IIIII,IIIII,0000,1,1
1723,depolarizing,0.05,1100,IIIYX,IYIII,IYIYX,0001,-1,0
1724,depolarizing,0.05,0000,IIIII,IIIII,IIIII,0000,1,1
1725,depolarizing,0.05,0000,IIIII,IIIII,IIIII,0000,1,1
1726,depolarizing,0.05,0100,IIIIZ,YIIII,YIIIZ,1111,-1,0
1727,depolarizing,0.05,0000,IIIII,IIIII,IIIII,0000,1,1
1728,depolarizing,0.05,0000,IIIII,IIIII,IIIII,0000,1,1
1729,depolarizing,0.05,0000,IIIII,IIIII,IIIII,0000,1,1
1730,depolarizing,0.05,0000,IIIII,IIIII,IIIII,0000,1,1
1731,depolarizing,0.05,0000,IIIII,IIIII,IIIII,0000,1,1
1732,depolarizing,0.05,0000,IIIII,IIIII,IIIII,0000,1,1
1733,depolarizing,0.05,0000,IIIII,IIIII,IIIII,0000,1,1
1734,depolarizing,0.05,0000,IIIII,IIIII,IIIII,0000,1,1
1735,depolarizing,0.05,1010,ZIIII,XIIII,YIIII,1011,-1,0
1736,depolarizing,0.05,0000,IIIII,IIIII,IIIII,0000,1,1
1737,depolarizing,0.05,0000,IIIII,IIIII,IIIII,0000,1,1
1738,depolarizing,0.05,0000,IIIII,IIIII,IIIII,0000,1,1
1739,depolarizing,0.05,0000,IIIII,IIIII,IIIII,0000,1,1
1740,depolarizing,0.05,0000,IIIII,IIIII,IIIII,0000,1,1
1741,depolarizing,0.05,0001,XIIII,XIIII,IIIII,0000,1,1
1742,depolarizing,0.05,1101,IYIII,IIIIY,IYIIY,1010,-1,0
1743,depolarizing,0.05,0000,IIIII,IIIII,IIIII,0000,1,1
1744,depolarizing,0.05,0000,IIIII,IIIII,IIIII,0000,1,1
1745,depolarizing,0.05,0000,IIIII,IIIII,IIIII,0000,1,1
1746,depolarizing,0.05,0011,IIIIX,IXIII,IXIIX,1011,-1,0
1747,depolarizing,0.05,0000,IIIII,IIIII,IIIII,0000,1,1
1748,depolarizing,0.05,0000,IIIII,IIIII,IIIII,0000,1,1
1749,depolarizing,0.05,0000,IIIII,IIIII,IIIII,0000,1,1
1750,depolarizing,0.05,0000,IIIII,IIIII,IIIII,0000,1,1
1751,depolarizing,0.05,0000,IIIII,IIIII,IIIII,0000,1,1
1752,depolarizing,0.05,0000,IIIII,IIIII,IIIII,0000,1,1
1753,depolarizing,0.05,0000,IIIII,IIIII,IIIII,0000,1,1
1754,depolarizing,0.05,0000,IIIII,IIIII,IIIII,0000,1,1
1755,depolarizing,0.05,0000,IIIII,IIIII,IIIII,0000,1,1
1756,depolarizing,0.05,0000,IIIII,IIIII,IIIII,0000,1,1
1757,depolarizing,0.05,0110,IIIXI,IIIIY,IIIXY,0001,-1,0
1758,depolarizing,0.05,0000,IIIII,IIIII,IIIII,0000,1,1
1759,depolarizing,0.05,0000,IIIII,IIIII,IIIII,0000,1,1
1760,depolarizing,0.05,0000,IIIII,IIIII,IIIII,0000,1,1
1761,depolarizing,0.05,0000,IIIII,IIIII,IIIII,0000,1,1
1762,depolarizing,0.05,0110,IIZIZ,IIIIY,IIZIX,0001,-1,0
1763,depolarizing,0.05,0000,IIIII,IIIII,IIIII,0000,1,1
1764,depolarizing,0.05,0000,IIIII,IIIII,IIIII,0000,1,1
1765,depolarizing,0.05,0010,IIZII,YIIII,YIZII,1001,-1,0
1766,depolarizing,0.05,0000,IIIII,IIIII,IIIII,0000,1,1
1767,depolarizing,0.05,0000,IIIII,IIIII,IIIII,0000,1,1
1768,depolarizing,0.05,0000,IIIII,IIIII,IIIII,0000,1,1
1769,depolarizing,0.05,0000,IIIII,IIIII,IIIII,0000,1,1
1770,depolarizing,0.05,0000,IIIII,IIIII,IIIII,0000,1,1
1771,depolarizing,0.05,0000,IIIII,IIIII,IIIII,0000,1,1
1772,depolarizing,0.05,0000,IIIII,IIIII,IIIII,0000,1,1
1773,depolarizing,0.05,0000,IIIII,IIIII,IIIII,0000,1,1
1774,depolarizing,0.05,1000,IXIII,IXIII,IIIII,0000,1,1
1775,depolarizing,0.05,0000,IIIII,IIIII,IIIII,0000,1,1
1776,depolarizing,0.05,0000,IIIII,IIIII,IIIII,0000,1,1
1777,depolarizing,0.05,0000,IIIII,IIIII,IIIII,0000,1,1
1778,depolarizing,0.05,0000,IIIII,IIIII,IIIII,0000,1,1
1779,depolarizing,0.05,0110,IIZIZ,IIIIY,IIZIX,0001,-1,0
1780,depolarizing,0.05,0000,IIIII,IIIII,IIIII,0000,1,1
1781,depolarizing,0.05,1111,IIIYI,IIYII,IIYYI,0001,-1,0
1782,depolarizing,0.05,1111,IIIYI,IIYII,IIYYI,0001,-1,0
1783,depolarizing,0.05,0000,IIIII,IIIII,IIIII,0000,1,1
1784,depolarizing,0.05,0000,IIIII,IIIII,IIIII,0000,1,1
1785,depolarizing,0.05,0000,IIIII,IIIII,IIIII,0000,1,1
1786,depolarizing,0.05,0000,IIIII,IIIII,IIIII,0000,1,1
1787,depolarizing,0.05,0000,IIIII,IIIII,IIIII,0000,1,1
1788,depolarizing,0.05,0000,IIIII,IIIII,IIIII,0000,1,1
1789,depolarizing,0.05,0000,IIIII,IIIII,IIIII,0000,1,1
1790,depolarizing,0.05,0000,IIIII,IIIII,IIIII,0000,1,1
1791,depolarizing,0.05,0000,IIIII,IIIII,IIIII,0000,1,1
1792,depolarizing,0.05,0110,IIIXI,IIIIY,IIIXY,0001,-1,0
1793,depolarizing,0.05,0110,IIIXI,IIIIY,IIIXY,0001,-1,0
1794,depolarizing,0.05,0000,IIIII,IIIII,IIIII,0000,1,1
1795,depolarizing,0.05,0000,IIIII,IIIII,IIIII,0000,1,1
1796,depolarizing,0.05,0000,IIIII,IIIII,IIIII,0000,1,1
1797,depolarizing,0.05,0000,IIIII,IIIII,IIIII,0000,1,1
1798,depolarizing,0.05,0000,IIIII,IIIII,IIIII,0000,1,1
1799,depolarizing,0.05,0100,ZIYII,YIIII,XIYII,1111,-1,0
1800,depolarizing,0.05,0000,IIIII,IIIII,IIIII,0000,1,1
1801,depolarizing,0.05,0000,IIIII,IIIII,IIIII,0000,1,1
1802,depolarizing,0.05,0000,IIIII,IIIII,IIIII,0000,1,1
1803,depolarizing,0.05,1110,IIYII,IZIII,IZYII,1011,-1,0
1804,depolarizing,0.05,0000,IIIII,IIIII,IIIII,0000,1,1
1805,depolarizing,0.05,0000,IIIII,IIIII,IIIII,0000,1,1
1806,depolarizing,0.05,1001,IIIZI,IXIII,IXIZI,0001,-1,0
1807,depolarizing,0.05,0000,IIIII,IIIII,IIIII,0000,1,1
1808,depolarizing,0.05,0000,IIIII,IIIII,IIIII,0000,1,1
1809,depolarizing,0.05,0000,IIIII,IIIII,IIIII,0000,1,1
1810,depolarizing,0.05,0000,IIIII,IIIII,IIIII,0000,1,1
1811,depolarizing,0.05,0000,IIIII,IIIII,IIIII,0000,1,1
1812,depolarizing,0.05,0000,IIIII,IIIII,IIIII,0000,1,1
1813,depolarizing,0.05,0000,IIIII,IIIII,IIIII,0000,1,1
1814,depolarizing,0.05,0000,IIIII,IIIII,IIIII,0000,1,1
1815,depolarizing,0.05,0000,IIIII,IIIII,IIIII,0000,1,1
1816,depolarizing,0.05,0000,IIIII,IIIII,IIIII,0000,1,1
1817,depolarizing,0.05,0100,IIIIZ,YIIII,YIIIZ,1111,-1,0
1818,depolarizing,0.05,0000,IIIII,IIIII,IIIII,0000,1,1
1819,depolarizing,0.05,0000,IIIII,IIIII,IIIII,0000,1,1
1820,depolarizing,0.05,0001,XIIII,XIIII,IIIII,0000,1,1
1821,depolarizing,0.05,1111,IIIYI,IIYII,IIYYI,0001,-1,0
1822,depolarizing,0.05,0100,IIIIZ,YIIII,YIIIZ,1111,-1,0
1823,depolarizing,0.05,0101,IZIII,IZIII,IIIII,0000,1,1
1824,depolarizing,0.05,0000,IIIII,IIIII,IIIII,0000,1,1
1825,depolarizing,0.05,1010,ZIIII,XIIII,YIIII,1011,-1,0
1826,depolarizing,0.05,0000,IIIII,IIIII,IIIII,0000,1,1
1827,depolarizing,0.05,0000,IIIII,IIIII,IIIII,0000,1,1
1828,depolarizing,0.05,1000,IXIII,IXIII,IIIII,0000,1,1
1829,depolarizing,0.05,0000,IIIII,IIIII,IIIII,0000,1,1
1830,depolarizing,0.05,0000,IIIII,IIIII,IIIII,0000,1,1
1831,depolarizing,0.05,0000,IIIII,IIIII,IIIII,0000,1,1
1832,depolarizing,0.05,0000,IIIII,IIIII,IIIII,0000,1,1
1833,depolarizing,0.05,0000,IIIII,IIIII,IIIII,0000,1,1
1834,depolarizing,0.05,0000,IIIII,IIIII,IIIII,0000,1,1
1835,depolarizing,0.05,0000,IIIII,IIIII,IIIII,0000,1,1
1836,depolarizing,0.05,0000,IIIII,IIIII,IIIII,0000,1,1
1837,depolarizing,0.05,0000,IIIII,IIIII,IIIII,0000,1,1
1838,depolarizing,0.05,0000,IIIII,IIIII,IIIII,0000,1,1
1839,depolarizing,0.05,0000,IIIII,IIIII,IIIII,0000,1,1
1840,depolarizing,0.05,0000,IIIII,IIIII,IIIII,0000,1,1
1841,depolarizing,0.05,0000,IIIII,IIIII,IIIII,0000,1,1
1842,depolarizing,0.05,0000,IIIII,IIIII,IIIII,0000,1,1
1843,depolarizing,0.05,0000,IIIII,IIIII,IIIII,0000,1,1
1844,depolarizing,0.05,0000,IIIII,IIIII,IIIII,0000,1,1
1845,depolarizing,0.05,0000,IIIII,IIIII,IIIII,0000,1,1
1846,depolarizing,0.05,0000,IIIII,IIIII,IIIII,0000,1,1
1847,depolarizing,0.05,0000,IIIII,IIIII,IIIII,0000,1,1
1848,depolarizing,0.05,0000,IIIII,IIIII,IIIII,0000,1,1
1849,depolarizing,0.05,1011,YIIII,YIIII,IIIII,0000,1,1
1850,depolarizing,0.05,0000,IIIII,IIIII,IIIII,0000,1,1
1851,depolarizing,0.05,1101,IYIII,IIIIY,IYIIY,1010,-1,0
1852,depolarizing,0.05,0000,IIIII,IIIII,IIIII,0000,1,1
1853,depolarizing,0.05,0100,IIIIZ,YIIII,YIIIZ,1111,-1,0
1854,depolarizing,0.05,0000,IIIII,IIIII,IIIII,0000,1,1
1855,depolarizing,0.05,0000,IIIII,IIIII,IIIII,0000,1,1
1856,depolarizing,0.05,0100,IIIIZ,YIIII,YIIIZ,1111,-1,0
1857,depolarizing,0.05,0000,IIIII,IIIII,IIIII,0000,1,1
1858,depolarizing,0.05,0000,IIIII,IIIII,IIIII,0000,1,1
1859,depolarizing,0.05,0000,IIIII,IIIII,IIIII,0000,1,1
1860,depolarizing,0.05,1101,IYIII,IIIIY,IYIIY,1010,-1,0
1861,depolarizing,0.05,0010,IIZII,YIIII,YIZII,1001,-1,0
1862,depolarizing,0.05,1110,IIYII,IZIII,IZYII,1011,-1,0
1863,depolarizing,0.05,0000,IIIII,IIIII,IIIII,0000,1,1
1864,depolarizing,0.05,0000,IIIII,IIIII,IIIII,0000,1,1
1865,depolarizing,0.05,0000,IIIII,IIIII,IIIII,0000,1,1
1866,depolarizing,0.05,0000,IIIII,IIIII,IIIII,0000,1,1
1867,depolarizing,0.05,1100,IIXII,IYIII,IYXII,0001,-1,0
1868,depolarizing,0.05,0000,IIIII,IIIII,IIIII,0000,1,1
1869,depolarizing,0.05,0000,IIIII,IIIII,IIIII,0000,1,1
1870,depolarizing,0.05,0000,IIIII,IIIII,IIIII,0000,1,1
1871,depolarizing,0.05,0000,IIIII,IIIII,IIIII,0000,1,1
1872,depolarizing,0.05,1011,YIIII,YIIII,IIIII,0000,1,1
1873,depolarizing,0.05,0000,IIIII,IIIII,IIIII,0000,1,1
1874,depolarizing,0.05,0000,IIIII,IIIII,IIIII,0000,1,1
1875,depolarizing,0.05,0100,IIIIZ,YIIII,YIIIZ,1111,-1,0
1876,depolarizing,0.05,1101,IYIII,IIIIY,IYIIY,1010,-1,0
1877,depolarizing,0.05,0000,IIIII,IIIII,IIIII,0000,1,1
1878,depolarizing,0.05,0000,IIIII,IIIII,IIIII,0000,1,1
1879,depolarizing,0.05,0000,IIIII,IIIII,IIIII,0000,1,1
1880,depolarizing,0.05,0000,IIIII,IIIII,IIIII,0000,1,1
1881,depolarizing,0.05,0100,IIIIZ,YIIII,YIIIZ,1111,-1,0
1882,depolarizing,0.05,0001,XIIII,XIIII,IIIII,0000,1,1
1883,depolarizing,0.05,0000,IIIII,IIIII,IIIII,0000,1,1
1884,depolarizing,0.05,0000,IIIII,IIIII,IIIII,0000,1,1
1885,depolarizing,0.05,0000,IIIII,IIIII,IIIII,0000,1,1
1886,depolarizing,0.05,1001,IIIZI,IXIII,IXIZI,0001,-1,0
1887,depolarizing,0.05,0100,IIIIZ,YIIII,YIIIZ,1111,-1,0
1888,depolarizing,0.05,0000,IIIII,IIIII,IIIII,0000,1,1
1889,depolarizing,0.05,0000,IIIII,IIIII,IIIII,0000,1,1
1890,depolarizing,0.05,0000,IIIII,IIIII,IIIII,0000,1,1
1891,depolarizing,0.05,0000,IIIII,IIIII,IIIII,0000,1,1
1892,depolarizing,0.05,1101,XIXII,IIIIY,XIXIY,1010,-1,0
1893,depolarizing,0.05,0000,IIIII,IIIII,IIIII,0000,1,1
1894,depolarizing,0.05,0000,IIIII,IIIII,IIIII,0000,1,1
1895,depolarizing,0.05,0000,IIIII,IIIII,IIIII,0000,1,1
1896,depolarizing,0.05,0000,IIIII,IIIII,IIIII,0000,1,1
1897,depolarizing,0.05,0000,IIIII,IIIII,IIIII,0000,1,1
1898,depolarizing,0.05,0000,IIIII,IIIII,IIIII,0000,1,1
1899,depolarizing,0.05,1001,IIIZI,IXIII,IXIZI,0001,-1,0
1900,depolarizing,0.05,0000,IIIII,IIIII,IIIII,0000,1,1
1901,depolarizing,0.05,0000,IIIII,IIIII,IIIII,0000,1,1
1902,depolarizing,0.05,0000,IIIII,IIIII,IIIII,0000,1,1
1903,depolarizing,0.05,0101,IIIXX,IZIII,IZIXX,0000,-1,0
1904,depolarizing,0.05,0000,IIIII,IIIII,IIIII,0000,1,1
1905,depolarizing,0.05,0000,IIIII,IIIII,IIIII,0000,1,1
1906,depolarizing,0.05,0000,IIIII,IIIII,IIIII,0000,1,1
1907,depolarizing,0.05,1001,IIIZI,IXIII,IXIZI,0001,-1,0
1908,depolarizing,0.05,0000,IIIII,IIIII,IIIII,0000,1,1
1909,depolarizing,0.05,0000,IIIII,IIIII,IIIII,0000,1,1
1910,depolarizing,0.05,0000,IIIII,IIIII,IIIII,0000,1,1
1911,depolarizing,0.05,0000,IIIII,IIIII,IIIII,0000,1,1
1912,depolarizing,0.05,0111,IIIIY,IXIII,IXIIY,1111,-1,0
1913,depolarizing,0.05,0000,IIIII,IIIII,IIIII,0000,1,1
1914,depolarizing,0.05,0011,XIZII,IXIII,XXZII,1011,-1,0
1915,depolarizing,0.05,0000,IIIII,IIIII,IIIII,0000,1,1
1916,depolarizing,0.05,0000,IIIII,IIIII,IIIII,0000,1,1
1917,depolarizing,0.05,0000,IIIII,IIIII,IIIII,0000,1,1
1918,depolarizing,0.05,0000,IIIII,IIIII,IIIII,0000,1,1
1919,depolarizing,0.05,0000,IIIII,IIIII,IIIII,0000,1,1
1920,depolarizing,0.05,0000,IIIII,IIIII,IIIII,0000,1,1
1921,depolarizing,0.05,0000,IIIII,IIIII,IIIII,0000,1,1
1922,depolarizing,0.05,0000,IIIII,IIIII,IIIII,0000,1,1
1923,depolarizing,0.05,0000,IIIII,IIIII,IIIII,0000,1,1
1924,depolarizing,0.05,0000,IIIII,IIIII,IIIII,0000,1,1
1925,depolarizing,0.05,1111,IIIYI,IIYII,IIYYI,0001,-1,0
1926,depolarizing,0.05,0000,IIIII,IIIII,IIIII,0000,1,1
1927,depolarizing,0.05,0000,IIIII,IIIII,IIIII,0000,1,1
1928,depolarizing,0.05,0000,IIIII,IIIII,IIIII,0000,1,1
1929,depolarizing,0.05,0000,IIIII,IIIII,IIIII,0000,1,1
1930,depolarizing,0.05,0000,IIIII,IIIII,IIIII,0000,1,1
1931,depolarizing,0.05,0111,IIIIY,IXIII,IXIIY,1111,-1,0
1932,depolarizing,0.05,0000,IIIII,IIIII,IIIII,0000,1,1
1933,depolarizing,0.05,0000,IIIII,IIIII,IIIII,0000,1,1
1934,depolarizing,0.05,0000,IIIII,IIIII,IIIII,0000,1,1
1935,depolarizing,0.05,0000,IIIII,IIIII,IIIII,0000,1,1
1936,depolarizing,0.05,0000,IIIII,IIIII,IIIII,0000,1,1
1937,depolarizing,0.05,0000,IIIII,IIIII,IIIII,0000,1,1
1938,depolarizing,0.05,0000,IIIII,IIIII,IIIII,0000,1,1
1939,depolarizing,0.05,0000,IIIII,IIIII,IIIII,0000,1,1
1940,depolarizing,0.05,0000,IIIII,IIIII,IIIII,0000,1,1
1941,depolarizing,0.05,0000,IIIII,IIIII,IIIII,0000,1,1
1942,depolarizing,0.05,0000,IIIII,IIIII,IIIII,0000,1,1
1943,depolarizing,0.05,1011,YIIII,YIIII,IIIII,0000,1,1
1944,depolarizing,0.05,0000,IIIII,IIIII,IIIII,0000,1,1
1945,depolarizing,0.05,0000,IIIII,IIIII,IIIII,0000,1,1
1946,depolarizing,0.05,0000,IIIII,IIIII,IIIII,0000,1,1
1947,depolarizing,0.05,0000,IIIII,IIIII,IIIII,0000,1,1
1948,depolarizing,0.05,0000,IIIII,IIIII,IIIII,0000,1,1
1949,depolarizing,0.05,0000,IIIII,IIIII,IIIII,0000,1,1
1950,depolarizing,0.05,0000,IIIII,IIIII,IIIII,0000,1,1
1951,depolarizing,0.05,0000,IIIII,IIIII,IIIII,0000,1,1
1952,depolarizing,0.05,0000,IIIII,IIIII,IIIII,0000,1,1
1953,depolarizing,0.05,0000,IIIII,IIIII,IIIII,0000,1,1
1954,depolarizing,0.05,0000,IIIII,IIIII,IIIII,0000,1,1
1955,depolarizing,0.05,0000,IIIII,IIIII,IIIII,0000,1,1
1956,depolarizing,0.05,0000,IIIII,IIIII,IIIII,0000,1,1
1957,depolarizing,0.05,0000,IIIII,IIIII,IIIII,0000,1,1
1958,depolarizing,0.05,0000,IIIII,IIIII,IIIII,0000,1,1
1959,depolarizing,0.05,0000,IIIII,IIIII,IIIII,0000,1,1
1960,depolarizing,0.05,0000,IIIII,IIIII,IIIII,0000,1,1
1961,depolarizing,0.05,0000,IIIII,IIIII,IIIII,0000,1,1
1962,depolarizing,0.05,1100,IIXII,IYIII,IYXII,0001,-1,0
1963,depolarizing,0.05,0000,IIIII,IIIII,IIIII,0000,1,1
1964,depolarizing,0.05,0000,IIIII,IIIII,IIIII,0000,1,1
1965,depolarizing,0.05,0000,IIIII,IIIII,IIIII,0000,1,1
1966,depolarizing,0.05,0000,IIIII,IIIII,IIIII,0000,1,1
1967,depolarizing,0.05,0000,IIIII,IIIII,IIIII,0000,1,1
1968,depolarizing,0.05,0000,IIIII,IIIII,IIIII,0000,1,1
1969,depolarizing,0.05,0000,IIIII,IIIII,IIIII,0000,1,1
1970,depolarizing,0.05,0000,IIIII,IIIII,IIIII,0000,1,1
1971,depolarizing,0.05,0000,IIIII,IIIII,IIIII,0000,1,1
1972,depolarizing,0.05,0000,IIIII,IIIII,IIIII,0000,1,1
1973,depolarizing,0.05,0000,IIIII,IIIII,IIIII,0000,1,1
1974,depolarizing,0.05,0000,IIIII,IIIII,IIIII,0000,1,1
1975,depolarizing,0.05,1110,IIYII,IZIII,IZYII,1011,-1,0
1976,depolarizing,0.05,1110,IIYII,IZIII,IZYII,1011,-1,0
1977,depolarizing,0.05,0000,IIIII,IIIII,IIIII,0000,1,1
1978,depolarizing,0.05,0000,IIIII,IIIII,IIIII,0000,1,1
1979,depolarizing,0.05,0000,IIIII,IIIII,IIIII,0000,1,1
1980,depolarizing,0.05,0000,IIIII,IIIII,IIIII,0000,1,1
1981,depolarizing,0.05,1000,IXIII,IXIII,IIIII,0000,1,1
1982,depolarizing,0.05,0000,IIIII,IIIII,IIIII,0000,1,1
1983,depolarizing,0.05,0000,IIIII,IIIII,IIIII,0000,1,1
1984,depolarizing,0.05,0000,IIIII,IIIII,IIIII,0000,1,1
1985,depolarizing,0.05,0000,IIIII,IIIII,IIIII,0000,1,1
1986,depolarizing,0.05,0000,IIIII,IIIII,IIIII,0000,1,1
1987,depolarizing,0.05,0000,IIIII,IIIII,IIIII,0000,1,1
1988,depolarizing,0.05,1001,IIIZI,IXIII,IXIZI,0001,-1,0
1989,depolarizing,0.05,0001,XIIII,XIIII,IIIII,0000,1,1
1990,depolarizing,0.05,0000,IIIII,IIIII,IIIII,0000,1,1
1991,depolarizing,0.05,0000,IIIII,IIIII,IIIII,0000,1,1
1992,depolarizing,0.05,0000,IIIII,IIIII,IIIII,0000,1,1
1993,depolarizing,0.05,0101,IZIII,IZIII,IIIII,0000,1,1
1994,depolarizing,0.05,0000,IIIII,IIIII,IIIII,0000,1,1
1995,depolarizing,0.05,0110,IIIXI,IIIIY,IIIXY,0001,-1,0
1996,depolarizing,0.05,0000,IIIII,IIIII,IIIII,0000,1,1
1997,depolarizing,0.05,0000,IIIII,IIIII,IIIII,0000,1,1
1998,depolarizing,0.05,0000,IIIII,IIIII,IIIII,0000,1,1
1999,depolarizing,0.05,0000,IIIII,IIIII,IIIII,0000,1,1
2000,depolarizing,0.05,0101,ZIIYI,IZIII,ZZIYI,0000,-1,0
2001,depolarizing,0.05,0000,IIIII,IIIII,IIIII,0000,1,1
2002,depolarizing,0.05,0000,IIIII,IIIII,IIIII,0000,1,1
2003,depolarizing,0.05,0000,IIIII,IIIII,IIIII,0000,1,1
2004,depolarizing,0.05,0000,IIIII,IIIII,IIIII,0000,1,1
2005,depolarizing,0.05,0000,IIIII,IIIII,IIIII,0000,1,1
2006,depolarizing,0.05,0000,IIIII,IIIII,IIIII,0000,1,1
2007,depolarizing,0.05,0010,IIZII,YIIII,YIZII,1001,-1,0
2008,depolarizing,0.05,0000,IIIII,IIIII,IIIII,0000,1,1
2009,depolarizing,0.05,0000,IIIII,IIIII,IIIII,0000,1,1
2010,depolarizing,0.05,0000,IIIII,IIIII,IIIII,0000,1,1
2011,depolarizing,0.05,0000,IIIII,IIIII,IIIII,0000,1,1
2012,depolarizing,0.05,0000,IIIII,IIIII,IIIII,0000,1,1
2013,depolarizing,0.05,0000,IIIII,IIIII,IIIII,0000,1,1
2014,depolarizing,0.05,0011,IIIIX,IXIII,IXIIX,1011,-1,0
2015,depolarizing,0.05,0000,IIIII,IIIII,IIIII,0000,1,1
2016,depolarizing,0.05,0000,IIIII,IIIII,IIIII,0000,1,1
2017,depolarizing,0.05,0100,IIIIZ,YIIII,YIIIZ,1111,-1,0
2018,depolarizing,0.05,0000,IIIII,IIIII,IIIII,0000,1,1
2019,depolarizing,0.05,0000,IIIII,IIIII,IIIII,0000,1,1
2020,depolarizing,0.05,0000,IIIII,IIIII,IIIII,0000,1,1
2021,depolarizing,0.05,0000,IIIII,IIIII,IIIII,0000,1,1
2022,depolarizing,0.05,0000,IIIII,IIIII,IIIII,0000,1,1
2023,depolarizing,0.05,0000,IIIII,IIIII,IIIII,0000,1,1
2024,depolarizing,0.05,0011,IIIIX,IXIII,IXIIX,1011,-1,0
2025,depolarizing,0.05,0000,IIIII,IIIII,IIIII,0000,1,1
2026,depolarizing,0.05,0000,IIIII,IIIII,IIIII,0000,1,1
2027,depolarizing,0.05,0000,IIIII,IIIII,IIIII,0000,1,1
2028,depolarizing,0.05,0000,IIIII,IIIII,IIIII,0000,1,1
2029,depolarizing,0.05,0000,IIIII,IIIII,IIIII,0000,1,1
2030,depolarizing,0.05,0000,IIIII,IIIII,IIIII,0000,1,1
2031,depolarizing,0.05,0000,IIIII,IIIII,IIIII,0000,1,1
2032,depolarizing,0.05,1111,IIIYI,IIYII,IIYYI,0001,-1,0
2033,depolarizing,0.05,0000,IIIII,IIIII,IIIII,0000,1,1
2034,depolarizing,0.05,0010,IZIIY,YIIII,YZIIY,1001,-1,0
2035,depolarizing,0.05,0000,IIIII,IIIII,IIIII,0000,1,1
2036,depolarizing,0.05,0000,IIIII,IIIII,IIIII,0000,1,1
2037,depolarizing,0.05,0000,IIIII,IIIII,IIIII,0000,1,1
2038,depolarizing,0.05,0000,IIIII,IIIII,IIIII,0000,1,1
2039,depolarizing,0.05,0000,IIIII,IIIII,IIIII,0000,1,1
2040,depolarizing,0.05,1001,IIIZI,IXIII,IXIZI,0001,-1,0
2041,depolarizing,0.05,0000,IIIII,IIIII,IIIII,0000,1,1
2042,depolarizing,0.05,1111,IIIYI,IIYII,IIYYI,0001,-1,0
2043,depolarizing,0.05,0000,IIIII,IIIII,IIIII,0000,1,1
2044,depolarizing,0.05,0100,IIIIZ,YIIII,YIIIZ,1111,-1,0
2045,depolarizing,0.05,0000,IIIII,IIIII,IIIII,0000,1,1
2046,depolarizing,0.05,0000,IIIII,IIIII,IIIII,0000,1,1
2047,depolarizing,0.05,0000,IIIII,IIIII,IIIII,0000,1,1
2048,depolarizing,0.05,0000,IIIII,IIIII,IIIII,0000,1,1
2049,depolarizing,0.05,0000,IIIII,IIIII,IIIII,0000,1,1
2050,depolarizing,0.05,0000,IIIII,IIIII,IIIII,0000,1,1
2051,depolarizing,0.05,1100,IIXII,IYIII,IYXII,0001,-1,0
2052,depolarizing,0.05,1010,ZIIII,XIIII,YIIII,1011,-1,0
2053,depolarizing,0.05,0000,IIIII,IIIII,IIIII,0000,1,1
2054,depolarizing,0.05,0000,IIIII,IIIII,IIIII,0000,1,1
2055,depolarizing,0.05,0000,IIIII,IIIII,IIIII,0000,1,1
2056,depolarizing,0.05,1101,IYIII,IIIIY,IYIIY,1010,-1,0
2057,depolarizing,0.05,0000,IIIII,IIIII,IIIII,0000,1,1
2058,depolarizing,0.05,0000,IIIII,IIIII,IIIII,0000,1,1
2059,depolarizing,0.05,0000,IIIII,IIIII,IIIII,0000,1,1
2060,depolarizing,0.05,0000,IIIII,IIIII,IIIII,0000,1,1
2061,depolarizing,0.05,0000,IIIII,IIIII,IIIII,0000,1,1
2062,depolarizing,0.05,0000,IIIII,IIIII,IIIII,0000,1,1
2063,depolarizing,0.05,0000,IIIII,IIIII,IIIII,0000,1,1
2064,depolarizing,0.05,0000,IIIII,IIIII,IIIII,0000,1,1
2065,depolarizing,0.05,0000,IIIII,IIIII,IIIII,0000,1,1
2066,depolarizing,0.05,1001,IIIZI,IXIII,IXIZI,0001,-1,0
2067,depolarizing,0.05,0000,IIIII,IIIII,IIIII,0000,1,1
2068,depolarizing,0.05,0000,IIIII,IIIII,IIIII,0000,1,1
2069,depolarizing,0.05,0000,IIIII,IIIII,IIIII,0000,1,1
2070,depolarizing,0.05,1010,ZIIII,XIIII,YIIII,1011,-1,0
2071,depolarizing,0.05,0000,IIIII,IIIII,IIIII,0000,1,1
2072,depolarizing,0.05,1001,IXZIX,IXIII,IIZIX,0001,-1,0
2073,depolarizing,0.05,0000,IIIII,IIIII,IIIII,0000,1,1
2074,depolarizing,0.05,0000,IIIII,IIIII,IIIII,0000,1,1
2075,depolarizing,0.05,0000,IIIII,IIIII,IIIII,0000,1,1
2076,depolarizing,0.05,0000,IIIII,IIIII,IIIII,0000,1,1
2077,depolarizing,0.05,0000,IIIII,IIIII,IIIII,0000,1,1
2078,depolarizing,0.05,1110,IIYII,IZIII,IZYII,1011,-1,0
2079,depolarizing,0.05,0000,IIIII,IIIII,IIIII,0000,1,1
2080,depolarizing,0.05,0000,IIIII,IIIII,IIIII,0000,1,1
2081,depolarizing,0.05,0111,IIIIY,IXIII,IXIIY,1111,-1,0
2082,depolarizing,0.05,0000,IIIII,IIIII,IIIII,0000,1,1
2083,depolarizing,0.05,0000,IIIII,IIIII,IIIII,0000,1,1
2084,depolarizing,0.05,0000,IIIII,IIIII,IIIII,0000,1,1
2085,depolarizing,0.05,0000,IIIII,IIIII,IIIII,0000,1,1
2086,depolarizing,0.05,0000,IIIII,IIIII,IIIII,0000,1,1
2087,depolarizing,0.05,0100,IIIIZ,YIIII,YIIIZ,1111,-1,0
2088,depolarizing,0.05,0000,IIIII,IIIII,IIIII,0000,1,1
2089,depolarizing,0.05,0000,IIIII,IIIII,IIIII,0000,1,1
2090,depolarizing,0.05,0000,IIIII,IIIII,IIIII,0000,1,1
2091,depolarizing,0.05,0000,IIIII,IIIII,IIIII,0000,1,1
2092,depolarizing,0.05,0001,XIIII,XIIII,IIIII,0000,1,1
2093,depolarizing,0.05,0100,IIIIZ,YIIII,YIIIZ,1111,-1,0
2094,depolarizing,0.05,0000,IIIII,IIIII,IIIII,0000,1,1
2095,depolarizing,0.05,0000,IIIII,IIIII,IIIII,0000,1,1
2096,depolarizing,0.05,0001,XIIII,XIIII,IIIII,0000,1,1
2097,depolarizing,0.05,0000,IIIII,IIIII,IIIII,0000,1,1
2098,depolarizing,0.05,0000,IIIII,IIIII,IIIII,0000,1,1
2099,depolarizing,0.05,0000,IIIII,IIIII,IIIII,0000,1,1
2100,depolarizing,0.05,0000,IIIII,IIIII,IIIII,0000,1,1
2101,depolarizing,0.05,0000,IIIII,IIIII,IIIII,0000,1,1
2102,depolarizing,0.05,0000,IIIII,IIIII,IIIII,0000,1,1
2103,depolarizing,0.05,0000,IIIII,IIIII,IIIII,0000,1,1
2104,depolarizing,0.05,0000,IIIII,IIIII,IIIII,0000,1,1
2105,depolarizing,0.05,0000,IIIII,IIIII,IIIII,0000,1,1
2106,depolarizing,0.05,0000,IIIII,IIIII,IIIII,0000,1,1
2107,depolarizing,0.05,0000,IIIII,IIIII,IIIII,0000,1,1
2108,depolarizing,0.05,0000,IIIII,IIIII,IIIII,0000,1,1
2109,depolarizing,0.05,0000,IIIII,IIIII,IIIII,0000,1,1
2110,depolarizing,0.05,0011,IIIIX,IXIII,IXIIX,1011,-1,0
2111,depolarizing,0.05,0000,IIIII,IIIII,IIIII,0000,1,1
2112,depolarizing,0.05,1101,IYIII,IIIIY,IYIIY,1010,-1,0
2113,depolarizing,0.05,0001,XIIII,XIIII,IIIII,0000,1,1
2114,depolarizing,0.05,0000,IIIII,IIIII,IIIII,0000,1,1
2115,depolarizing,0.05,0000,IIIII,IIIII,IIIII,0000,1,1
2116,depolarizing,0.05,0000,IIIII,IIIII,IIIII,0000,1,1
2117,depolarizing,0.05,0001,IZIIZ,XIIII,XZIIZ,0000,-1,0
2118,depolarizing,0.05,0000,IIIII,IIIII,IIIII,0000,1,1
2119,depolarizing,0.05,0000,IIIII,IIIII,IIIII,0000,1,1
2120,depolarizing,0.05,0000,IIIII,IIIII,IIIII,0000,1,1
2121,depolarizing,0.05,0000,IIIII,IIIII,IIIII,0000,1,1
2122,depolarizing,0.05,0000,IIIII,IIIII,IIIII,0000,1,1
2123,depolarizing,0.05,0000,IIIII,IIIII,IIIII,0000,1,1
2124,depolarizing,0.05,0000,IIIII,IIIII,IIIII,0000,1,1
2125,depolarizing,0.05,0000,IIIII,IIIII,IIIII,0000,1,1
2126,depolarizing,0.05,0000,IIIII,IIIII,IIIII,0000,1,1
2127,depolarizing,0.05,0000,IIIII,IIIII,IIIII,0000,1,1
2128,depolarizing,0.05,0000,IIIII,IIIII,IIIII,0000,1,1
2129,depolarizing,0.05,0000,IIIII,IIIII,IIIII,0000,1,1
2130,depolarizing,0.05,1000,IXIII,IXIII,IIIII,0000,1,1
2131,depolarizing,0.05,0000,IIIII,IIIII,IIIII,0000,1,1
2132,depolarizing,0.05,0000,IIIII,IIIII,IIIII,0000,1,1
2133,depolarizing,0.05,0000,IIIII,IIIII,IIIII,0000,1,1
2134,depolarizing,0.05,0110,IIIXI,IIIIY,IIIXY,0001,-1,0
2135,depolarizing,0.05,0000,IIIII,IIIII,IIIII,0000,1,1
2136,depolarizing,0.05,0101,IZIII,IZIII,IIIII,0000,1,1
2137,depolarizing,0.05,0011,IIIIX,IXIII,IXIIX,1011,-1,0
2138,depolarizing,0.05,0000,IIIII,IIIII,IIIII,0000,1,1
2139,depolarizing,0.05,0001,IIYYI,XIIII,XIYYI,0000,-1,0
2140,depolarizing,0.05,0000,IIIII,IIIII,IIIII,0000,1,1
2141,depolarizing,0.05,0000,IIIII,IIIII,IIIII,0000,1,1
2142,depolarizing,0.05,1011,YIIII,YIIII,IIIII,0000,1,1
2143,depolarizing,0.05,0000,IIIII,IIIII,IIIII,0000,1,1
2144,depolarizing,0.05,0010,IIZII,YIIII,YIZII,1001,-1,0
2145,depolarizing,0.05,0110,IIIXI,IIIIY,IIIXY,0001,-1,0
2146,depolarizing,0.05,0000,IIIII,IIIII,IIIII,0000,1,1
2147,depolarizing,0.05,0000,IIIII,IIIII,IIIII,0000,1,1
2148,depolarizing,0.05,0000,IIIII,IIIII,IIIII,0000,1,1
2149,depolarizing,0.05,0000,IIIII,IIIII,IIIII,0000,1,1
2150,depolarizing,0.05,0000,IIIII,IIIII,IIIII,0000,1,1
2151,depolarizing,0.05,0000,IIIII,IIIII,IIIII,0000,1,1
2152,depolarizing,0.05,0000,IIIII,IIIII,IIIII,0000,1,1
2153,depolarizing,0.05,0000,IIIII,IIIII,IIIII,0000,1,1
2154,depolarizing,0.05,0111,IIIIY,IXIII,IXIIY,1111,-1,0
2155,depolarizing,0.05,1000,XIIZI,IXIII,XXIZI,0000,-1,0
2156,depolarizing,0.05,0000,IIIII,IIIII,IIIII,0000,1,1
2157,depolarizing,0.05,0000,IIIII,IIIII,IIIII,0000,1,1
2158,depolarizing,0.05,0000,IIIII,IIIII,IIIII,0000,1,1
2159,depolarizing,0.05,0000,IIIII,IIIII,IIIII,0000,1,1
2160,depolarizing,0.05,0011,XIZII,IXIII,XXZII,1011,-1,0
2161,depolarizing,0.05,1000,IXIII,IXIII,IIIII,0000,1,1
2162,depolarizing,0.05,0010,IIZII,YIIII,YIZII,1001,-1,0
2163,depolarizing,0.05,0000,IIIII,IIIII,IIIII,0000,1,1
2164,depolarizing,0.05,0000,IIIII,IIIII,IIIII,0000,1,1
2165,depolarizing,0.05,0000,IIIII,IIIII,IIIII,0000,1,1
2166,depolarizing,0.05,0000,IIIII,IIIII,IIIII,0000,1,1
2167,depolarizing,0.05,0000,IIIII,IIIII,IIIII,0000,1,1
2168,depolarizing,0.05,0000,IIIII,IIIII,IIIII,0000,1,1
2169,depolarizing,0.05,0000,IIIII,IIIII,IIIII,0000,1,1
2170,depolarizing,0.05,0000,IIIII,IIIII,IIIII,0000,1,1
2171,depolarizing,0.05,0000,IIIII,IIIII,IIIII,0000,1,1
2172,depolarizing,0.05,0101,ZIIYI,IZIII,ZZIYI,0000,-1,0
2173,depolarizing,0.05,0000,IIIII,IIIII,IIIII,0000,1,1
2174,depolarizing,0.05,0000,IIIII,IIIII,IIIII,0000,1,1
2175,depolarizing,0.05,0000,IIIII,IIIII,IIIII,0000,1,1
2176,depolarizing,0.05,0001,XIIII,XIIII,IIIII,0000,1,1
2177,depolarizing,0.05,0000,IIIII,IIIII,IIIII,0000,1,1
2178,depolarizing,0.05,0000,IIIII,IIIII,IIIII,0000,1,1
2179,depolarizing,0.05,0001,XIIII,XIIII,IIIII,0000,1,1
2180,depolarizing,0.05,0000,IIIII,IIIII,IIIII,0000,1,1
2181,depolarizing,0.05,0000,IIIII,IIIII,IIIII,0000,1,1
2182,depolarizing,0.05,0000,IIIII,IIIII,IIIII,0000,1,1
2183,depolarizing,0.05,0000,IIIII,IIIII,IIIII,0000,1,1
2184,depolarizing,0.05,0000,IIIII,IIIII,IIIII,0000,1,1
2185,depolarizing,0.05,0000,IIIII,IIIII,IIIII,0000,1,1
2186,depolarizing,0.05,0000,IIIII,IIIII,IIIII,0000,1,1
2187,depolarizing,0.05,0000,IIIII,IIIII,IIIII,0000,1,1
2188,depolarizing,0.05,0000,IIIII,IIIII,IIIII,0000,1,1
2189,depolarizing,0.05,0000,IIIII,IIIII,IIIII,0000,1,1
2190,depolarizing,0.05,0000,IIIII,IIIII,IIIII,0000,1,1
2191,depolarizing,0.05,0000,IIIII,IIIII,IIIII,0000,1,1
2192,depolarizing,0.05,1100,IIXII,IYIII,IYXII,0001,-1,0
2193,depolarizing,0.05,0000,IIIII,IIIII,IIIII,0000,1,1
2194,depolarizing,0.05,0000,IIIII,IIIII,IIIII,0000,1,1
2195,depolarizing,0.05,0000,IIIII,IIIII,IIIII,0000,1,1
2196,depolarizing,0.05,1100,IIXII,IYIII,IYXII,0001,-1,0
2197,depolarizing,0.05,0000,IIIII,IIIII,IIIII,0000,1,1
2198,depolarizing,0.05,1110,IIYII,IZIII,IZYII,1011,-1,0
2199,depolarizing,0.05,0000,IIIII,IIIII,IIIII,0000,1,1
2200,depolarizing,0.05,0000,IIIII,IIIII,IIIII,0000,1,1
2201,depolarizing,0.05,0000,IIIII,IIIII,IIIII,0000,1,1
2202,depolarizing,0.05,1100,IIXII,IYIII,IYXII,0001,-1,0
2203,depolarizing,0.05,0000,IIIII,IIIII,IIIII,0000,1,1
2204,depolarizing,0.05,0000,IIIII,IIIII,IIIII,0000,1,1
2205,depolarizing,0.05,0000,IIIII,IIIII,IIIII,0000,1,1
2206,depolarizing,0.05,0000,IIIII,IIIII,IIIII,0000,1,1
2207,depolarizing,0.05,0000,IIIII,IIIII,IIIII,0000,1,1
2208,depolarizing,0.05,0000,IIIII,IIIII,IIIII,0000,1,1
2209,depolarizing,0.05,0000,IIIII,IIIII,IIIII,0000,1,1
2210,depolarizing,0.05,0000,IIIII,IIIII,IIIII,0000,1,1
2211,depolarizing,0.05,0000,IIIII,IIIII,IIIII,0000,1,1
2212,depolarizing,0.05,1101,IYIII,IIIIY,IYIIY,1010,-1,0
2213,depolarizing,0.05,1011,YIIII,YIIII,IIIII,0000,1,1
2214,depolarizing,0.05,0000,IIIII,IIIII,IIIII,0000,1,1
2215,depolarizing,0.05,0000,IIIII,IIIII,IIIII,0000,1,1
2216,depolarizing,0.05,0000,IIIII,IIIII,IIIII,0000,1,1
2217,depolarizing,0.05,0000,IIIII,IIIII,IIIII,0000,1,1
2218,depolarizing,0.05,0000,IIIII,IIIII,IIIII,0000,1,1
2219,depolarizing,0.05,0000,IIIII,IIIII,IIIII,0000,1,1
2220,depolarizing,0.05,0000,IIIII,IIIII,IIIII,0000,1,1
2221,depolarizing,0.05,0111,IIIIY,IXIII,IXIIY,1111,-1,0
2222,depolarizing,0.05,0000,IIIII,IIIII,IIIII,0000,1,1
2223,depolarizing,0.05,0000,IIIII,IIIII,IIIII,0000,1,1
2224,depolarizing,0.05,0000,IIIII,IIIII,IIIII,0000,1,1
2225,depolarizing,0.05,1010,ZIIII,XIIII,YIIII,1011,-1,0
2226,depolarizing,0.05,0000,IIIII,IIIII,IIIII,0000,1,1
2227,depolarizing,0.05,0000,IIIII,IIIII,IIIII,0000,1,1
2228,depolarizing,0.05,0000,IIIII,IIIII,IIIII,0000,1,1
2229,depolarizing,0.05,0000,IIIII,IIIII,IIIII,0000,1,1
2230,depolarizing,0.05,0110,IIIXI,IIIIY,IIIXY,0001,-1,0
2231,depolarizing,0.05,0000,IIIII,IIIII,IIIII,0000,1,1
2232,depolarizing,0.05,0000,IIIII,IIIII,IIIII,0000,1,1
2233,depolarizing,0.05,0110,IIIXI,IIIIY,IIIXY,0001,-1,0
2234,depolarizing,0.05,0000,IIIII,IIIII,IIIII,0000,1,1
2235,depolarizing,0.05,0000,IIIII,IIIII,IIIII,0000,1,1
2236,depolarizing,0.05,0000,IIIII,IIIII,IIIII,0000,1,1
2237,depolarizing,0.05,0000,IIIII,IIIII,IIIII,0000,1,1
2238,depolarizing,0.05,0000,IIIII,IIIII,IIIII,0000,1,1
2239,depolarizing,0.05,0110,IIIXI,IIIIY,IIIXY,0001,-1,0
2240,depolarizing,0.05,1001,IIIZI,IXIII,IXIZI,0001,-1,0
2241,depolarizing,0.05,1000,IXIII,IXIII,IIIII,0000,1,1
2242,depolarizing,0.05,0000,IIIII,IIIII,IIIII,0000,1,1
2243,depolarizing,0.05,0000,IIIII,IIIII,IIIII,0000,1,1
2244,depolarizing,0.05,0000,IIIII,IIIII,IIIII,0000,1,1
2245,depolarizing,0.05,0000,IIIII,IIIII,IIIII,0000,1,1
2246,depolarizing,0.05,0000,IIIII,IIIII,IIIII,0000,1,1
2247,depolarizing,0.05,1100,IIXII,IYIII,IYXII,0001,-1,0
2248,depolarizing,0.05,0000,IIIII,IIIII,IIIII,0000,1,1
2249,depolarizing,0.05,0000,IIIII,IIIII,IIIII,0000,1,1
2250,depolarizing,0.05,0000,IIIII,IIIII,IIIII,0000,1,1
2251,depolarizing,0.05,0000,IIIII,IIIII,IIIII,0000,1,1
2252,depolarizing,0.05,0000,IIIII,IIIII,IIIII,0000,1,1
2253,depolarizing,0.05,0000,IIIII,IIIII,IIIII,0000,1,1
2254,depolarizing,0.05,0000,IIIII,IIIII,IIIII,0000,1,1
2255,depolarizing,0.05,0000,IIIII,IIIII,IIIII,0000,1,1
2256,depolarizing,0.05,0000,IIIII,IIIII,IIIII,0000,1,1
2257,depolarizing,0.05,0000,IIIII,IIIII,IIIII,0000,1,1
2258,depolarizing,0.05,0000,IIIII,IIIII,IIIII,0000,1,1
2259,depolarizing,0.05,0000,IIIII,IIIII,IIIII,0000,1,1
2260,depolarizing,0.05,0011,IIIIX,IXIII,IXIIX,1011,-1,0
2261,depolarizing,0.05,1011,YIIII,YIIII,IIIII,0000,1,1
2262,depolarizing,0.05,0000,IIIII,IIIII,IIIII,0000,1,1
2263,depolarizing,0.05,0000,IIIII,IIIII,IIIII,0000,1,1
2264,depolarizing,0.05,1111,IIIYI,IIYII,IIYYI,0001,-1,0
2265,depolarizing,0.05,0000,IIIII,IIIII,IIIII,0000,1,1
2266,depolarizing,0.05,0010,IIZII,YIIII,YIZII,1001,-1,0
2267,depolarizing,0.05,0000,IIIII,IIIII,IIIII,0000,1,1
2268,depolarizing,0.05,0000,IIIII,IIIII,IIIII,0000,1,1
2269,depolarizing,0.05,0000,IIIII,IIIII,IIIII,0000,1,1
2270,depolarizing,0.05,0000,IIIII,IIIII,IIIII,0000,1,1
2271,depolarizing,0.05,0000,IIIII,IIIII,IIIII,0000,1,1
2272,depolarizing,0.05,0000,IIIII,IIIII,IIIII,0000,1,1
2273,depolarizing,0.05,0001,XIIII,XIIII,IIIII,0000,1,1
2274,depolarizing,0.05,0101,IZIII,IZIII,IIIII,0000,1,1
2275,depolarizing,0.05,0110,IIIXI,IIIIY,IIIXY,0001,-1,0
2276,depolarizing,0.05,0000,IIIII,IIIII,IIIII,0000,1,1
2277,depolarizing,0.05,0000,IIIII,IIIII,IIIII,0000,1,1
2278,depolarizing,0.05,0110,IIIXI,IIIIY,IIIXY,0001,-1,0
2279,depolarizing,0.05,0000,IIIII,IIIII,IIIII,0000,1,1
2280,depolarizing,0.05,0011,IIIIX,IXIII,IXIIX,1011,-1,0
2281,depolarizing,0.05,0000,IIIII,IIIII,IIIII,0000,1,1
2282,depolarizing,0.05,0000,IIIII,IIIII,IIIII,0000,1,1
2283,depolarizing,0.05,0111,IIIIY,IXIII,IXIIY,1111,-1,0
2284,depolarizing,0.05,1111,IIIYI,IIYII,IIYYI,0001,-1,0
2285,depolarizing,0.05,0000,IIIII,IIIII,IIIII,0000,1,1
2286,depolarizing,0.05,0110,IIIXI,IIIIY,IIIXY,0001,-1,0
2287,depolarizing,0.05,0000,IIIII,IIIII,IIIII,0000,1,1
2288,depolarizing,0.05,0000,IIIII,IIIII,IIIII,0000,1,1
2289,depolarizing,0.05,0000,IIIII,IIIII,IIIII,0000,1,1
2290,depolarizing,0.05,0111,IIIIY,IXIII,IXIIY,1111,-1,0
2291,depolarizing,0.05,0000,IIIII,IIIII,IIIII,0000,1,1
2292,depolarizing,0.05,0000,IIIII,IIIII,IIIII,0000,1,1
2293,depolarizing,0.05,0000,IIIII,IIIII,IIIII,0000,1,1
2294,depolarizing,0.05,0000,IIIII,IIIII,IIIII,0000,1,1
2295,depolarizing,0.05,0000,IIIII,IIIII,IIIII,0000,1,1
2296,depolarizing,0.05,0000,IIIII,IIIII,IIIII,0000,1,1
2297,depolarizing,0.05,0000,IIIII,IIIII,IIIII,0000,1,1
2298,depolarizing,0.05,0000,IIIII,IIIII,IIIII,0000,1,1
2299,depolarizing,0.05,0000,IIIII,IIIII,IIIII,0000,1,1
2300,depolarizing,0.05,0000,IIIII,IIIII,IIIII,0000,1,1
2301,depolarizing,0.05,0000,IIIII,IIIII,IIIII,0000,1,1
2302,depolarizing,0.05,0000,IIIII,IIIII,IIIII,0000,1,1
2303,depolarizing,0.05,0000,IIIII,IIIII,IIIII,0000,1,1
2304,depolarizing,0.05,1100,IIXII,IYIII,IYXII,0001,-1,0
2305,depolarizing,0.05,0000,IIIII,IIIII,IIIII,0000,1,1
2306,depolarizing,0.05,0110,IIIXI,IIIIY,IIIXY,0001,-1,0
2307,depolarizing,0.05,0000,IIIII,IIIII,IIIII,0000,1,1
2308,depolarizing,0.05,0000,IIIII,IIIII,IIIII,0000,1,1
2309,depolarizing,0.05,1110,IIYII,IZIII,IZYII,1011,-1,0
2310,depolarizing,0.05,0000,IIIII,IIIII,IIIII,0000,1,1
2311,depolarizing,0.05,0000,IIIII,IIIII,IIIII,0000,1,1
2312,depolarizing,0.05,0000,IIIII,IIIII,IIIII,0000,1,1
2313,depolarizing,0.05,0000,IIIII,IIIII,IIIII,0000,1,1
2314,depolarizing,0.05,0000,IIIII,IIIII,IIIII,0000,1,1
2315,depolarizing,0.05,0000,IIIII,IIIII,IIIII,0000,1,1
2316,depolarizing,0.05,0011,IZIXI,IXIII,IYIXI,1011,-1,0
2317,depolarizing,0.05,1000,IXIII,IXIII,IIIII,0000,1,1
2318,depolarizing,0.05,0000,IIIII,IIIII,IIIII,0000,1,1
2319,depolarizing,0.05,0000,IIIII,IIIII,IIIII,0000,1,1
2320,depolarizing,0.05,1110,XIIYI,IZIII,XZIYI,1011,-1,0
2321,depolarizing,0.05,0111,IIIIY,IXIII,IXIIY,1111,-1,0
2322,depolarizing,0.05,0000,IIIII,IIIII,IIIII,0000,1,1
2323,depolarizing,0.05,1100,IIXII,IYIII,IYXII,0001,-1,0
2324,depolarizing,0.05,0000,IIIII,IIIII,IIIII,0000,1,1
2325,depolarizing,0.05,0001,XIIII,XIIII,IIIII,0000,1,1
2326,depolarizing,0.05,0000,IIIII,IIIII,IIIII,0000,1,1
2327,depolarizing,0.05,0000,IIIII,IIIII,IIIII,0000,1,1
2328,depolarizing,0.05,0001,XIIII,XIIII,IIIII,0000,1,1
2329,depolarizing,0.05,0000,IIIII,IIIII,IIIII,0000,1,1
2330,depolarizing,0.05,0000,IIIII,IIIII,IIIII,0000,1,1
2331,depolarizing,0.05,1000,IXIII,IXIII,IIIII,0000,1,1
2332,depolarizing,0.05,0000,IIIII,IIIII,IIIII,0000,1,1
2333,depolarizing,0.05,0100,IIIIZ,YIIII,YIIIZ,1111,-1,0
2334,depolarizing,0.05,0000,IIIII,IIIII,IIIII,0000,1,1
2335,depolarizing,0.05,0000,IIIII,IIIII,IIIII,0000,1,1
2336,depolarizing,0.05,0000,IIIII,IIIII,IIIII,0000,1,1
2337,depolarizing,0.05,0000,IIIII,IIIII,IIIII,0000,1,1
2338,depolarizing,0.05,0000,IIIII,IIIII,IIIII,0000,1,1
2339,depolarizing,0.05,0000,IIIII,IIIII,IIIII,0000,1,1
2340,depolarizing,0.05,0000,IIIII,IIIII,IIIII,0000,1,1
2341,depolarizing,0.05,0000,IIIII,IIIII,IIIII,0000,1,1
2342,depolarizing,0.05,0000,IIIII,IIIII,IIIII,0000,1,1
2343,depolarizing,0.05,0100,IIIIZ,YIIII,YIIIZ,1111,-1,0
2344,depolarizing,0.05,0000,IIIII,IIIII,IIIII,0000,1,1
2345,depolarizing,0.05,0000,IIIII,IIIII,IIIII,0000,1,1
2346,depolarizing,0.05,0000,IIIII,IIIII,IIIII,0000,1,1
2347,depolarizing,0.05,0000,IIIII,IIIII,IIIII,0000,1,1
2348,depolarizing,0.05,0000,IIIII,IIIII,IIIII,0000,1,1
2349,depolarizing,0.05,0000,IIIII,IIIII,IIIII,0000,1,1
2350,depolarizing,0.05,0000,IIIII,IIIII,IIIII,0000,1,1
2351,depolarizing,0.05,0000,IIIII,IIIII,IIIII,0000,1,1
2352,depolarizing,0.05,0000,IIIII,IIIII,IIIII,0000,1,1
2353,depolarizing,0.05,1101,IYIII,IIIIY,IYIIY,1010,-1,0
2354,depolarizing,0.05,0000,IIIII,IIIII,IIIII,0000,1,1
2355,depolarizing,0.05,0011,IIIIX,IXIII,IXIIX,1011,-1,0
2356,depolarizing,0.05,0000,IIIII,IIIII,IIIII,0000,1,1
2357,depolarizing,0.05,0000,IIIII,IIIII,IIIII,0000,1,1
2358,depolarizing,0.05,0000,IIIII,IIIII,IIIII,0000,1,1
2359,depolarizing,0.05,0000,IIIII,IIIII,IIIII,0000,1,1
2360,depolarizing,0.05,1110,IIYII,IZIII,IZYII,1011,-1,0
2361,depolarizing,0.05,0000,IIIII,IIIII,IIIII,0000,1,1
2362,depolarizing,0.05,0000,IIIII,IIIII,IIIII,0000,1,1
2363,depolarizing,0.05,0111,IIIIY,IXIII,IXIIY,1111,-1,0
2364,depolarizing,0.05,0000,IIIII,IIIII,IIIII,0000,1,1
2365,depolarizing,0.05,0000,IIIII,IIIII,IIIII,0000,1,1
2366,depolarizing,0.05,0000,IIIII,IIIII,IIIII,0000,1,1
2367,depolarizing,0.05,0000,IIIII,IIIII,IIIII,0000,1,1
2368,depolarizing,0.05,0000,IIIII,IIIII,IIIII,0000,1,1
2369,depolarizing,0.05,0000,IIIII,IIIII,IIIII,0000,1,1
2370,depolarizing,0.05,0000,IIIII,IIIII,IIIII,0000,1,1
2371,depolarizing,0.05,1001,IIIZI,IXIII,IXIZI,0001,-1,0
2372,depolarizing,0.05,0000,IIIII,IIIII,IIIII,0000,1,1
2373,depolarizing,0.05,0000,IIIII,IIIII,IIIII,0000,1,1
2374,depolarizing,0.05,0000,IIIII,IIIII,IIIII,0000,1,1
2375,depolarizing,0.05,1011,YIIII,YIIII,IIIII,0000,1,1
2376,depolarizing,0.05,0000,IIIII,IIIII,IIIII,0000,1,1
2377,depolarizing,0.05,0000,IIIII,IIIII,IIIII,0000,1,1
2378,depolarizing,0.05,0000,IIIII,IIIII,IIIII,0000,1,1
2379,depolarizing,0.05,0000,IIIII,IIIII,IIIII,0000,1,1
2380,depolarizing,0.05,0000,IIIII,IIIII,IIIII,0000,1,1
2381,depolarizing,0.05,0101,IZIII,IZIII,IIIII,0000,1,1
2382,depolarizing,0.05,0000,IIIII,IIIII,IIIII,0000,1,1
2383,depolarizing,0.05,0000,IIIII,IIIII,IIIII,0000,1,1
2384,depolarizing,0.05,0000,IIIII,IIIII,IIIII,0000,1,1
2385,depolarizing,0.05,0101,IZIII,IZIII,IIIII,0000,1,1
2386,depolarizing,0.05,0111,IIIIY,IXIII,IXIIY,1111,-1,0
2387,depolarizing,0.05,1101,IYIII,IIIIY,IYIIY,1010,-1,0
2388,depolarizing,0.05,0000,IIIII,IIIII,IIIII,0000,1,1
2389,depolarizing,0.05,1001,IIIZI,IXIII,IXIZI,0001,-1,0
2390,depolarizing,0.05,0000,IIIII,IIIII,IIIII,0000,1,1
2391,depolarizing,0.05,1000,IXIII,IXIII,IIIII,0000,1,1
2392,depolarizing,0.05,0000,IIIII,IIIII,IIIII,0000,1,1
2393,depolarizing,0.05,1100,IIXII,IYIII,IYXII,0001,-1,0
2394,depolarizing,0.05,0000,IIIII,IIIII,IIIII,0000,1,1
2395,depolarizing,0.05,0000,IIIII,IIIII,IIIII,0000,1,1
2396,depolarizing,0.05,0000,IIIII,IIIII,IIIII,0000,1,1
2397,depolarizing,0.05,0000,IIIII,IIIII,IIIII,0000,1,1
2398,depolarizing,0.05,0000,IIIII,IIIII,IIIII,0000,1,1
2399,depolarizing,0.05,0000,IIIII,IIIII,IIIII,0000,1,1
2400,depolarizing,0.05,0000,IIIII,IIIII,IIIII,0000,1,1
2401,depolarizing,0.05,0000,IIIII,IIIII,IIIII,0000,1,1
2402,depolarizing,0.05,0000,IIIII,IIIII,IIIII,0000,1,1
2403,depolarizing,0.05,0000,IIIII,IIIII,IIIII,0000,1,1
2404,depolarizing,0.05,0000,IIIII,IIIII,IIIII,0000,1,1
2405,depolarizing,0.05,0000,IIIII,IIIII,IIIII,0000,1,1
2406,depolarizing,0.05,0000,IIIII,IIIII,IIIII,0000,1,1
2407,depolarizing,0.05,0000,IIIII,IIIII,IIIII,0000,1,1
2408,depolarizing,0.05,0101,IZIII,IZIII,IIIII,0000,1,1
2409,depolarizing,0.05,1110,IIYII,IZIII,IZYII,1011,-1,0
2410,depolarizing,0.05,0000,IIIII,IIIII,IIIII,0000,1,1
2411,depolarizing,0.05,0000,IIIII,IIIII,IIIII,0000,1,1
2412,depolarizing,0.05,0000,IIIII,IIIII,IIIII,0000,1,1
2413,depolarizing,0.05,0000,IIIII,IIIII,IIIII,0000,1,1
2414,depolarizing,0.05,0000,IIIII,IIIII,IIIII,0000,1,1
2415,depolarizing,0.05,0000,IIIII,IIIII,IIIII,0000,1,1
2416,depolarizing,0.05,0000,IIIII,IIIII,IIIII,0000,1,1
2417,depolarizing,0.05,0000,IIIII,IIIII,IIIII,0000,1,1
2418,depolarizing,0.05,0011,IIIIX,IXIII,IXIIX,1011,-1,0
2419,depolarizing,0.05,0001,XIIII,XIIII,IIIII,0000,1,1
2420,depolarizing,0.05,0000,IIIII,IIIII,IIIII,0000,1,1
2421,depolarizing,0.05,0000,IIIII,IIIII,IIIII,0000,1,1
2422,depolarizing,0.05,1011,IIXIY,YIIII,YIXIY,0000,-1,0
2423,depolarizing,0.05,0000,IIIII,IIIII,IIIII,0000,1,1
2424,depolarizing,0.05,0000,IIIII,IIIII,IIIII,0000,1,1
2425,depolarizing,0.05,0000,IIIII,IIIII,IIIII,0000,1,1
2426,depolarizing,0.05,0000,IIIII,IIIII,IIIII,0000,1,1
2427,depolarizing,0.05,0000,IIIII,IIIII,IIIII,0000,1,1
2428,depolarizing,0.05,0000,IIIII,IIIII,IIIII,0000,1,1
2429,depolarizing,0.05,0000,IIIII,IIIII,IIIII,0000,1,1
2430,depolarizing,0.05,0000,IIIII,IIIII,IIIII,0000,1,1
2431,depolarizing,0.05,0111,IIIIY,IXIII,IXIIY,1111,-1,0
2432,depolarizing,0.05,0000,IIIII,IIIII,IIIII,0000,1,1
2433,depolarizing,0.05,0000,IIIII,IIIII,IIIII,0000,1,1
2434,depolarizing,0.05,0011,IIIIX,IXIII,IXIIX,1011,-1,0
2435,depolarizing,0.05,0000,IIIII,IIIII,IIIII,0000,1,1
2436,depolarizing,0.05,0000,IIIII,IIIII,IIIII,0000,1,1
2437,depolarizing,0.05,0000,IIIII,IIIII,IIIII,0000,1,1
2438,depolarizing,0.05,0000,IIIII,IIIII,IIIII,0000,1,1
2439,depolarizing,0.05,0000,IIIII,IIIII,IIIII,0000,1,1
2440,depolarizing,0.05,1001,IIIZI,IXIII,IXIZI,0001,-1,0
2441,depolarizing,0.05,0000,IIIII,IIIII,IIIII,0000,1,1
2442,depolarizing,0.05,0100,IIIIZ,YIIII,YIIIZ,1111,-1,0
2443,depolarizing,0.05,0000,IIIII,IIIII,IIIII,0000,1,1
2444,depolarizing,0.05,0000,IIIII,IIIII,IIIII,0000,1,1
2445,depolarizing,0.05,0000,IIIII,IIIII,IIIII,0000,1,1
2446,depolarizing,0.05,0000,IIIII,IIIII,IIIII,0000,1,1
2447,depolarizing,0.05,0000,IIIII,IIIII,IIIII,0000,1,1
2448,depolarizing,0.05,0000,IIIII,IIIII,IIIII,0000,1,1
2449,depolarizing,0.05,0000,IIIII,IIIII,IIIII,0000,1,1
2450,depolarizing,0.05,0000,IIIII,IIIII,IIIII,0000,1,1
2451,depolarizing,0.05,0101,IZIII,IZIII,IIIII,0000,1,1
2452,depolarizing,0.05,0000,IIIII,IIIII,IIIII,0000,1,1
2453,depolarizing,0.05,1111,IIIYI,IIYII,IIYYI,0001,-1,0
2454,depolarizing,0.05,0000,IIIII,IIIII,IIIII,0000,1,1
2455,depolarizing,0.05,0000,IIIII,IIIII,IIIII,0000,1,1
2456,depolarizing,0.05,0000,IIIII,IIIII,IIIII,0000,1,1
2457,depolarizing,0.05,0000,IIIII,IIIII,IIIII,0000,1,1
2458,depolarizing,0.05,0000,IIIII,IIIII,IIIII,0000,1,1
2459,depolarizing,0.05,0000,IIIII,IIIII,IIIII,0000,1,1
2460,depolarizing,0.05,0000,IIIII,IIIII,IIIII,0000,1,1
2461,depolarizing,0.05,0000,IIIII,IIIII,IIIII,0000,1,1
2462,depolarizing,0.05,0000,IIIII,IIIII,IIIII,0000,1,1
2463,depolarizing,0.05,0001,XIIII,XIIII,IIIII,0000,1,1
2464,depolarizing,0.05,0000,IIIII,IIIII,IIIII,0000,1,1
2465,depolarizing,0.05,0000,IIIII,IIIII,IIIII,0000,1,1
2466,depolarizing,0.05,0000,IIIII,IIIII,IIIII,0000,1,1
2467,depolarizing,0.05,0000,IIIII,IIIII,IIIII,0000,1,1
2468,depolarizing,0.05,0000,IIIII,IIIII,IIIII,0000,1,1
2469,depolarizing,0.05,0010,IIZII,YIIII,YIZII,1001,-1,0
2470,depolarizing,0.05,0001,XIIII,XIIII,IIIII,0000,1,1
2471,depolarizing,0.05,0011,IIIIX,IXIII,IXIIX,1011,-1,0
2472,depolarizing,0.05,1000,IXIII,IXIII,IIIII,0000,1,1
2473,depolarizing,0.05,0000,IIIII,IIIII,IIIII,0000,1,1
2474,depolarizing,0.05,0000,IIIII,IIIII,IIIII,0000,1,1
2475,depolarizing,0.05,0000,IIIII,IIIII,IIIII,0000,1,1
2476,depolarizing,0.05,1001,IIIZI,IXIII,IXIZI,0001,-1,0
2477,depolarizing,0.05,0000,IIIII,IIIII,IIIII,0000,1,1
2478,depolarizing,0.05,0000,IIIII,IIIII,IIIII,0000,1,1
2479,depolarizing,0.05,0111,YIXII,IXIII,YXXII,1111,-1,0
2480,depolarizing,0.05,0000,IIIII,IIIII,IIIII,0000,1,1
2481,depolarizing,0.05,0110,IIIXI,IIIIY,IIIXY,0001,-1,0
2482,depolarizing,0.05,0000,IIIII,IIIII,IIIII,0000,1,1
2483,depolarizing,0.05,0000,IIIII,IIIII,IIIII,0000,1,1
2484,depolarizing,0.05,0000,IIIII,IIIII,IIIII,0000,1,1
2485,depolarizing,0.05,0010,IIZII,YIIII,YIZII,1001,-1,0
2486,depolarizing,0.05,0000,IIIII,IIIII,IIIII,0000,1,1
2487,depolarizing,0.05,0000,IIIII,IIIII,IIIII,0000,1,1
2488,depolarizing,0.05,0000,IIIII,IIIII,IIIII,0000,1,1
2489,depolarizing,0.05,0000,IIIII,IIIII,IIIII,0000,1,1
2490,depolarizing,0.05,0000,IIIII,IIIII,IIIII,0000,1,1
2491,depolarizing,0.05,0000,IIIII,IIIII,IIIII,0000,1,1
2492,depolarizing,0.05,0000,IIIII,IIIII,IIIII,0000,1,1
2493,depolarizing,0.05,0000,IIIII,IIIII,IIIII,0000,1,1
2494,depolarizing,0.05,0000,IIIII,IIIII,IIIII,0000,1,1
2495,depolarizing,0.05,0000,IIIII,IIIII,IIIII,0000,1,1
2496,depolarizing,0.05,0000,IIIII,IIIII,IIIII,0000,1,1
2497,depolarizing,0.05,0010,IIZII,YIIII,YIZII,1001,-1,0
2498,depolarizing,0.05,0000,IIIII,IIIII,IIIII,0000,1,1
2499,depolarizing,0.05,0000,IIIII,IIIII,IIIII,0000,1,1
2500,depolarizing,0.05,0000,IIIII,IIIII,IIIII,0000,1,1
2501,depolarizing,0.05,0000,IIIII,IIIII,IIIII,0000,1,1
2502,depolarizing,0.05,0000,IIIII,IIIII,IIIII,0000,1,1
2503,depolarizing,0.05,0000,IIIII,IIIII,IIIII,0000,1,1
2504,depolarizing,0.05,1111,IIIYI,IIYII,IIYYI,0001,-1,0
2505,depolarizing,0.05,0000,IIIII,IIIII,IIIII,0000,1,1
2506,depolarizing,0.05,0000,IIIII,IIIII,IIIII,0000,1,1
2507,depolarizing,0.05,0000,IIIII,IIIII,IIIII,0000,1,1
2508,depolarizing,0.05,0000,IIIII,IIIII,IIIII,0000,1,1
2509,depolarizing,0.05,0110,IIIXI,IIIIY,IIIXY,0001,-1,0
2510,depolarizing,0.05,1101,IYIII,IIIIY,IYIIY,1010,-1,0
2511,depolarizing,0.05,0000,IIIII,IIIII,IIIII,0000,1,1
2512,depolarizing,0.05,0000,IIIII,IIIII,IIIII,0000,1,1
2513,depolarizing,0.05,0000,IIIII,IIIII,IIIII,0000,1,1
2514,depolarizing,0.05,0000,IIIII,IIIII,IIIII,0000,1,1
2515,depolarizing,0.05,0010,IIZII,YIIII,YIZII,1001,-1,0
2516,depolarizing,0.05,0000,IIIII,IIIII,IIIII,0000,1,1
2517,depolarizing,0.05,0000,IIIII,IIIII,IIIII,0000,1,1
2518,depolarizing,0.05,0000,IIIII,IIIII,IIIII,0000,1,1
2519,depolarizing,0.05,0000,IIIII,IIIII,IIIII,0000,1,1
2520,depolarizing,0.05,0000,IIIII,IIIII,IIIII,0000,1,1
2521,depolarizing,0.05,0000,IIIII,IIIII,IIIII,0000,1,1
2522,depolarizing,0.05,1111,IIIYI,IIYII,IIYYI,0001,-1,0
2523,depolarizing,0.05,0000,IIIII,IIIII,IIIII,0000,1,1
2524,depolarizing,0.05,1101,IYIII,IIIIY,IYIIY,1010,-1,0
2525,depolarizing,0.05,0000,IIIII,IIIII,IIIII,0000,1,1
2526,depolarizing,0.05,0000,IIIII,IIIII,IIIII,0000,1,1
2527,depolarizing,0.05,0000,IIIII,IIIII,IIIII,0000,1,1
2528,depolarizing,0.05,0000,IIIII,IIIII,IIIII,0000,1,1
2529,depolarizing,0.05,0001,XIIII,XIIII,IIIII,0000,1,1
2530,depolarizing,0.05,0000,IIIII,IIIII,IIIII,0000,1,1
2531,depolarizing,0.05,0000,IIIII,IIIII,IIIII,0000,1,1
2532,depolarizing,0.05,0000,IIIII,IIIII,IIIII,0000,1,1
2533,depolarizing,0.05,1101,IYIII,IIIIY,IYIIY,1010,-1,0
2534,depolarizing,0.05,0000,IIIII,IIIII,IIIII,0000,1,1
2535,depolarizing,0.05,0000,IIIII,IIIII,IIIII,0000,1,1
2536,depolarizing,0.05,0000,IIIII,IIIII,IIIII,0000,1,1
2537,depolarizing,0.05,0101,IZIII,IZIII,IIIII,0000,1,1
2538,depolarizing,0.05,0000,IIIII,IIIII,IIIII,0000,1,1
2539,depolarizing,0.05,0000,IIIII,IIIII,IIIII,0000,1,1
2540,depolarizing,0.05,0000,IIIII,IIIII,IIIII,0000,1,1
2541,depolarizing,0.05,0000,IIIII,IIIII,IIIII,0000,1,1
2542,depolarizing,0.05,1010,ZIIII,XIIII,YIIII,1011,-1,0
2543,depolarizing,0.05,0000,IIIII,IIIII,IIIII,0000,1,1
2544,depolarizing,0.05,0000,IIIII,IIIII,IIIII,0000,1,1
2545,depolarizing,0.05,0000,IIIII,IIIII,IIIII,0000,1,1
2546,depolarizing,0.05,0000,IIIII,IIIII,IIIII,0000,1,1
2547,depolarizing,0.05,0000,IIIII,IIIII,IIIII,0000,1,1
2548,depolarizing,0.05,0000,IIIII,IIIII,IIIII,0000,1,1
2549,depolarizing,0.05,0000,IIIII,IIIII,IIIII,0000,1,1
2550,depolarizing,0.05,0000,IIIII,IIIII,IIIII,0000,1,1
2551,depolarizing,0.05,0010,IIZII,YIIII,YIZII,1001,-1,0
2552,depolarizing,0.05,0000,IIIII,IIIII,IIIII,0000,1,1
2553,depolarizing,0.05,0000,IIIII,IIIII,IIIII,0000,1,1
2554,depolarizing,0.05,1101,IYIII,IIIIY,IYIIY,1010,-1,0
2555,depolarizing,0.05,0000,IIIII,IIIII,IIIII,0000,1,1
2556,depolarizing,0.05,0000,IIIII,IIIII,IIIII,0000,1,1
2557,depolarizing,0.05,0000,IIIII,IIIII,IIIII,0000,1,1
2558,depolarizing,0.05,0000,IIIII,IIIII,IIIII,0000,1,1
2559,depolarizing,0.05,0000,IIIII,IIIII,IIIII,0000,1,1
2560,depolarizing,0.05,1101,IYIII,IIIIY,IYIIY,1010,-1,0
2561,depolarizing,0.05,0000,IIIII,IIIII,IIIII,0000,1,1
2562,depolarizing,0.05,1010,ZIIII,XIIII,YIIII,1011,-1,0
2563,depolarizing,0.05,0000,IIIII,IIIII,IIIII,0000,1,1
2564,depolarizing,0.05,0000,IIIII,IIIII,IIIII,0000,1,1
2565,depolarizing,0.05,0000,IIIII,IIIII,IIIII,0000,1,1
2566,depolarizing,0.05,0000,IIIII,IIIII,IIIII,0000,1,1
2567,depolarizing,0.05,0000,IIIII,IIIII,IIIII,0000,1,1
2568,depolarizing,0.05,0000,IIIII,IIIII,IIIII,0000,1,1
2569,depolarizing,0.05,0000,IIIII,IIIII,IIIII,0000,1,1
2570,depolarizing,0.05,0000,IIIII,IIIII,IIIII,0000,1,1
2571,depolarizing,0.05,0000,IIIII,IIIII,IIIII,0000,1,1
2572,depolarizing,0.05,0000,IIIII,IIIII,IIIII,0000,1,1
2573,depolarizing,0.05,0100,IIIIZ,YIIII,YIIIZ,1111,-1,0
2574,depolarizing,0.05,0000,IIIII,IIIII,IIIII,0000,1,1
2575,depolarizing,0.05,0000,IIIII,IIIII,IIIII,0000,1,1
2576,depolarizing,0.05,0000,IIIII,IIIII,IIIII,0000,1,1
2577,depolarizing,0.05,0000,IIIII,IIIII,IIIII,0000,1,1
2578,depolarizing,0.05,1101,IYIII,IIIIY,IYIIY,1010,-1,0
2579,depolarizing,0.05,0000,IIIII,IIIII,IIIII,0000,1,1
2580,depolarizing,0.05,0000,IIIII,IIIII,IIIII,0000,1,1
2581,depolarizing,0.05,0111,IIIIY,IXIII,IXIIY,1111,-1,0
2582,depolarizing,0.05,0000,IIIII,IIIII,IIIII,0000,1,1
2583,depolarizing,0.05,0111,IIIIY,IXIII,IXIIY,1111,-1,0
2584,depolarizing,0.05,0000,IIIII,IIIII,IIIII,0000,1,1
2585,depolarizing,0.05,1101,IIIZZ,IIIIY,IIIZX,1010,-1,0
2586,depolarizing,0.05,0000,IIIII,IIIII,IIIII,0000,1,1
2587,depolarizing,0.05,0000,IIIII,IIIII,IIIII,0000,1,1
2588,depolarizing,0.05,0000,IIIII,IIIII,IIIII,0000,1,1
2589,depolarizing,0.05,0000,IIIII,IIIII,IIIII,0000,1,1
2590,depolarizing,0.05,0000,IIIII,IIIII,IIIII,0000,1,1
2591,depolarizing,0.05,0000,IIIII,IIIII,IIIII,0000,1,1
2592,depolarizing,0.05,0000,IIIII,IIIII,IIIII,0000,1,1
2593,depolarizing,0.05,0000,IIIII,IIIII,IIIII,0000,1,1
2594,depolarizing,0.05,0000,IIIII,IIIII,IIIII,0000,1,1
2595,depolarizing,0.05,0000,IIIII,IIIII,IIIII,0000,1,1
2596,depolarizing,0.05,1010,IIXXI,XIIII,XIXXI,1011,-1,0
2597,depolarizing,0.05,0000,IIIII,IIIII,IIIII,0000,1,1
2598,depolarizing,0.05,0000,IIIII,IIIII,IIIII,0000,1,1
2599,depolarizing,0.05,0001,IIIXY,XIIII,XIIXY,0000,-1,0
2600,depolarizing,0.05,0000,IIIII,IIIII,IIIII,0000,1,1
2601,depolarizing,0.05,1010,ZIIII,XIIII,YIIII,1011,-1,0
2602,depolarizing,0.05,0000,IIIII,IIIII,IIIII,0000,1,1
2603,depolarizing,0.05,1101,IYIII,IIIIY,IYIIY,1010,-1,0
2604,depolarizing,0.05,0000,IIIII,IIIII,IIIII,0000,1,1
2605,depolarizing,0.05,1110,IIYII,IZIII,IZYII,1011,-1,0
2606,depolarizing,0.05,1110,IIYII,IZIII,IZYII,1011,-1,0
2607,depolarizing,0.05,0000,IIIII,IIIII,IIIII,0000,1,1
2608,depolarizing,0.05,0000,IIIII,IIIII,IIIII,0000,1,1
2609,depolarizing,0.05,0000,IIIII,IIIII,IIIII,0000,1,1
2610,depolarizing,0.05,0000,IIIII,IIIII,IIIII,0000,1,1
2611,depolarizing,0.05,0000,IIIII,IIIII,IIIII,0000,1,1
2612,depolarizing,0.05,0000,IIIII,IIIII,IIIII,0000,1,1
2613,depolarizing,0.05,0000,IIIII,IIIII,IIIII,0000,1,1
2614,depolarizing,0.05,0000,IIIII,IIIII,IIIII,0000,1,1
2615,depolarizing,0.05,0000,IIIII,IIIII,IIIII,0000,1,1
2616,depolarizing,0.05,0000,IIIII,IIIII,IIIII,0000,1,1
2617,depolarizing,0.05,0000,IIIII,IIIII,IIIII,0000,1,1
2618,depolarizing,0.05,0001,XIIII,XIIII,IIIII,0000,1,1
2619,depolarizing,0.05,0000,IIIII,IIIII,IIIII,0000,1,1
2620,depolarizing,0.05,0000,IIIII,IIIII,IIIII,0000,1,1
2621,depolarizing,0.05,0000,IIIII,IIIII,IIIII,0000,1,1
2622,depolarizing,0.05,0000,IIIII,IIIII,IIIII,0000,1,1
2623,depolarizing,0.05,0000,IIIII,IIIII,IIIII,0000,1,1
2624,depolarizing,0.05,0000,IIIII,IIIII,IIIII,0000,1,1
2625,depolarizing,0.05,0000,IIIII,IIIII,IIIII,0000,1,1
2626,depolarizing,0.05,0000,IIIII,IIIII,IIIII,0000,1,1
2627,depolarizing,0.05,1111,IIIYI,IIYII,IIYYI,0001,-1,0
2628,depolarizing,0.05,0001,XIIII,XIIII,IIIII,0000,1,1
2629,depolarizing,0.05,0000,IIIII,IIIII,IIIII,0000,1,1
2630,depolarizing,0.05,0000,IIIII,IIIII,IIIII,0000,1,1
2631,depolarizing,0.05,0000,IIIII,IIIII,IIIII,0000,1,1
2632,depolarizing,0.05,0000,IIIII,IIIII,IIIII,0000,1,1
2633,depolarizing,0.05,0000,IIIII,IIIII,IIIII,0000,1,1
2634,depolarizing,0.05,0000,IIIII,IIIII,IIIII,0000,1,1
2635,depolarizing,0.05,0001,XIIII,XIIII,IIIII,0000,1,1
2636,depolarizing,0.05,0000,IIIII,IIIII,IIIII,0000,1,1
2637,depolarizing,0.05,0000,IIIII,IIIII,IIIII,0000,1,1
2638,depolarizing,0.05,0000,IIIII,IIIII,IIIII,0000,1,1
2639,depolarizing,0.05,0000,IIIII,IIIII,IIIII,0000,1,1
2640,depolarizing,0.05,0000,IIIII,IIIII,IIIII,0000,1,1
2641,depolarizing,0.05,0000,IIIII,IIIII,IIIII,0000,1,1
2642,depolarizing,0.05,0000,IIIII,IIIII,IIIII,0000,1,1
2643,depolarizing,0.05,0000,IIIII,IIIII,IIIII,0000,1,1
2644,depolarizing,0.05,1000,IXIII,IXIII,IIIII,0000,1,1
2645,depolarizing,0.05,0000,IIIII,IIIII,IIIII,0000,1,1
2646,depolarizing,0.05,0000,IIIII,IIIII,IIIII,0000,1,1
2647,depolarizing,0.05,0000,IIIII,IIIII,IIIII,0000,1,1
2648,depolarizing,0.05,0000,IIIII,IIIII,IIIII,0000,1,1
2649,depolarizing,0.05,0001,XIIII,XIIII,IIIII,0000,1,1
2650,depolarizing,0.05,0000,IIIII,IIIII,IIIII,0000,1,1
2651,depolarizing,0.05,0000,IIIII,IIIII,IIIII,0000,1,1
2652,depolarizing,0.05,0000,IIIII,IIIII,IIIII,0000,1,1
2653,depolarizing,0.05,0011,IIIIX,IXIII,IXIIX,1011,-1,0
2654,depolarizing,0.05,1000,IXIII,IXIII,IIIII,0000,1,1
2655,depolarizing,0.05,0110,IIIXI,IIIIY,IIIXY,0001,-1,0
2656,depolarizing,0.05,1101,IYIII,IIIIY,IYIIY,1010,-1,0
2657,depolarizing,0.05,0000,IIIII,IIIII,IIIII,0000,1,1
2658,depolarizing,0.05,0000,IIIII,IIIII,IIIII,0000,1,1
2659,depolarizing,0.05,0000,IIIII,IIIII,IIIII,0000,1,1
2660,depolarizing,0.05,0000,IIIII,IIIII,IIIII,0000,1,1
2661,depolarizing,0.05,0101,IZIII,IZIII,IIIII,0000,1,1
2662,depolarizing,0.05,0000,IIIII,IIIII,IIIII,0000,1,1
2663,depolarizing,0.05,0000,IIIII,IIIII,IIIII,0000,1,1
2664,depolarizing,0.05,0000,IIIII,IIIII,IIIII,0000,1,1
2665,depolarizing,0.05,0000,IIIII,IIIII,IIIII,0000,1,1
2666,depolarizing,0.05,0000,IIIII,IIIII,IIIII,0000,1,1
2667,depolarizing,0.05,0000,IIIII,IIIII,IIIII,0000,1,1
2668,depolarizing,0.05,0000,IIIII,IIIII,IIIII,0000,1,1
2669,depolarizing,0.05,0100,IIIIZ,YIIII,YIIIZ,1111,-1,0
2670,depolarizing,0.05,0000,IIIII,IIIII,IIIII,0000,1,1
2671,depolarizing,0.05,0000,IIIII,IIIII,IIIII,0000,1,1
2672,depolarizing,0.05,1010,ZIIII,XIIII,YIIII,1011,-1,0
2673,depolarizing,0.05,0110,IIIXI,IIIIY,IIIXY,0001,-1,0
2674,depolarizing,0.05,0000,IIIII,IIIII,IIIII,0000,1,1
2675,depolarizing,0.05,0000,IIIII,IIIII,IIIII,0000,1,1
2676,depolarizing,0.05,0000,IIIII,IIIII,IIIII,0000,1,1
2677,depolarizing,0.05,0000,IIIII,IIIII,IIIII,0000,1,1
2678,depolarizing,0.05,0000,IIIII,IIIII,IIIII,0000,1,1
2679,depolarizing,0.05,0000,IIIII,IIIII,IIIII,0000,1,1
2680,depolarizing,0.05,0000,IIIII,IIIII,IIIII,0000,1,1
2681,depolarizing,0.05,0000,IIIII,IIIII,IIIII,0000,1,1
2682,depolarizing,0.05,0000,IIIII,IIIII,IIIII,0000,1,1
2683,depolarizing,0.05,0101,IZIII,IZIII,IIIII,0000,1,1
2684,depolarizing,0.05,0000,IIIII,IIIII,IIIII,0000,1,1
2685,depolarizing,0.05,0000,IIIII,IIIII,IIIII,0000,1,1
2686,depolarizing,0.05,0000,IIIII,IIIII,IIIII,0000,1,1
2687,depolarizing,0.05,0101,IZIII,IZIII,IIIII,0000,1,1
2688,depolarizing,0.05,0000,IIIII,IIIII,IIIII,0000,1,1
2689,depolarizing,0.05,0000,IIIII,IIIII,IIIII,0000,1,1
2690,depolarizing,0.05,0101,IZIII,IZIII,IIIII,0000,1,1
2691,depolarizing,0.05,0010,IIZII,YIIII,YIZII,1001,-1,0
2692,depolarizing,0.05,0000,IIIII,IIIII,IIIII,0000,1,1
2693,depolarizing,0.05,0000,IIIII,IIIII,IIIII,0000,1,1
2694,depolarizing,0.05,0000,IIIII,IIIII,IIIII,0000,1,1
2695,depolarizing,0.05,0111,IIIIY,IXIII,IXIIY,1111,-1,0
2696,depolarizing,0.05,1110,IIYII,IZIII,IZYII,1011,-1,0
2697,depolarizing,0.05,0000,IIIII,IIIII,IIIII,0000,1,1
2698,depolarizing,0.05,0000,IIIII,IIIII,IIIII,0000,1,1
2699,depolarizing,0.05,0111,IIIIY,IXIII,IXIIY,1111,-1,0
2700,depolarizing,0.05,1000,XIIZI,IXIII,XXIZI,0000,-1,0
2701,depolarizing,0.05,0000,IIIII,IIIII,IIIII,0000,1,1
2702,depolarizing,0.05,0000,IIIII,IIIII,IIIII,0000,1,1
2703,depolarizing,0.05,0110,IIIXI,IIIIY,IIIXY,0001,-1,0
2704,depolarizing,0.05,0101,IZIII,IZIII,IIIII,0000,1,1
2705,depolarizing,0.05,0000,IIIII,IIIII,IIIII,0000,1,1
2706,depolarizing,0.05,0000,IIIII,IIIII,IIIII,0000,1,1
2707,depolarizing,0.05,0000,IIIII,IIIII,IIIII,0000,1,1
2708,depolarizing,0.05,0000,IIIII,IIIII,IIIII,0000,1,1
2709,depolarizing,0.05,0000,IIIII,IIIII,IIIII,0000,1,1
2710,depolarizing,0.05,0000,IIIII,IIIII,IIIII,0000,1,1
2711,depolarizing,0.05,0000,IIIII,IIIII,IIIII,0000,1,1
2712,depolarizing,0.05,0000,IIIII,IIIII,IIIII,0000,1,1
2713,depolarizing,0.05,0000,IIIII,IIIII,IIIII,0000,1,1
2714,depolarizing,0.05,1111,IIIYI,IIYII,IIYYI,0001,-1,0
2715,depolarizing,0.05,1101,IYIII,IIIIY,IYIIY,1010,-1,0
2716,depolarizing,0.05,0000,IIIII,IIIII,IIIII,0000,1,1
2717,depolarizing,0.05,0000,IIIII,IIIII,IIIII,0000,1,1
2718,depolarizing,0.05,0000,IIIII,IIIII,IIIII,0000,1,1
2719,depolarizing,0.05,0000,IIIII,IIIII,IIIII,0000,1,1
2720,depolarizing,0.05,0000,IIIII,IIIII,IIIII,0000,1,1
2721,depolarizing,0.05,0000,IIIII,IIIII,IIIII,0000,1,1
2722,depolarizing,0.05,0000,IIIII,IIIII,IIIII,0000,1,1
2723,depolarizing,0.05,0000,IIIII,IIIII,IIIII,0000,1,1
2724,depolarizing,0.05,0000,IIIII,IIIII,IIIII,0000,1,1
2725,depolarizing,0.05,1100,IIXII,IYIII,IYXII,0001,-1,0
2726,depolarizing,0.05,0000,IIIII,IIIII,IIIII,0000,1,1
2727,depolarizing,0.05,0000,IIIII,IIIII,IIIII,0000,1,1
2728,depolarizing,0.05,0000,IIIII,IIIII,IIIII,0000,1,1
2729,depolarizing,0.05,0000,IIIII,IIIII,IIIII,0000,1,1
2730,depolarizing,0.05,0000,IIIII,IIIII,IIIII,0000,1,1
2731,depolarizing,0.05,0000,IIIII,IIIII,IIIII,0000,1,1
2732,depolarizing,0.05,0000,IIIII,IIIII,IIIII,0000,1,1
2733,depolarizing,0.05,0000,IIIII,IIIII,IIIII,0000,1,1
2734,depolarizing,0.05,0000,IIIII,IIIII,IIIII,0000,1,1
2735,depolarizing,0.05,0000,IIIII,IIIII,IIIII,0000,1,1
2736,depolarizing,0.05,0000,IIIII,IIIII,IIIII,0000,1,1
2737,depolarizing,0.05,0000,IIIII,IIIII,IIIII,0000,1,1
2738,depolarizing,0.05,0000,IIIII,IIIII,IIIII,0000,1,1
2739,depolarizing,0.05,0000,IIIII,IIIII,IIIII,0000,1,1
2740,depolarizing,0.05,1001,IIIZI,IXIII,IXIZI,0001,-1,0
2741,depolarizing,0.05,0000,IIIII,IIIII,IIIII,0000,1,1
2742,depolarizing,0.05,0000,IIIII,IIIII,IIIII,0000,1,1
2743,depolarizing,0.05,0000,IIIII,IIIII,IIIII,0000,1,1
2744,depolarizing,0.05,0000,IIIII,IIIII,IIIII,0000,1,1
2745,depolarizing,0.05,1011,YIIII,YIIII,IIIII,0000,1,1
2746,depolarizing,0.05,0000,IIIII,IIIII,IIIII,0000,1,1
2747,depolarizing,0.05,0000,IIIII,IIIII,IIIII,0000,1,1
2748,depolarizing,0.05,0000,IIIII,IIIII,IIIII,0000,1,1
2749,depolarizing,0.05,0000,IIIII,IIIII,IIIII,0000,1,1
2750,depolarizing,0.05,0000,IIIII,IIIII,IIIII,0000,1,1
2751,depolarizing,0.05,0000,IIIII,IIIII,IIIII,0000,1,1
2752,depolarizing,0.05,0000,IIIII,IIIII,IIIII,0000,1,1
2753,depolarizing,0.05,0000,IIIII,IIIII,IIIII,0000,1,1
2754,depolarizing,0.05,1110,IIYII,IZIII,IZYII,1011,-1,0
2755,depolarizing,0.05,0000,IIIII,IIIII,IIIII,0000,1,1
2756,depolarizing,0.05,0000,IIIII,IIIII,IIIII,0000,1,1
2757,depolarizing,0.05,0100,IIIIZ,YIIII,YIIIZ,1111,-1,0
2758,depolarizing,0.05,1101,IYIII,IIIIY,IYIIY,1010,-1,0
2759,depolarizing,0.05,0000,IIIII,IIIII,IIIII,0000,1,1
2760,depolarizing,0.05,0000,IIIII,IIIII,IIIII,0000,1,1
2761,depolarizing,0.05,0000,IIIII,IIIII,IIIII,0000,1,1
2762,depolarizing,0.05,0011,IIIIX,IXIII,IXIIX,1011,-1,0
2763,depolarizing,0.05,0000,IIIII,IIIII,IIIII,0000,1,1
2764,depolarizing,0.05,1011,YIIII,YIIII,IIIII,0000,1,1
2765,depolarizing,0.05,1011,YIIII,YIIII,IIIII,0000,1,1
2766,depolarizing,0.05,0001,XIIII,XIIII,IIIII,0000,1,1
2767,depolarizing,0.05,0000,IIIII,IIIII,IIIII,0000,1,1
2768,depolarizing,0.05,1101,IYIII,IIIIY,IYIIY,1010,-1,0
2769,depolarizing,0.05,0000,IIIII,IIIII,IIIII,0000,1,1
2770,depolarizing,0.05,0000,IIIII,IIIII,IIIII,0000,1,1
2771,depolarizing,0.05,0000,IIIII,IIIII,IIIII,0000,1,1
2772,depolarizing,0.05,0011,IIIIX,IXIII,IXIIX,1011,-1,0
2773,depolarizing,0.05,0000,IIIII,IIIII,IIIII,0000,1,1
2774,depolarizing,0.05,0010,IIZII,YIIII,YIZII,1001,-1,0
2775,depolarizing,0.05,0000,IIIII,IIIII,IIIII,0000,1,1
2776,depolarizing,0.05,1111,IIIYI,IIYII,IIYYI,0001,-1,0
2777,depolarizing,0.05,0000,IIIII,IIIII,IIIII,0000,1,1
2778,depolarizing,0.05,0000,IIIII,IIIII,IIIII,0000,1,1
2779,depolarizing,0.05,0000,IIIII,IIIII,IIIII,0000,1,1
2780,depolarizing,0.05,0000,IIIII,IIIII,IIIII,0000,1,1
2781,depolarizing,0.05,0111,YIXII,IXIII,YXXII,1111,-1,0
2782,depolarizing,0.05,0000,IIIII,IIIII,IIIII,0000,1,1
2783,depolarizing,0.05,0000,IIIII,IIIII,IIIII,0000,1,1
2784,depolarizing,0.05,0110,IIIXI,IIIIY,IIIXY,0001,-1,0
2785,depolarizing,0.05,0000,IIIII,IIIII,IIIII,0000,1,1
2786,depolarizing,0.05,1001,IIIZI,IXIII,IXIZI,0001,-1,0
2787,depolarizing,0.05,1001,IIIZI,IXIII,IXIZI,0001,-1,0
2788,depolarizing,0.05,1001,IIIZI,IXIII,IXIZI,0001,-1,0
2789,depolarizing,0.05,0000,IIIII,IIIII,IIIII,0000,1,1
2790,depolarizing,0.05,1001,IIIZI,IXIII,IXIZI,0001,-1,0
2791,depolarizing,0.05,0000,IIIII,IIIII,IIIII,0000,1,1
2792,depolarizing,0.05,0000,IIIII,IIIII,IIIII,0000,1,1
2793,depolarizing,0.05,0000,IIIII,IIIII,IIIII,0000,1,1
2794,depolarizing,0.05,0010,IIZII,YIIII,YIZII,1001,-1,0
2795,depolarizing,0.05,1101,IYIII,IIIIY,IYIIY,1010,-1,0
2796,depolarizing,0.05,0000,IIIII,IIIII,IIIII,0000,1,1
2797,depolarizing,0.05,0000,IIIII,IIIII,IIIII,0000,1,1
2798,depolarizing,0.05,0000,IIIII,IIIII,IIIII,0000,1,1
2799,depolarizing,0.05,0011,IIIIX,IXIII,IXIIX,1011,-1,0
2800,depolarizing,0.05,0000,IIIII,IIIII,IIIII,0000,1,1
2801,depolarizing,0.05,1001,IIYIY,IXIII,IXYIY,0001,-1,0
2802,depolarizing,0.05,0000,IIIII,IIIII,IIIII,0000,1,1
2803,depolarizing,0.05,0000,IIIII,IIIII,IIIII,0000,1,1
2804,depolarizing,0.05,0000,IIIII,IIIII,IIIII,0000,1,1
2805,depolarizing,0.05,1111,IIIYI,IIYII,IIYYI,0001,-1,0
2806,depolarizing,0.05,1000,IXIII,IXIII,IIIII,0000,1,1
2807,depolarizing,0.05,0000,IIIII,IIIII,IIIII,0000,1,1
2808,depolarizing,0.05,0000,IIIII,IIIII,IIIII,0000,1,1
2809,depolarizing,0.05,0000,IIIII,IIIII,IIIII,0000,1,1
2810,depolarizing,0.05,0000,IIIII,IIIII,IIIII,0000,1,1
2811,depolarizing,0.05,0000,IIIII,IIIII,IIIII,0000,1,1
2812,depolarizing,0.05,1111,IIIYI,IIYII,IIYYI,0001,-1,0
2813,depolarizing,0.05,0000,IIIII,IIIII,IIIII,0000,1,1
2814,depolarizing,0.05,0000,IIIII,IIIII,IIIII,0000,1,1
2815,depolarizing,0.05,0000,IIIII,IIIII,IIIII,0000,1,1
2816,depolarizing,0.05,0000,IIIII,IIIII,IIIII,0000,1,1
2817,depolarizing,0.05,0000,IIIII,IIIII,IIIII,0000,1,1
2818,depolarizing,0.05,0000,IIIII,IIIII,IIIII,0000,1,1
2819,depolarizing,0.05,0000,IIIII,IIIII,IIIII,0000,1,1
2820,depolarizing,0.05,0000,IIIII,IIIII,IIIII,0000,1,1
2821,depolarizing,0.05,0000,IIIII,IIIII,IIIII,0000,1,1
2822,depolarizing,0.05,0000,IIIII,IIIII,IIIII,0000,1,1
2823,depolarizing,0.05,0000,IIIII,IIIII,IIIII,0000,1,1
2824,depolarizing,0.05,0000,IIIII,IIIII,IIIII,0000,1,1
2825,depolarizing,0.05,0000,IIIII,IIIII,IIIII,0000,1,1
2826,depolarizing,0.05,0000,IIIII,IIIII,IIIII,0000,1,1
2827,depolarizing,0.05,1000,IXIII,IXIII,IIIII,0000,1,1
2828,depolarizing,0.05,1000,IIIYY,IXIII,IXIYY,0000,-1,0
2829,depolarizing,0.05,0000,IIIII,IIIII,IIIII,0000,1,1
2830,depolarizing,0.05,0000,IIIII,IIIII,IIIII,0000,1,1
2831,depolarizing,0.05,0000,IIIII,IIIII,IIIII,0000,1,1
2832,depolarizing,0.05,1000,IXIII,IXIII,IIIII,0000,1,1
2833,depolarizing,0.05,0000,IIIII,IIIII,IIIII,0000,1,1
2834,depolarizing,0.05,0000,IIIII,IIIII,IIIII,0000,1,1
2835,depolarizing,0.05,0011,IIIIX,IXIII,IXIIX,1011,-1,0
2836,depolarizing,0.05,0000,IIIII,IIIII,IIIII,0000,1,1
2837,depolarizing,0.05,0000,IIIII,IIIII,IIIII,0000,1,1
2838,depolarizing,0.05,0000,IIIII,IIIII,IIIII,0000,1,1
2839,depolarizing,0.05,0000,IIIII,IIIII,IIIII,0000,1,1
2840,depolarizing,0.05,0000,IIIII,IIIII,IIIII,0000,1,1
2841,depolarizing,0.05,0000,IIIII,IIIII,IIIII,0000,1,1
2842,depolarizing,0.05,0000,IIIII,IIIII,IIIII,0000,1,1
2843,depolarizing,0.05,0000,IIIII,IIIII,IIIII,0000,1,1
2844,depolarizing,0.05,0000,IIIII,IIIII,IIIII,0000,1,1
2845,depolarizing,0.05,0000,IIIII,IIIII,IIIII,0000,1,1
2846,depolarizing,0.05,0000,IIIII,IIIII,IIIII,0000,1,1
2847,depolarizing,0.05,0000,IIIII,IIIII,IIIII,0000,1,1
2848,depolarizing,0.05,0000,IIIII,IIIII,IIIII,0000,1,1
2849,depolarizing,0.05,0000,IIIII,IIIII,IIIII,0000,1,1
2850,depolarizing,0.05,0000,IIIII,IIIII,IIIII,0000,1,1
2851,depolarizing,0.05,0000,IIIII,IIIII,IIIII,0000,1,1
2852,depolarizing,0.05,0000,IIIII,IIIII,IIIII,0000,1,1
2853,depolarizing,0.05,0000,IIIII,IIIII,IIIII,0000,1,1
2854,depolarizing,0.05,1111,IIIYI,IIYII,IIYYI,0001,-1,0
2855,depolarizing,0.05,0110,IIZIZ,IIIIY,IIZIX,0001,-1,0
2856,depolarizing,0.05,0000,IIIII,IIIII,IIIII,0000,1,1
2857,depolarizing,0.05,0000,IIIII,IIIII,IIIII,0000,1,1
2858,depolarizing,0.05,0000,IIIII,IIIII,IIIII,0000,1,1
2859,depolarizing,0.05,0000,IIIII,IIIII,IIIII,0000,1,1
2860,depolarizing,0.05,0000,IIIII,IIIII,IIIII,0000,1,1
2861,depolarizing,0.05,0000,IIIII,IIIII,IIIII,0000,1,1
2862,depolarizing,0.05,0000,IIIII,IIIII,IIIII,0000,1,1
2863,depolarizing,0.05,0000,IIIII,IIIII,IIIII,0000,1,1
2864,depolarizing,0.05,0000,IIIII,IIIII,IIIII,0000,1,1
2865,depolarizing,0.05,0000,IIIII,IIIII,IIIII,0000,1,1
2866,depolarizing,0.05,0000,IIIII,IIIII,IIIII,0000,1,1
2867,depolarizing,0.05,1100,IIXII,IYIII,IYXII,0001,-1,0
2868,depolarizing,0.05,1100,IIXII,IYIII,IYXII,0001,-1,0
2869,depolarizing,0.05,0100,IIIIZ,YIIII,YIIIZ,1111,-1,0
2870,depolarizing,0.05,0000,IIIII,IIIII,IIIII,0000,1,1
2871,depolarizing,0.05,0000,IIIII,IIIII,IIIII,0000,1,1
2872,depolarizing,0.05,0111,IIIIY,IXIII,IXIIY,1111,-1,0
2873,depolarizing,0.05,1010,ZIIII,XIIII,YIIII,1011,-1,0
2874,depolarizing,0.05,0000,IIIII,IIIII,IIIII,0000,1,1
2875,depolarizing,0.05,0000,IIIII,IIIII,IIIII,0000,1,1
2876,depolarizing,0.05,1010,ZIIII,XIIII,YIIII,1011,-1,0
2877,depolarizing,0.05,0000,IIIII,IIIII,IIIII,0000,1,1
2878,depolarizing,0.05,0000,IIIII,IIIII,IIIII,0000,1,1
2879,depolarizing,0.05,0011,IIIIX,IXIII,IXIIX,1011,-1,0
2880,depolarizing,0.05,0000,IIIII,IIIII,IIIII,0000,1,1
2881,depolarizing,0.05,1011,YIIII,YIIII,IIIII,0000,1,1
2882,depolarizing,0.05,0000,IIIII,IIIII,IIIII,0000,1,1
2883,depolarizing,0.05,0000,IIIII,IIIII,IIIII,0000,1,1
2884,depolarizing,0.05,0000,IIIII,IIIII,IIIII,0000,1,1
2885,depolarizing,0.05,0110,IIIXI,IIIIY,IIIXY,0001,-1,0
2886,depolarizing,0.05,0000,IIIII,IIIII,IIIII,0000,1,1
2887,depolarizing,0.05,0000,IIIII,IIIII,IIIII,0000,1,1
2888,depolarizing,0.05,0000,IIIII,IIIII,IIIII,0000,1,1
2889,depolarizing,0.05,0000,IIIII,IIIII,IIIII,0000,1,1
2890,depolarizing,0.05,0000,IIIII,IIIII,IIIII,0000,1,1
2891,depolarizing,0.05,1110,IIYII,IZIII,IZYII,1011,-1,0
2892,depolarizing,0.05,0000,IIIII,IIIII,IIIII,0000,1,1
2893,depolarizing,0.05,0000,IIIII,IIIII,IIIII,0000,1,1
2894,depolarizing,0.05,0000,IIIII,IIIII,IIIII,0000,1,1
2895,depolarizing,0.05,0100,IIIIZ,YIIII,YIIIZ,1111,-1,0
2896,depolarizing,0.05,1101,IYIII,IIIIY,IYIIY,1010,-1,0
2897,depolarizing,0.05,0000,IIIII,IIIII,IIIII,0000,1,1
2898,depolarizing,0.05,0000,IIIII,IIIII,IIIII,0000,1,1
2899,depolarizing,0.05,0000,IIIII,IIIII,IIIII,0000,1,1
2900,depolarizing,0.05,0010,IIZII,YIIII,YIZII,1001,-1,0
2901,depolarizing,0.05,0000,IIIII,IIIII,IIIII,0000,1,1
2902,depolarizing,0.05,0000,IIIII,IIIII,IIIII,0000,1,1
2903,depolarizing,0.05,0000,IIIII,IIIII,IIIII,0000,1,1
2904,depolarizing,0.05,0000,IIIII,IIIII,IIIII,0000,1,1
2905,depolarizing,0.05,0000,IIIII,IIIII,IIIII,0000,1,1
2906,depolarizing,0.05,0000,IIIII,IIIII,IIIII,0000,1,1
2907,depolarizing,0.05,0111,IIIIY,IXIII,IXIIY,1111,-1,0
2908,depolarizing,0.05,0000,IIIII,IIIII,IIIII,0000,1,1
2909,depolarizing,0.05,0111,IIIIY,IXIII,IXIIY,1111,-1,0
2910,depolarizing,0.05,0000,IIIII,IIIII,IIIII,0000,1,1
2911,depolarizing,0.05,0000,IIIII,IIIII,IIIII,0000,1,1
2912,depolarizing,0.05,1011,YIIII,YIIII,IIIII,0000,1,1
2913,depolarizing,0.05,0000,IIIII,IIIII,IIIII,0000,1,1
2914,depolarizing,0.05,1100,IIXII,IYIII,IYXII,0001,-1,0
2915,depolarizing,0.05,0000,IIIII,IIIII,IIIII,0000,1,1
2916,depolarizing,0.05,0000,IIIII,IIIII,IIIII,0000,1,1
2917,depolarizing,0.05,0000,IIIII,IIIII,IIIII,0000,1,1
2918,depolarizing,0.05,0011,IIIIX,IXIII,IXIIX,1011,-1,0
2919,depolarizing,0.05,0000,IIIII,IIIII,IIIII,0000,1,1
2920,depolarizing,0.05,0000,IIIII,IIIII,IIIII,0000,1,1
2921,depolarizing,0.05,0000,IIIII,IIIII,IIIII,0000,1,1
2922,depolarizing,0.05,0001,XIIII,XIIII,IIIII,0000,1,1
2923,depolarizing,0.05,0000,IIIII,IIIII,IIIII,0000,1,1
2924,depolarizing,0.05,0000,IIIII,IIIII,IIIII,0000,1,1
2925,depolarizing,0.05,0000,IIIII,IIIII,IIIII,0000,1,1
2926,depolarizing,0.05,0000,IIIII,IIIII,IIIII,0000,1,1
2927,depolarizing,0.05,1110,IIYII,IZIII,IZYII,1011,-1,0
2928,depolarizing,0.05,0000,IIIII,IIIII,IIIII,0000,1,1
2929,depolarizing,0.05,0000,IIIII,IIIII,IIIII,0000,1,1
2930,depolarizing,0.05,0000,IIIII,IIIII,IIIII,0000,1,1
2931,depolarizing,0.05,0000,IIIII,IIIII,IIIII,0000,1,1
2932,depolarizing,0.05,0000,IIIII,IIIII,IIIII,0000,1,1
2933,depolarizing,0.05,1000,IXIII,IXIII,IIIII,0000,1,1
2934,depolarizing,0.05,0000,IIIII,IIIII,IIIII,0000,1,1
2935,depolarizing,0.05,0000,IIIII,IIIII,IIIII,0000,1,1
2936,depolarizing,0.05,1110,IIYII,IZIII,IZYII,1011,-1,0
2937,depolarizing,0.05,0000,IIIII,IIIII,IIIII,0000,1,1
2938,depolarizing,0.05,0000,IIIII,IIIII,IIIII,0000,1,1
2939,depolarizing,0.05,0000,IIIII,IIIII,IIIII,0000,1,1
2940,depolarizing,0.05,0000,IIIII,IIIII,IIIII,0000,1,1
2941,depolarizing,0.05,0000,IIIII,IIIII,IIIII,0000,1,1
2942,depolarizing,0.05,0000,IIIII,IIIII,IIIII,0000,1,1
2943,depolarizing,0.05,0000,IIIII,IIIII,IIIII,0000,1,1
2944,depolarizing,0.05,0000,IIIII,IIIII,IIIII,0000,1,1
2945,depolarizing,0.05,0000,IIIII,IIIII,IIIII,0000,1,1
2946,depolarizing,0.05,0000,IIIII,IIIII,IIIII,0000,1,1
2947,depolarizing,0.05,0000,IIIII,IIIII,IIIII,0000,1,1
2948,depolarizing,0.05,1011,YIIII,YIIII,IIIII,0000,1,1
2949,depolarizing,0.05,1010,IIIZX,XIIII,XIIZX,1011,-1,0
2950,depolarizing,0.05,0000,IIIII,IIIII,IIIII,0000,1,1
2951,depolarizing,0.05,0000,IIIII,IIIII,IIIII,0000,1,1
2952,depolarizing,0.05,0000,IIIII,IIIII,IIIII,0000,1,1
2953,depolarizing,0.05,0000,IIIII,IIIII,IIIII,0000,1,1
2954,depolarizing,0.05,1100,IIXII,IYIII,IYXII,0001,-1,0
2955,depolarizing,0.05,0000,IIIII,IIIII,IIIII,0000,1,1
2956,depolarizing,0.05,0000,IIIII,IIIII,IIIII,0000,1,1
2957,depolarizing,0.05,0110,IIIXI,IIIIY,IIIXY,0001,-1,0
2958,depolarizing,0.05,0000,IIIII,IIIII,IIIII,0000,1,1
2959,depolarizing,0.05,0001,XIIII,XIIII,IIIII,0000,1,1
2960,depolarizing,0.05,0101,IZIII,IZIII,IIIII,0000,1,1
2961,depolarizing,0.05,0000,IIIII,IIIII,IIIII,0000,1,1
2962,depolarizing,0.05,0000,IIIII,IIIII,IIIII,0000,1,1
2963,depolarizing,0.05,0000,IIIII,IIIII,IIIII,0000,1,1
2964,depolarizing,0.05,0000,IIIII,IIIII,IIIII,0000,1,1
2965,depolarizing,0.05,0000,IIIII,IIIII,IIIII,0000,1,1
2966,depolarizing,0.05,0000,IIIII,IIIII,IIIII,0000,1,1
2967,depolarizing,0.05,0000,IIIII,IIIII,IIIII,0000,1,1
2968,depolarizing,0.05,0000,IIIII,IIIII,IIIII,0000,1,1
2969,depolarizing,0.05,0000,IIIII,IIIII,IIIII,0000,1,1
2970,depolarizing,0.05,0000,IIIII,IIIII,IIIII,0000,1,1
2971,depolarizing,0.05,0111,IIIIY,IXIII,IXIIY,1111,-1,0
2972,depolarizing,0.05,0111,IIIIY,IXIII,IXIIY,1111,-1,0
2973,depolarizing,0.05,1101,IYIII,IIIIY,IYIIY,1010,-1,0
2974,depolarizing,0.05,0000,IIIII,IIIII,IIIII,0000,1,1
2975,depolarizing,0.05,0101,IZIII,IZIII,IIIII,0000,1,1
2976,depolarizing,0.05,0000,IIIII,IIIII,IIIII,0000,1,1
2977,depolarizing,0.05,0000,IIIII,IIIII,IIIII,0000,1,1
2978,depolarizing,0.05,0000,IIIII,IIIII,IIIII,0000,1,1
2979,depolarizing,0.05,0101,IIXZI,IZIII,IZXZI,0000,-1,0
2980,depolarizing,0.05,0000,IIIII,IIIII,IIIII,0000,1,1
2981,depolarizing,0.05,0000,IIIII,IIIII,IIIII,0000,1,1
2982,depolarizing,0.05,0000,IIIII,IIIII,IIIII,0000,1,1
2983,depolarizing,0.05,0000,IIIII,IIIII,IIIII,0000,1,1
2984,depolarizing,0.05,1011,YIIII,YIIII,IIIII,0000,1,1
2985,depolarizing,0.05,0000,IIIII,IIIII,IIIII,0000,1,1
2986,depolarizing,0.05,0000,IIIII,IIIII,IIIII,0000,1,1
2987,depolarizing,0.05,0000,IIIII,IIIII,IIIII,0000,1,1
2988,depolarizing,0.05,0000,IIIII,IIIII,IIIII,0000,1,1
2989,depolarizing,0.05,0000,IIIII,IIIII,IIIII,0000,1,1
2990,depolarizing,0.05,0000,IIIII,IIIII,IIIII,0000,1,1
2991,depolarizing,0.05,1001,IIIZI,IXIII,IXIZI,0001,-1,0
2992,depolarizing,0.05,0010,IIZII,YIIII,YIZII,1001,-1,0
2993,depolarizing,0.05,1101,IYIII,IIIIY,IYIIY,1010,-1,0
2994,depolarizing,0.05,0000,IIIII,IIIII,IIIII,0000,1,1
2995,depolarizing,0.05,0000,IIIII,IIIII,IIIII,0000,1,1
2996,depolarizing,0.05,1110,IIYII,IZIII,IZYII,1011,-1,0
2997,depolarizing,0.05,0000,IIIII,IIIII,IIIII,0000,1,1
2998,depolarizing,0.05,1001,XXIII,IXIII,XIIII,0001,-1,0
2999,depolarizing,0.05,0111,IIIIY,IXIII,IXIIY,1111,-1,0
